Using pre-set license
Built from '6000.0/respin/6000.0.60f1-f02d6f9f9009' branch; Version is '6000.0.60f1 (61dfb374e36f) revision 6414259'; Using compiler version '193933523'; Build Type 'Release'
OS: 'Windows 11  (10.0.26100) 64bit Core' Language: 'zh' Physical Memory: 65196 MB
BatchMode: 1, IsHumanControllingUs: 0, StartBugReporterOnCrash: 0, Is64bit: 1
Date: 2025-12-31T22:57:50Z

COMMAND LINE ARGUMENTS:
D:\Unity\6000.0.60f1\Editor\Unity.exe
-adb2
-batchMode
-noUpm
-name
AssetImportWorker4
-projectPath
D:/github/Terminal
-logFile
Logs/AssetImportWorker4.log
-srvPort
52826
-job-worker-count
9
-background-job-worker-count
8
-gc-helper-count
1
-name
AssetImport
Successfully changed project path to: D:/github/Terminal
D:/github/Terminal
[UnityMemory] Configuration Parameters - Can be set up in boot.config
    "memorysetup-bucket-allocator-granularity=16"
    "memorysetup-bucket-allocator-bucket-count=8"
    "memorysetup-bucket-allocator-block-size=33554432"
    "memorysetup-bucket-allocator-block-count=8"
    "memorysetup-main-allocator-block-size=16777216"
    "memorysetup-thread-allocator-block-size=16777216"
    "memorysetup-gfx-main-allocator-block-size=16777216"
    "memorysetup-gfx-thread-allocator-block-size=16777216"
    "memorysetup-cache-allocator-block-size=4194304"
    "memorysetup-typetree-allocator-block-size=2097152"
    "memorysetup-profiler-bucket-allocator-granularity=16"
    "memorysetup-profiler-bucket-allocator-bucket-count=8"
    "memorysetup-profiler-bucket-allocator-block-size=33554432"
    "memorysetup-profiler-bucket-allocator-block-count=8"
    "memorysetup-profiler-allocator-block-size=16777216"
    "memorysetup-profiler-editor-allocator-block-size=1048576"
    "memorysetup-temp-allocator-size-main=16777216"
    "memorysetup-job-temp-allocator-block-size=2097152"
    "memorysetup-job-temp-allocator-block-size-background=1048576"
    "memorysetup-job-temp-allocator-reduction-small-platforms=262144"
    "memorysetup-allocator-temp-initial-block-size-main=262144"
    "memorysetup-allocator-temp-initial-block-size-worker=262144"
    "memorysetup-temp-allocator-size-background-worker=32768"
    "memorysetup-temp-allocator-size-job-worker=262144"
    "memorysetup-temp-allocator-size-preload-manager=33554432"
    "memorysetup-temp-allocator-size-nav-mesh-worker=65536"
    "memorysetup-temp-allocator-size-audio-worker=65536"
    "memorysetup-temp-allocator-size-cloud-worker=32768"
    "memorysetup-temp-allocator-size-gi-baking-worker=262144"
    "memorysetup-temp-allocator-size-gi-baking-worker=262144"
    "memorysetup-temp-allocator-size-gi-baking-worker=262144"
    "memorysetup-temp-allocator-size-gi-baking-worker=262144"
    "memorysetup-temp-allocator-size-gi-baking-worker=262144"
    "memorysetup-temp-allocator-size-gfx=262144"
Player connection [26980]  Target information:

Player connection [26980]  * "[IP] 192.168.1.161 [Port] 0 [Flags] 2 [Guid] 3689137194 [EditorId] 3689137194 [Version] 1048832 [Id] WindowsEditor(7,Hubble) [Debug] 1 [PackageName] WindowsEditor [ProjectName] Editor" 

Player connection [26980] Host joined multi-casting on [225.0.0.222:54997]...
Player connection [26980] Host joined alternative multi-casting on [225.0.0.222:34997]...
JobSystem: Creating JobQueue using job-worker-count value 9
Input System module state changed to: Initialized.
[Physics::Module] Initialized fallback backend.
[Physics::Module] Id: 0xdecafbad
Library Redirect Path: Library/
[Physics::Module] Selected backend.
[Physics::Module] Name: PhysX
[Physics::Module] Id: 0xf2b8ea05
[Physics::Module] SDK Version: 4.1.2
[Physics::Module] Integration Version: 1.0.0
[Physics::Module] Threading Mode: Multi-Threaded
Refreshing native plugins compatible for Editor in 2.06 ms, found 4 plugins.
Preloading 0 native plugins for Editor in 0.00 ms.
Initialize engine version: 6000.0.60f1 (61dfb374e36f)
[Subsystems] Discovering subsystems at path D:/Unity/6000.0.60f1/Editor/Data/Resources/UnitySubsystems
[Subsystems] Discovering subsystems at path D:/github/Terminal/Assets
GfxDevice: creating device client; kGfxThreadingModeNonThreaded
Direct3D:
    Version:  Direct3D 11.0 [level 11.1]
    Renderer: NVIDIA GeForce RTX 3080 Laptop GPU (ID=0x249c)
    Vendor:   NVIDIA
    VRAM:     8018 MB
    Driver:   32.0.15.6614
Initialize mono
Mono path[0] = 'D:/Unity/6000.0.60f1/Editor/Data/Managed'
Mono path[1] = 'D:/Unity/6000.0.60f1/Editor/Data/MonoBleedingEdge/lib/mono/unityjit-win32'
Mono config path = 'D:/Unity/6000.0.60f1/Editor/Data/MonoBleedingEdge/etc'
Using monoOptions --debugger-agent=transport=dt_socket,embedding=1,server=y,suspend=n,address=127.0.0.1:56068
Begin MonoManager ReloadAssembly
Registering precompiled unity dll's ...
Register platform support module: D:/Unity/6000.0.60f1/Editor/Data/PlaybackEngines/WindowsStandaloneSupport/UnityEditor.WindowsStandalone.Extensions.dll
Registered in 0.002377 seconds.
- Loaded All Assemblies, in  0.370 seconds
Native extension for WindowsStandalone target not found
Mono: successfully reloaded assembly
- Finished resetting the current domain, in  0.301 seconds
Domain Reload Profiling: 671ms
	BeginReloadAssembly (132ms)
		ExecutionOrderSort (0ms)
		DisableScriptedObjects (0ms)
		BackupInstance (0ms)
		ReleaseScriptingObjects (0ms)
		CreateAndSetChildDomain (1ms)
	RebuildCommonClasses (41ms)
	RebuildNativeTypeToScriptingClass (13ms)
	initialDomainReloadingComplete (44ms)
	LoadAllAssembliesAndSetupDomain (139ms)
		LoadAssemblies (131ms)
		RebuildTransferFunctionScriptingTraits (0ms)
		AnalyzeDomain (136ms)
			TypeCache.Refresh (134ms)
				TypeCache.ScanAssembly (121ms)
			BuildScriptInfoCaches (0ms)
			ResolveRequiredComponents (0ms)
	FinalizeReload (302ms)
		ReleaseScriptCaches (0ms)
		RebuildScriptCaches (0ms)
		SetupLoadedEditorAssemblies (259ms)
			LogAssemblyErrors (0ms)
			InitializePlatformSupportModulesInManaged (20ms)
			SetLoadedEditorAssemblies (4ms)
			BeforeProcessingInitializeOnLoad (53ms)
			ProcessInitializeOnLoadAttributes (138ms)
			ProcessInitializeOnLoadMethodAttributes (44ms)
			AfterProcessingInitializeOnLoad (0ms)
			EditorAssembliesLoaded (0ms)
		ExecutionOrderSort2 (0ms)
		AwakeInstancesAfterBackupRestoration (0ms)
========================================================================
Worker process is ready to serve import requests
Import Worker Mode flag is 0x00
Begin MonoManager ReloadAssembly
- Loaded All Assemblies, in  0.689 seconds
Refreshing native plugins compatible for Editor in 0.80 ms, found 4 plugins.
Native extension for WindowsStandalone target not found
Package Manager log level set to [2]
[Package Manager] Failed to launch server process. Reason: Unity was launched with the -noUpm command-line argument
[Package Manager] Unable to send message (not connected to server process).
[Package Manager] Cannot connect to Unity Package Manager local server
Mono: successfully reloaded assembly
- Finished resetting the current domain, in  0.703 seconds
Domain Reload Profiling: 1391ms
	BeginReloadAssembly (148ms)
		ExecutionOrderSort (0ms)
		DisableScriptedObjects (5ms)
		BackupInstance (0ms)
		ReleaseScriptingObjects (0ms)
		CreateAndSetChildDomain (24ms)
	RebuildCommonClasses (34ms)
	RebuildNativeTypeToScriptingClass (11ms)
	initialDomainReloadingComplete (31ms)
	LoadAllAssembliesAndSetupDomain (465ms)
		LoadAssemblies (287ms)
		RebuildTransferFunctionScriptingTraits (0ms)
		AnalyzeDomain (261ms)
			TypeCache.Refresh (190ms)
				TypeCache.ScanAssembly (175ms)
			BuildScriptInfoCaches (53ms)
			ResolveRequiredComponents (13ms)
	FinalizeReload (703ms)
		ReleaseScriptCaches (0ms)
		RebuildScriptCaches (0ms)
		SetupLoadedEditorAssemblies (579ms)
			LogAssemblyErrors (0ms)
			InitializePlatformSupportModulesInManaged (2ms)
			SetLoadedEditorAssemblies (4ms)
			BeforeProcessingInitializeOnLoad (108ms)
			ProcessInitializeOnLoadAttributes (367ms)
			ProcessInitializeOnLoadMethodAttributes (96ms)
			AfterProcessingInitializeOnLoad (2ms)
			EditorAssembliesLoaded (0ms)
		ExecutionOrderSort2 (0ms)
		AwakeInstancesAfterBackupRestoration (6ms)
Launched and connected shader compiler UnityShaderCompiler.exe after 0.01 seconds
Refreshing native plugins compatible for Editor in 0.98 ms, found 4 plugins.
Preloading 0 native plugins for Editor in 0.00 ms.
Unloading 31 Unused Serialized files (Serialized files now loaded: 0)
Unloading 6719 unused Assets / (6.5 MB). Loaded Objects now: 7404.
Memory consumption went from 151.5 MB to 145.0 MB.
Total: 8.083000 ms (FindLiveObjects: 0.544200 ms CreateObjectMapping: 0.520500 ms MarkObjects: 4.135300 ms  DeleteObjects: 2.881900 ms)

========================================================================
Received Prepare
Refreshing native plugins compatible for Editor in 1.48 ms, found 4 plugins.
Preloading 0 native plugins for Editor in 0.00 ms.
Unloading 30 Unused Serialized files (Serialized files now loaded: 0)
Unloading 6707 unused Assets / (6.9 MB). Loaded Objects now: 7405.
Memory consumption went from 149.0 MB to 142.1 MB.
Total: 11.703400 ms (FindLiveObjects: 0.833200 ms CreateObjectMapping: 0.752300 ms MarkObjects: 5.867200 ms  DeleteObjects: 4.249100 ms)

Prepare: number of updated asset objects reloaded= 0
========================================================================
Received Import Request.
  Time since last request: 29608.865592 seconds.
  path: Assets/Scripts/AchievementManager.cs
  artifactKey: Guid(afb02981516064647a16a1ad46da496b) Importer(2089858483,192608db42251d675da83286b1cce702)
Start importing Assets/Scripts/AchievementManager.cs using Guid(afb02981516064647a16a1ad46da496b) Importer(2089858483,192608db42251d675da83286b1cce702) (ScriptedImporter) -> (artifact id: 'bf0e47096db80c61f7d83223a2263133') in 0.1757858 seconds
Number of updated asset objects reloaded before import = 0Number of asset objects unloaded after import = 0

========================================================================
Received Prepare
Begin MonoManager ReloadAssembly
- Loaded All Assemblies, in  0.763 seconds
Refreshing native plugins compatible for Editor in 1.20 ms, found 4 plugins.
Native extension for WindowsStandalone target not found
[Package Manager] Failed to launch server process. Reason: Unity was launched with the -noUpm command-line argument
[Package Manager] Unable to send message (not connected to server process).
[Package Manager] Cannot connect to Unity Package Manager local server
Mono: successfully reloaded assembly
- Finished resetting the current domain, in  0.901 seconds
Domain Reload Profiling: 1668ms
	BeginReloadAssembly (241ms)
		ExecutionOrderSort (0ms)
		DisableScriptedObjects (14ms)
		BackupInstance (0ms)
		ReleaseScriptingObjects (0ms)
		CreateAndSetChildDomain (75ms)
	RebuildCommonClasses (39ms)
	RebuildNativeTypeToScriptingClass (15ms)
	initialDomainReloadingComplete (28ms)
	LoadAllAssembliesAndSetupDomain (444ms)
		LoadAssemblies (324ms)
		RebuildTransferFunctionScriptingTraits (0ms)
		AnalyzeDomain (217ms)
			TypeCache.Refresh (10ms)
				TypeCache.ScanAssembly (0ms)
			BuildScriptInfoCaches (188ms)
			ResolveRequiredComponents (13ms)
	FinalizeReload (901ms)
		ReleaseScriptCaches (0ms)
		RebuildScriptCaches (0ms)
		SetupLoadedEditorAssemblies (725ms)
			LogAssemblyErrors (0ms)
			InitializePlatformSupportModulesInManaged (3ms)
			SetLoadedEditorAssemblies (6ms)
			BeforeProcessingInitializeOnLoad (160ms)
			ProcessInitializeOnLoadAttributes (467ms)
			ProcessInitializeOnLoadMethodAttributes (85ms)
			AfterProcessingInitializeOnLoad (4ms)
			EditorAssembliesLoaded (0ms)
		ExecutionOrderSort2 (0ms)
		AwakeInstancesAfterBackupRestoration (17ms)
Refreshing native plugins compatible for Editor in 1.59 ms, found 4 plugins.
Preloading 0 native plugins for Editor in 0.00 ms.
Unloading 30 Unused Serialized files (Serialized files now loaded: 0)
Unloading 6718 unused Assets / (6.1 MB). Loaded Objects now: 7410.
Memory consumption went from 153.0 MB to 146.9 MB.
Total: 9.656200 ms (FindLiveObjects: 0.614600 ms CreateObjectMapping: 0.557300 ms MarkObjects: 4.995600 ms  DeleteObjects: 3.487100 ms)

Prepare: number of updated asset objects reloaded= 0
========================================================================
Received Import Request.
  Time since last request: 10.584634 seconds.
  path: Assets/Scripts/AchievementManager.cs
  artifactKey: Guid(afb02981516064647a16a1ad46da496b) Importer(815301076,1909f56bfc062723c751e8b465ee728b)
Start importing Assets/Scripts/AchievementManager.cs using Guid(afb02981516064647a16a1ad46da496b) Importer(815301076,1909f56bfc062723c751e8b465ee728b) (PreviewImporter) -> (artifact id: '4ea2f557e7fc668a6bb0861fbf6e3a51') in 0.0061004 seconds
Number of updated asset objects reloaded before import = 0Number of asset objects unloaded after import = 0

========================================================================
Received Prepare
Begin MonoManager ReloadAssembly
- Loaded All Assemblies, in  0.765 seconds
Refreshing native plugins compatible for Editor in 1.05 ms, found 4 plugins.
Native extension for WindowsStandalone target not found
[Package Manager] Failed to launch server process. Reason: Unity was launched with the -noUpm command-line argument
[Package Manager] Unable to send message (not connected to server process).
[Package Manager] Cannot connect to Unity Package Manager local server
Mono: successfully reloaded assembly
- Finished resetting the current domain, in  0.893 seconds
Domain Reload Profiling: 1661ms
	BeginReloadAssembly (224ms)
		ExecutionOrderSort (0ms)
		DisableScriptedObjects (15ms)
		BackupInstance (0ms)
		ReleaseScriptingObjects (0ms)
		CreateAndSetChildDomain (49ms)
	RebuildCommonClasses (40ms)
	RebuildNativeTypeToScriptingClass (14ms)
	initialDomainReloadingComplete (28ms)
	LoadAllAssembliesAndSetupDomain (462ms)
		LoadAssemblies (347ms)
		RebuildTransferFunctionScriptingTraits (0ms)
		AnalyzeDomain (220ms)
			TypeCache.Refresh (10ms)
				TypeCache.ScanAssembly (0ms)
			BuildScriptInfoCaches (193ms)
			ResolveRequiredComponents (11ms)
	FinalizeReload (893ms)
		ReleaseScriptCaches (0ms)
		RebuildScriptCaches (0ms)
		SetupLoadedEditorAssemblies (719ms)
			LogAssemblyErrors (0ms)
			InitializePlatformSupportModulesInManaged (3ms)
			SetLoadedEditorAssemblies (6ms)
			BeforeProcessingInitializeOnLoad (159ms)
			ProcessInitializeOnLoadAttributes (476ms)
			ProcessInitializeOnLoadMethodAttributes (73ms)
			AfterProcessingInitializeOnLoad (2ms)
			EditorAssembliesLoaded (0ms)
		ExecutionOrderSort2 (0ms)
		AwakeInstancesAfterBackupRestoration (16ms)
Refreshing native plugins compatible for Editor in 1.56 ms, found 4 plugins.
Preloading 0 native plugins for Editor in 0.00 ms.
Unloading 30 Unused Serialized files (Serialized files now loaded: 0)
Unloading 6718 unused Assets / (6.0 MB). Loaded Objects now: 7412.
Memory consumption went from 153.2 MB to 147.2 MB.
Total: 12.121800 ms (FindLiveObjects: 1.051000 ms CreateObjectMapping: 1.162100 ms MarkObjects: 5.967300 ms  DeleteObjects: 3.939000 ms)

Prepare: number of updated asset objects reloaded= 0
========================================================================
Received Import Request.
  Time since last request: 53.928790 seconds.
  path: Assets/Scripts/AchievementManager.cs
  artifactKey: Guid(afb02981516064647a16a1ad46da496b) Importer(2089858483,192608db42251d675da83286b1cce702)
Start importing Assets/Scripts/AchievementManager.cs using Guid(afb02981516064647a16a1ad46da496b) Importer(2089858483,192608db42251d675da83286b1cce702) (ScriptedImporter) -> (artifact id: 'e3324855d438f74d194735a1a99c9310') in 0.1670769 seconds
Number of updated asset objects reloaded before import = 0Number of asset objects unloaded after import = 0

========================================================================
Received Prepare
Refreshing native plugins compatible for Editor in 1.18 ms, found 4 plugins.
Preloading 0 native plugins for Editor in 0.00 ms.
Unloading 30 Unused Serialized files (Serialized files now loaded: 0)
Unloading 6708 unused Assets / (6.7 MB). Loaded Objects now: 7413.
Memory consumption went from 153.4 MB to 146.7 MB.
Total: 9.179300 ms (FindLiveObjects: 0.611300 ms CreateObjectMapping: 0.529200 ms MarkObjects: 4.675800 ms  DeleteObjects: 3.362200 ms)

Prepare: number of updated asset objects reloaded= 0
========================================================================
Received Import Request.
  Time since last request: 6.285986 seconds.
  path: Assets/Scripts/AchievementCard.cs
  artifactKey: Guid(313a13c4be8ca0346835745303f44964) Importer(2089858483,192608db42251d675da83286b1cce702)
Start importing Assets/Scripts/AchievementCard.cs using Guid(313a13c4be8ca0346835745303f44964) Importer(2089858483,192608db42251d675da83286b1cce702) (ScriptedImporter) -> (artifact id: '82fe37320c47816935fbd10093cbadd7') in 0.0177888 seconds
Number of updated asset objects reloaded before import = 0Number of asset objects unloaded after import = 0

========================================================================
Received Prepare
Begin MonoManager ReloadAssembly
- Loaded All Assemblies, in  1.111 seconds
Refreshing native plugins compatible for Editor in 0.91 ms, found 4 plugins.
Native extension for WindowsStandalone target not found
[Package Manager] Failed to launch server process. Reason: Unity was launched with the -noUpm command-line argument
[Package Manager] Unable to send message (not connected to server process).
[Package Manager] Cannot connect to Unity Package Manager local server
Mono: successfully reloaded assembly
- Finished resetting the current domain, in  1.062 seconds
Domain Reload Profiling: 2176ms
	BeginReloadAssembly (336ms)
		ExecutionOrderSort (0ms)
		DisableScriptedObjects (19ms)
		BackupInstance (0ms)
		ReleaseScriptingObjects (0ms)
		CreateAndSetChildDomain (83ms)
	RebuildCommonClasses (52ms)
	RebuildNativeTypeToScriptingClass (20ms)
	initialDomainReloadingComplete (33ms)
	LoadAllAssembliesAndSetupDomain (672ms)
		LoadAssemblies (525ms)
		RebuildTransferFunctionScriptingTraits (0ms)
		AnalyzeDomain (316ms)
			TypeCache.Refresh (14ms)
				TypeCache.ScanAssembly (0ms)
			BuildScriptInfoCaches (276ms)
			ResolveRequiredComponents (18ms)
	FinalizeReload (1063ms)
		ReleaseScriptCaches (0ms)
		RebuildScriptCaches (0ms)
		SetupLoadedEditorAssemblies (878ms)
			LogAssemblyErrors (0ms)
			InitializePlatformSupportModulesInManaged (2ms)
			SetLoadedEditorAssemblies (5ms)
			BeforeProcessingInitializeOnLoad (171ms)
			ProcessInitializeOnLoadAttributes (535ms)
			ProcessInitializeOnLoadMethodAttributes (155ms)
			AfterProcessingInitializeOnLoad (9ms)
			EditorAssembliesLoaded (1ms)
		ExecutionOrderSort2 (0ms)
		AwakeInstancesAfterBackupRestoration (42ms)
Refreshing native plugins compatible for Editor in 1.21 ms, found 4 plugins.
Preloading 0 native plugins for Editor in 0.00 ms.
Unloading 30 Unused Serialized files (Serialized files now loaded: 0)
Unloading 6719 unused Assets / (6.1 MB). Loaded Objects now: 7415.
Memory consumption went from 153.2 MB to 147.1 MB.
Total: 10.775300 ms (FindLiveObjects: 0.614900 ms CreateObjectMapping: 1.179300 ms MarkObjects: 5.259000 ms  DeleteObjects: 3.719800 ms)

Prepare: number of updated asset objects reloaded= 0
========================================================================
Received Prepare
Begin MonoManager ReloadAssembly
- Loaded All Assemblies, in  1.253 seconds
Refreshing native plugins compatible for Editor in 2.74 ms, found 4 plugins.
Native extension for WindowsStandalone target not found
[Package Manager] Failed to launch server process. Reason: Unity was launched with the -noUpm command-line argument
[Package Manager] Unable to send message (not connected to server process).
[Package Manager] Cannot connect to Unity Package Manager local server
Mono: successfully reloaded assembly
- Finished resetting the current domain, in  1.249 seconds
Domain Reload Profiling: 2503ms
	BeginReloadAssembly (340ms)
		ExecutionOrderSort (0ms)
		DisableScriptedObjects (33ms)
		BackupInstance (0ms)
		ReleaseScriptingObjects (0ms)
		CreateAndSetChildDomain (63ms)
	RebuildCommonClasses (62ms)
	RebuildNativeTypeToScriptingClass (17ms)
	initialDomainReloadingComplete (55ms)
	LoadAllAssembliesAndSetupDomain (781ms)
		LoadAssemblies (629ms)
		RebuildTransferFunctionScriptingTraits (0ms)
		AnalyzeDomain (317ms)
			TypeCache.Refresh (17ms)
				TypeCache.ScanAssembly (1ms)
			BuildScriptInfoCaches (274ms)
			ResolveRequiredComponents (18ms)
	FinalizeReload (1249ms)
		ReleaseScriptCaches (0ms)
		RebuildScriptCaches (0ms)
		SetupLoadedEditorAssemblies (990ms)
			LogAssemblyErrors (0ms)
			InitializePlatformSupportModulesInManaged (4ms)
			SetLoadedEditorAssemblies (7ms)
			BeforeProcessingInitializeOnLoad (222ms)
			ProcessInitializeOnLoadAttributes (638ms)
			ProcessInitializeOnLoadMethodAttributes (115ms)
			AfterProcessingInitializeOnLoad (4ms)
			EditorAssembliesLoaded (1ms)
		ExecutionOrderSort2 (0ms)
		AwakeInstancesAfterBackupRestoration (25ms)
Refreshing native plugins compatible for Editor in 2.63 ms, found 4 plugins.
Preloading 0 native plugins for Editor in 0.00 ms.
Unloading 30 Unused Serialized files (Serialized files now loaded: 0)
Unloading 6719 unused Assets / (6.7 MB). Loaded Objects now: 7417.
Memory consumption went from 153.3 MB to 146.6 MB.
Total: 12.607000 ms (FindLiveObjects: 0.911300 ms CreateObjectMapping: 0.572400 ms MarkObjects: 7.348700 ms  DeleteObjects: 3.773100 ms)

Prepare: number of updated asset objects reloaded= 0
========================================================================
Received Import Request.
  Time since last request: 12.482203 seconds.
  path: Assets/Scripts/AchievementCard.cs
  artifactKey: Guid(313a13c4be8ca0346835745303f44964) Importer(815301076,1909f56bfc062723c751e8b465ee728b)
Start importing Assets/Scripts/AchievementCard.cs using Guid(313a13c4be8ca0346835745303f44964) Importer(815301076,1909f56bfc062723c751e8b465ee728b) (PreviewImporter) -> (artifact id: 'ebb1e82ef81f5beba8c88ca868bc6289') in 0.0129153 seconds
Number of updated asset objects reloaded before import = 0Number of asset objects unloaded after import = 0

========================================================================
Received Import Request.
  Time since last request: 28.317026 seconds.
  path: Assets/Scripts/AchievementCard.cs
  artifactKey: Guid(313a13c4be8ca0346835745303f44964) Importer(2089858483,192608db42251d675da83286b1cce702)
Start importing Assets/Scripts/AchievementCard.cs using Guid(313a13c4be8ca0346835745303f44964) Importer(2089858483,192608db42251d675da83286b1cce702) (ScriptedImporter) -> (artifact id: 'df16305ebb88a81cf3402de270c8bab3') in 0.153513 seconds
Number of updated asset objects reloaded before import = 0Number of asset objects unloaded after import = 0

========================================================================
Received Prepare
Refreshing native plugins compatible for Editor in 1.11 ms, found 4 plugins.
Preloading 0 native plugins for Editor in 0.00 ms.
Unloading 30 Unused Serialized files (Serialized files now loaded: 0)
Unloading 6709 unused Assets / (6.4 MB). Loaded Objects now: 7418.
Memory consumption went from 153.4 MB to 147.1 MB.
Total: 8.562400 ms (FindLiveObjects: 0.541100 ms CreateObjectMapping: 0.481400 ms MarkObjects: 4.662200 ms  DeleteObjects: 2.876700 ms)

Prepare: number of updated asset objects reloaded= 0
========================================================================
Received Import Request.
  Time since last request: 11.112808 seconds.
  path: Assets/Scripts/AchievingPanel.cs
  artifactKey: Guid(a08401afdd33a5f4cb26167e88b3e0d3) Importer(2089858483,192608db42251d675da83286b1cce702)
Start importing Assets/Scripts/AchievingPanel.cs using Guid(a08401afdd33a5f4cb26167e88b3e0d3) Importer(2089858483,192608db42251d675da83286b1cce702) (ScriptedImporter) -> (artifact id: '8c82043fbc9807222db02b9193ec7416') in 0.0232158 seconds
Number of updated asset objects reloaded before import = 0Number of asset objects unloaded after import = 0

========================================================================
Received Prepare
Begin MonoManager ReloadAssembly
- Loaded All Assemblies, in  1.031 seconds
Refreshing native plugins compatible for Editor in 0.87 ms, found 4 plugins.
Native extension for WindowsStandalone target not found
[Package Manager] Failed to launch server process. Reason: Unity was launched with the -noUpm command-line argument
[Package Manager] Unable to send message (not connected to server process).
[Package Manager] Cannot connect to Unity Package Manager local server
Mono: successfully reloaded assembly
- Finished resetting the current domain, in  1.117 seconds
Domain Reload Profiling: 2150ms
	BeginReloadAssembly (347ms)
		ExecutionOrderSort (0ms)
		DisableScriptedObjects (22ms)
		BackupInstance (0ms)
		ReleaseScriptingObjects (0ms)
		CreateAndSetChildDomain (74ms)
	RebuildCommonClasses (58ms)
	RebuildNativeTypeToScriptingClass (20ms)
	initialDomainReloadingComplete (43ms)
	LoadAllAssembliesAndSetupDomain (566ms)
		LoadAssemblies (515ms)
		RebuildTransferFunctionScriptingTraits (0ms)
		AnalyzeDomain (228ms)
			TypeCache.Refresh (11ms)
				TypeCache.ScanAssembly (1ms)
			BuildScriptInfoCaches (199ms)
			ResolveRequiredComponents (13ms)
	FinalizeReload (1117ms)
		ReleaseScriptCaches (0ms)
		RebuildScriptCaches (0ms)
		SetupLoadedEditorAssemblies (900ms)
			LogAssemblyErrors (0ms)
			InitializePlatformSupportModulesInManaged (4ms)
			SetLoadedEditorAssemblies (8ms)
			BeforeProcessingInitializeOnLoad (236ms)
			ProcessInitializeOnLoadAttributes (590ms)
			ProcessInitializeOnLoadMethodAttributes (59ms)
			AfterProcessingInitializeOnLoad (2ms)
			EditorAssembliesLoaded (0ms)
		ExecutionOrderSort2 (0ms)
		AwakeInstancesAfterBackupRestoration (13ms)
Refreshing native plugins compatible for Editor in 1.20 ms, found 4 plugins.
Preloading 0 native plugins for Editor in 0.00 ms.
Unloading 30 Unused Serialized files (Serialized files now loaded: 0)
Unloading 6720 unused Assets / (6.6 MB). Loaded Objects now: 7420.
Memory consumption went from 153.2 MB to 146.6 MB.
Total: 9.863500 ms (FindLiveObjects: 0.606900 ms CreateObjectMapping: 0.558600 ms MarkObjects: 5.060800 ms  DeleteObjects: 3.635800 ms)

Prepare: number of updated asset objects reloaded= 0
========================================================================
Received Import Request.
  Time since last request: 8.243923 seconds.
  path: Assets/Scripts/AchievingPanel.cs
  artifactKey: Guid(a08401afdd33a5f4cb26167e88b3e0d3) Importer(815301076,1909f56bfc062723c751e8b465ee728b)
Start importing Assets/Scripts/AchievingPanel.cs using Guid(a08401afdd33a5f4cb26167e88b3e0d3) Importer(815301076,1909f56bfc062723c751e8b465ee728b) (PreviewImporter) -> (artifact id: '4ea156f8d09fd68b94b051878ec2008c') in 0.0046742 seconds
Number of updated asset objects reloaded before import = 0Number of asset objects unloaded after import = 0

========================================================================
Received Prepare
Begin MonoManager ReloadAssembly
- Loaded All Assemblies, in  0.659 seconds
Refreshing native plugins compatible for Editor in 0.88 ms, found 4 plugins.
Native extension for WindowsStandalone target not found
[Package Manager] Failed to launch server process. Reason: Unity was launched with the -noUpm command-line argument
[Package Manager] Unable to send message (not connected to server process).
[Package Manager] Cannot connect to Unity Package Manager local server
Mono: successfully reloaded assembly
- Finished resetting the current domain, in  0.704 seconds
Domain Reload Profiling: 1367ms
	BeginReloadAssembly (195ms)
		ExecutionOrderSort (0ms)
		DisableScriptedObjects (13ms)
		BackupInstance (0ms)
		ReleaseScriptingObjects (0ms)
		CreateAndSetChildDomain (45ms)
	RebuildCommonClasses (34ms)
	RebuildNativeTypeToScriptingClass (13ms)
	initialDomainReloadingComplete (24ms)
	LoadAllAssembliesAndSetupDomain (396ms)
		LoadAssemblies (298ms)
		RebuildTransferFunctionScriptingTraits (0ms)
		AnalyzeDomain (187ms)
			TypeCache.Refresh (9ms)
				TypeCache.ScanAssembly (0ms)
			BuildScriptInfoCaches (163ms)
			ResolveRequiredComponents (10ms)
	FinalizeReload (704ms)
		ReleaseScriptCaches (0ms)
		RebuildScriptCaches (0ms)
		SetupLoadedEditorAssemblies (561ms)
			LogAssemblyErrors (0ms)
			InitializePlatformSupportModulesInManaged (2ms)
			SetLoadedEditorAssemblies (5ms)
			BeforeProcessingInitializeOnLoad (119ms)
			ProcessInitializeOnLoadAttributes (371ms)
			ProcessInitializeOnLoadMethodAttributes (60ms)
			AfterProcessingInitializeOnLoad (3ms)
			EditorAssembliesLoaded (0ms)
		ExecutionOrderSort2 (0ms)
		AwakeInstancesAfterBackupRestoration (15ms)
Refreshing native plugins compatible for Editor in 1.17 ms, found 4 plugins.
Preloading 0 native plugins for Editor in 0.00 ms.
Unloading 30 Unused Serialized files (Serialized files now loaded: 0)
Unloading 6720 unused Assets / (6.4 MB). Loaded Objects now: 7422.
Memory consumption went from 153.3 MB to 146.9 MB.
Total: 8.879900 ms (FindLiveObjects: 0.620800 ms CreateObjectMapping: 0.552700 ms MarkObjects: 4.566400 ms  DeleteObjects: 3.138300 ms)

Prepare: number of updated asset objects reloaded= 0
========================================================================
Received Import Request.
  Time since last request: 12.985903 seconds.
  path: Assets/Scripts/AchievingPanel.cs
  artifactKey: Guid(a08401afdd33a5f4cb26167e88b3e0d3) Importer(815301076,1909f56bfc062723c751e8b465ee728b)
Start importing Assets/Scripts/AchievingPanel.cs using Guid(a08401afdd33a5f4cb26167e88b3e0d3) Importer(815301076,1909f56bfc062723c751e8b465ee728b) (PreviewImporter) -> (artifact id: '6a9f15d002decd7b34f5374c87d82bd1') in 0.0048246 seconds
Number of updated asset objects reloaded before import = 0Number of asset objects unloaded after import = 0

========================================================================
Received Prepare
Begin MonoManager ReloadAssembly
- Loaded All Assemblies, in  0.637 seconds
Refreshing native plugins compatible for Editor in 0.88 ms, found 4 plugins.
Native extension for WindowsStandalone target not found
[Package Manager] Failed to launch server process. Reason: Unity was launched with the -noUpm command-line argument
[Package Manager] Unable to send message (not connected to server process).
[Package Manager] Cannot connect to Unity Package Manager local server
Mono: successfully reloaded assembly
- Finished resetting the current domain, in  0.667 seconds
Domain Reload Profiling: 1309ms
	BeginReloadAssembly (184ms)
		ExecutionOrderSort (0ms)
		DisableScriptedObjects (13ms)
		BackupInstance (0ms)
		ReleaseScriptingObjects (0ms)
		CreateAndSetChildDomain (42ms)
	RebuildCommonClasses (32ms)
	RebuildNativeTypeToScriptingClass (11ms)
	initialDomainReloadingComplete (23ms)
	LoadAllAssembliesAndSetupDomain (391ms)
		LoadAssemblies (283ms)
		RebuildTransferFunctionScriptingTraits (0ms)
		AnalyzeDomain (188ms)
			TypeCache.Refresh (8ms)
				TypeCache.ScanAssembly (0ms)
			BuildScriptInfoCaches (164ms)
			ResolveRequiredComponents (11ms)
	FinalizeReload (667ms)
		ReleaseScriptCaches (0ms)
		RebuildScriptCaches (0ms)
		SetupLoadedEditorAssemblies (528ms)
			LogAssemblyErrors (0ms)
			InitializePlatformSupportModulesInManaged (3ms)
			SetLoadedEditorAssemblies (5ms)
			BeforeProcessingInitializeOnLoad (115ms)
			ProcessInitializeOnLoadAttributes (344ms)
			ProcessInitializeOnLoadMethodAttributes (58ms)
			AfterProcessingInitializeOnLoad (2ms)
			EditorAssembliesLoaded (0ms)
		ExecutionOrderSort2 (0ms)
		AwakeInstancesAfterBackupRestoration (13ms)
Refreshing native plugins compatible for Editor in 1.21 ms, found 4 plugins.
Preloading 0 native plugins for Editor in 0.00 ms.
Unloading 30 Unused Serialized files (Serialized files now loaded: 0)
Unloading 6720 unused Assets / (6.5 MB). Loaded Objects now: 7424.
Memory consumption went from 153.3 MB to 146.9 MB.
Total: 9.192000 ms (FindLiveObjects: 0.623900 ms CreateObjectMapping: 0.667000 ms MarkObjects: 4.419500 ms  DeleteObjects: 3.479800 ms)

Prepare: number of updated asset objects reloaded= 0
========================================================================
Received Prepare
Begin MonoManager ReloadAssembly
- Loaded All Assemblies, in  0.630 seconds
Refreshing native plugins compatible for Editor in 1.01 ms, found 4 plugins.
Native extension for WindowsStandalone target not found
[Package Manager] Failed to launch server process. Reason: Unity was launched with the -noUpm command-line argument
[Package Manager] Unable to send message (not connected to server process).
[Package Manager] Cannot connect to Unity Package Manager local server
Mono: successfully reloaded assembly
- Finished resetting the current domain, in  0.669 seconds
Domain Reload Profiling: 1303ms
	BeginReloadAssembly (186ms)
		ExecutionOrderSort (0ms)
		DisableScriptedObjects (12ms)
		BackupInstance (0ms)
		ReleaseScriptingObjects (0ms)
		CreateAndSetChildDomain (40ms)
	RebuildCommonClasses (32ms)
	RebuildNativeTypeToScriptingClass (12ms)
	initialDomainReloadingComplete (22ms)
	LoadAllAssembliesAndSetupDomain (381ms)
		LoadAssemblies (280ms)
		RebuildTransferFunctionScriptingTraits (0ms)
		AnalyzeDomain (187ms)
			TypeCache.Refresh (7ms)
				TypeCache.ScanAssembly (0ms)
			BuildScriptInfoCaches (163ms)
			ResolveRequiredComponents (11ms)
	FinalizeReload (669ms)
		ReleaseScriptCaches (0ms)
		RebuildScriptCaches (0ms)
		SetupLoadedEditorAssemblies (529ms)
			LogAssemblyErrors (0ms)
			InitializePlatformSupportModulesInManaged (2ms)
			SetLoadedEditorAssemblies (6ms)
			BeforeProcessingInitializeOnLoad (118ms)
			ProcessInitializeOnLoadAttributes (339ms)
			ProcessInitializeOnLoadMethodAttributes (62ms)
			AfterProcessingInitializeOnLoad (2ms)
			EditorAssembliesLoaded (0ms)
		ExecutionOrderSort2 (0ms)
		AwakeInstancesAfterBackupRestoration (13ms)
Refreshing native plugins compatible for Editor in 2.75 ms, found 4 plugins.
Preloading 0 native plugins for Editor in 0.00 ms.
Unloading 30 Unused Serialized files (Serialized files now loaded: 0)
Unloading 6720 unused Assets / (7.3 MB). Loaded Objects now: 7426.
Memory consumption went from 153.4 MB to 146.1 MB.
Total: 10.755100 ms (FindLiveObjects: 0.621900 ms CreateObjectMapping: 0.584000 ms MarkObjects: 4.757000 ms  DeleteObjects: 4.790900 ms)

Prepare: number of updated asset objects reloaded= 0
========================================================================
Received Prepare
Begin MonoManager ReloadAssembly
- Loaded All Assemblies, in  0.647 seconds
Refreshing native plugins compatible for Editor in 0.80 ms, found 4 plugins.
Native extension for WindowsStandalone target not found
[Package Manager] Failed to launch server process. Reason: Unity was launched with the -noUpm command-line argument
[Package Manager] Unable to send message (not connected to server process).
[Package Manager] Cannot connect to Unity Package Manager local server
Mono: successfully reloaded assembly
- Finished resetting the current domain, in  0.661 seconds
Domain Reload Profiling: 1311ms
	BeginReloadAssembly (192ms)
		ExecutionOrderSort (0ms)
		DisableScriptedObjects (12ms)
		BackupInstance (0ms)
		ReleaseScriptingObjects (0ms)
		CreateAndSetChildDomain (39ms)
	RebuildCommonClasses (32ms)
	RebuildNativeTypeToScriptingClass (13ms)
	initialDomainReloadingComplete (26ms)
	LoadAllAssembliesAndSetupDomain (388ms)
		LoadAssemblies (290ms)
		RebuildTransferFunctionScriptingTraits (0ms)
		AnalyzeDomain (189ms)
			TypeCache.Refresh (8ms)
				TypeCache.ScanAssembly (0ms)
			BuildScriptInfoCaches (165ms)
			ResolveRequiredComponents (10ms)
	FinalizeReload (661ms)
		ReleaseScriptCaches (0ms)
		RebuildScriptCaches (0ms)
		SetupLoadedEditorAssemblies (518ms)
			LogAssemblyErrors (0ms)
			InitializePlatformSupportModulesInManaged (2ms)
			SetLoadedEditorAssemblies (5ms)
			BeforeProcessingInitializeOnLoad (117ms)
			ProcessInitializeOnLoadAttributes (337ms)
			ProcessInitializeOnLoadMethodAttributes (54ms)
			AfterProcessingInitializeOnLoad (2ms)
			EditorAssembliesLoaded (0ms)
		ExecutionOrderSort2 (0ms)
		AwakeInstancesAfterBackupRestoration (13ms)
Refreshing native plugins compatible for Editor in 1.47 ms, found 4 plugins.
Preloading 0 native plugins for Editor in 0.00 ms.
Unloading 30 Unused Serialized files (Serialized files now loaded: 0)
Unloading 6720 unused Assets / (6.4 MB). Loaded Objects now: 7428.
Memory consumption went from 153.4 MB to 147.0 MB.
Total: 9.620000 ms (FindLiveObjects: 0.654000 ms CreateObjectMapping: 0.742500 ms MarkObjects: 4.768300 ms  DeleteObjects: 3.453500 ms)

Prepare: number of updated asset objects reloaded= 0
========================================================================
Received Prepare
Begin MonoManager ReloadAssembly
- Loaded All Assemblies, in  0.666 seconds
Refreshing native plugins compatible for Editor in 0.95 ms, found 4 plugins.
Native extension for WindowsStandalone target not found
[Package Manager] Failed to launch server process. Reason: Unity was launched with the -noUpm command-line argument
[Package Manager] Unable to send message (not connected to server process).
[Package Manager] Cannot connect to Unity Package Manager local server
Mono: successfully reloaded assembly
- Finished resetting the current domain, in  0.679 seconds
Domain Reload Profiling: 1349ms
	BeginReloadAssembly (198ms)
		ExecutionOrderSort (0ms)
		DisableScriptedObjects (15ms)
		BackupInstance (0ms)
		ReleaseScriptingObjects (0ms)
		CreateAndSetChildDomain (43ms)
	RebuildCommonClasses (34ms)
	RebuildNativeTypeToScriptingClass (13ms)
	initialDomainReloadingComplete (25ms)
	LoadAllAssembliesAndSetupDomain (399ms)
		LoadAssemblies (296ms)
		RebuildTransferFunctionScriptingTraits (0ms)
		AnalyzeDomain (191ms)
			TypeCache.Refresh (10ms)
				TypeCache.ScanAssembly (0ms)
			BuildScriptInfoCaches (166ms)
			ResolveRequiredComponents (10ms)
	FinalizeReload (680ms)
		ReleaseScriptCaches (0ms)
		RebuildScriptCaches (0ms)
		SetupLoadedEditorAssemblies (538ms)
			LogAssemblyErrors (0ms)
			InitializePlatformSupportModulesInManaged (2ms)
			SetLoadedEditorAssemblies (5ms)
			BeforeProcessingInitializeOnLoad (132ms)
			ProcessInitializeOnLoadAttributes (347ms)
			ProcessInitializeOnLoadMethodAttributes (50ms)
			AfterProcessingInitializeOnLoad (2ms)
			EditorAssembliesLoaded (0ms)
		ExecutionOrderSort2 (0ms)
		AwakeInstancesAfterBackupRestoration (13ms)
Refreshing native plugins compatible for Editor in 1.06 ms, found 4 plugins.
Preloading 0 native plugins for Editor in 0.00 ms.
Unloading 30 Unused Serialized files (Serialized files now loaded: 0)
Unloading 6720 unused Assets / (6.4 MB). Loaded Objects now: 7430.
Memory consumption went from 153.4 MB to 147.0 MB.
Total: 8.172100 ms (FindLiveObjects: 0.582600 ms CreateObjectMapping: 0.565000 ms MarkObjects: 4.015600 ms  DeleteObjects: 3.007800 ms)

Prepare: number of updated asset objects reloaded= 0
========================================================================
Received Prepare
Begin MonoManager ReloadAssembly
- Loaded All Assemblies, in  0.660 seconds
Refreshing native plugins compatible for Editor in 0.89 ms, found 4 plugins.
Native extension for WindowsStandalone target not found
[Package Manager] Failed to launch server process. Reason: Unity was launched with the -noUpm command-line argument
[Package Manager] Unable to send message (not connected to server process).
[Package Manager] Cannot connect to Unity Package Manager local server
Mono: successfully reloaded assembly
- Finished resetting the current domain, in  0.640 seconds
Domain Reload Profiling: 1304ms
	BeginReloadAssembly (195ms)
		ExecutionOrderSort (0ms)
		DisableScriptedObjects (14ms)
		BackupInstance (0ms)
		ReleaseScriptingObjects (0ms)
		CreateAndSetChildDomain (40ms)
	RebuildCommonClasses (33ms)
	RebuildNativeTypeToScriptingClass (12ms)
	initialDomainReloadingComplete (23ms)
	LoadAllAssembliesAndSetupDomain (401ms)
		LoadAssemblies (298ms)
		RebuildTransferFunctionScriptingTraits (0ms)
		AnalyzeDomain (189ms)
			TypeCache.Refresh (9ms)
				TypeCache.ScanAssembly (0ms)
			BuildScriptInfoCaches (164ms)
			ResolveRequiredComponents (9ms)
	FinalizeReload (641ms)
		ReleaseScriptCaches (0ms)
		RebuildScriptCaches (0ms)
		SetupLoadedEditorAssemblies (505ms)
			LogAssemblyErrors (0ms)
			InitializePlatformSupportModulesInManaged (2ms)
			SetLoadedEditorAssemblies (5ms)
			BeforeProcessingInitializeOnLoad (126ms)
			ProcessInitializeOnLoadAttributes (320ms)
			ProcessInitializeOnLoadMethodAttributes (50ms)
			AfterProcessingInitializeOnLoad (2ms)
			EditorAssembliesLoaded (0ms)
		ExecutionOrderSort2 (0ms)
		AwakeInstancesAfterBackupRestoration (11ms)
Refreshing native plugins compatible for Editor in 1.45 ms, found 4 plugins.
Preloading 0 native plugins for Editor in 0.00 ms.
Unloading 30 Unused Serialized files (Serialized files now loaded: 0)
Unloading 6720 unused Assets / (6.5 MB). Loaded Objects now: 7432.
Memory consumption went from 153.5 MB to 146.9 MB.
Total: 8.118300 ms (FindLiveObjects: 0.565000 ms CreateObjectMapping: 0.470900 ms MarkObjects: 3.946800 ms  DeleteObjects: 3.134700 ms)

Prepare: number of updated asset objects reloaded= 0
========================================================================
Received Import Request.
  Time since last request: 478.585634 seconds.
  path: Assets/Scripts/AchievingPanel.cs
  artifactKey: Guid(a08401afdd33a5f4cb26167e88b3e0d3) Importer(2089858483,192608db42251d675da83286b1cce702)
Start importing Assets/Scripts/AchievingPanel.cs using Guid(a08401afdd33a5f4cb26167e88b3e0d3) Importer(2089858483,192608db42251d675da83286b1cce702) (ScriptedImporter) -> (artifact id: 'ecca141426e30c9b48e120766ce96de2') in 0.1867188 seconds
Number of updated asset objects reloaded before import = 0Number of asset objects unloaded after import = 0

========================================================================
Received Prepare
Refreshing native plugins compatible for Editor in 1.85 ms, found 4 plugins.
Preloading 0 native plugins for Editor in 0.00 ms.
Unloading 30 Unused Serialized files (Serialized files now loaded: 0)
Unloading 6710 unused Assets / (6.4 MB). Loaded Objects now: 7433.
Memory consumption went from 153.7 MB to 147.3 MB.
Total: 10.352600 ms (FindLiveObjects: 0.691400 ms CreateObjectMapping: 0.636400 ms MarkObjects: 5.428700 ms  DeleteObjects: 3.594600 ms)

Prepare: number of updated asset objects reloaded= 0
========================================================================
Received Import Request.
  Time since last request: 8.784523 seconds.
  path: Assets/Scripts/AchievementManagerEditor.cs
  artifactKey: Guid(1b179670650733240971f08a9b1b642c) Importer(815301076,1909f56bfc062723c751e8b465ee728b)
Start importing Assets/Scripts/AchievementManagerEditor.cs using Guid(1b179670650733240971f08a9b1b642c) Importer(815301076,1909f56bfc062723c751e8b465ee728b) (PreviewImporter) -> (artifact id: 'ad96feb73ac3ff90178417f87c51a154') in 0.0036471 seconds
Number of updated asset objects reloaded before import = 0Number of asset objects unloaded after import = 0

========================================================================
Received Import Request.
  Time since last request: 0.608329 seconds.
  path: Assets/Scripts/AchievementManagerEditor.cs
  artifactKey: Guid(1b179670650733240971f08a9b1b642c) Importer(2089858483,192608db42251d675da83286b1cce702)
Start importing Assets/Scripts/AchievementManagerEditor.cs using Guid(1b179670650733240971f08a9b1b642c) Importer(2089858483,192608db42251d675da83286b1cce702) (ScriptedImporter) -> (artifact id: 'a5ba307627223b8c174869377d913951') in 0.0132896 seconds
Number of updated asset objects reloaded before import = 0Number of asset objects unloaded after import = 0

========================================================================
Received Prepare
Begin MonoManager ReloadAssembly
- Loaded All Assemblies, in  0.935 seconds
Refreshing native plugins compatible for Editor in 0.99 ms, found 4 plugins.
Native extension for WindowsStandalone target not found
[Package Manager] Failed to launch server process. Reason: Unity was launched with the -noUpm command-line argument
[Package Manager] Unable to send message (not connected to server process).
[Package Manager] Cannot connect to Unity Package Manager local server
Mono: successfully reloaded assembly
- Finished resetting the current domain, in  0.824 seconds
Domain Reload Profiling: 1762ms
	BeginReloadAssembly (366ms)
		ExecutionOrderSort (0ms)
		DisableScriptedObjects (23ms)
		BackupInstance (0ms)
		ReleaseScriptingObjects (0ms)
		CreateAndSetChildDomain (85ms)
	RebuildCommonClasses (63ms)
	RebuildNativeTypeToScriptingClass (23ms)
	initialDomainReloadingComplete (45ms)
	LoadAllAssembliesAndSetupDomain (440ms)
		LoadAssemblies (405ms)
		RebuildTransferFunctionScriptingTraits (0ms)
		AnalyzeDomain (213ms)
			TypeCache.Refresh (12ms)
				TypeCache.ScanAssembly (0ms)
			BuildScriptInfoCaches (184ms)
			ResolveRequiredComponents (13ms)
	FinalizeReload (825ms)
		ReleaseScriptCaches (0ms)
		RebuildScriptCaches (0ms)
		SetupLoadedEditorAssemblies (668ms)
			LogAssemblyErrors (0ms)
			InitializePlatformSupportModulesInManaged (2ms)
			SetLoadedEditorAssemblies (5ms)
			BeforeProcessingInitializeOnLoad (139ms)
			ProcessInitializeOnLoadAttributes (458ms)
			ProcessInitializeOnLoadMethodAttributes (61ms)
			AfterProcessingInitializeOnLoad (2ms)
			EditorAssembliesLoaded (0ms)
		ExecutionOrderSort2 (0ms)
		AwakeInstancesAfterBackupRestoration (16ms)
Refreshing native plugins compatible for Editor in 4.11 ms, found 4 plugins.
Preloading 0 native plugins for Editor in 0.00 ms.
Unloading 30 Unused Serialized files (Serialized files now loaded: 0)
Unloading 6721 unused Assets / (6.5 MB). Loaded Objects now: 7435.
Memory consumption went from 153.5 MB to 147.0 MB.
Total: 9.685200 ms (FindLiveObjects: 0.653400 ms CreateObjectMapping: 0.588800 ms MarkObjects: 5.107100 ms  DeleteObjects: 3.334600 ms)

Prepare: number of updated asset objects reloaded= 0
========================================================================
Received Prepare
Begin MonoManager ReloadAssembly
- Loaded All Assemblies, in  0.691 seconds
Refreshing native plugins compatible for Editor in 1.02 ms, found 4 plugins.
Native extension for WindowsStandalone target not found
[Package Manager] Failed to launch server process. Reason: Unity was launched with the -noUpm command-line argument
[Package Manager] Unable to send message (not connected to server process).
[Package Manager] Cannot connect to Unity Package Manager local server
Mono: successfully reloaded assembly
- Finished resetting the current domain, in  0.717 seconds
Domain Reload Profiling: 1412ms
	BeginReloadAssembly (198ms)
		ExecutionOrderSort (0ms)
		DisableScriptedObjects (14ms)
		BackupInstance (0ms)
		ReleaseScriptingObjects (0ms)
		CreateAndSetChildDomain (41ms)
	RebuildCommonClasses (35ms)
	RebuildNativeTypeToScriptingClass (13ms)
	initialDomainReloadingComplete (24ms)
	LoadAllAssembliesAndSetupDomain (424ms)
		LoadAssemblies (309ms)
		RebuildTransferFunctionScriptingTraits (0ms)
		AnalyzeDomain (207ms)
			TypeCache.Refresh (9ms)
				TypeCache.ScanAssembly (0ms)
			BuildScriptInfoCaches (180ms)
			ResolveRequiredComponents (12ms)
	FinalizeReload (718ms)
		ReleaseScriptCaches (0ms)
		RebuildScriptCaches (0ms)
		SetupLoadedEditorAssemblies (571ms)
			LogAssemblyErrors (0ms)
			InitializePlatformSupportModulesInManaged (2ms)
			SetLoadedEditorAssemblies (5ms)
			BeforeProcessingInitializeOnLoad (124ms)
			ProcessInitializeOnLoadAttributes (370ms)
			ProcessInitializeOnLoadMethodAttributes (66ms)
			AfterProcessingInitializeOnLoad (2ms)
			EditorAssembliesLoaded (0ms)
		ExecutionOrderSort2 (0ms)
		AwakeInstancesAfterBackupRestoration (14ms)
Refreshing native plugins compatible for Editor in 1.99 ms, found 4 plugins.
Preloading 0 native plugins for Editor in 0.00 ms.
Unloading 30 Unused Serialized files (Serialized files now loaded: 0)
Unloading 6721 unused Assets / (6.8 MB). Loaded Objects now: 7437.
Memory consumption went from 153.6 MB to 146.7 MB.
Total: 9.958800 ms (FindLiveObjects: 1.057100 ms CreateObjectMapping: 0.458000 ms MarkObjects: 4.786400 ms  DeleteObjects: 3.655500 ms)

Prepare: number of updated asset objects reloaded= 0
========================================================================
Received Prepare
Begin MonoManager ReloadAssembly
- Loaded All Assemblies, in  0.616 seconds
Refreshing native plugins compatible for Editor in 0.97 ms, found 4 plugins.
Native extension for WindowsStandalone target not found
[Package Manager] Failed to launch server process. Reason: Unity was launched with the -noUpm command-line argument
[Package Manager] Unable to send message (not connected to server process).
[Package Manager] Cannot connect to Unity Package Manager local server
Mono: successfully reloaded assembly
- Finished resetting the current domain, in  0.682 seconds
Domain Reload Profiling: 1302ms
	BeginReloadAssembly (178ms)
		ExecutionOrderSort (0ms)
		DisableScriptedObjects (13ms)
		BackupInstance (0ms)
		ReleaseScriptingObjects (0ms)
		CreateAndSetChildDomain (36ms)
	RebuildCommonClasses (33ms)
	RebuildNativeTypeToScriptingClass (11ms)
	initialDomainReloadingComplete (21ms)
	LoadAllAssembliesAndSetupDomain (376ms)
		LoadAssemblies (274ms)
		RebuildTransferFunctionScriptingTraits (0ms)
		AnalyzeDomain (185ms)
			TypeCache.Refresh (7ms)
				TypeCache.ScanAssembly (0ms)
			BuildScriptInfoCaches (161ms)
			ResolveRequiredComponents (12ms)
	FinalizeReload (682ms)
		ReleaseScriptCaches (0ms)
		RebuildScriptCaches (0ms)
		SetupLoadedEditorAssemblies (534ms)
			LogAssemblyErrors (0ms)
			InitializePlatformSupportModulesInManaged (2ms)
			SetLoadedEditorAssemblies (5ms)
			BeforeProcessingInitializeOnLoad (117ms)
			ProcessInitializeOnLoadAttributes (343ms)
			ProcessInitializeOnLoadMethodAttributes (64ms)
			AfterProcessingInitializeOnLoad (2ms)
			EditorAssembliesLoaded (0ms)
		ExecutionOrderSort2 (0ms)
		AwakeInstancesAfterBackupRestoration (15ms)
Refreshing native plugins compatible for Editor in 1.67 ms, found 4 plugins.
Preloading 0 native plugins for Editor in 0.00 ms.
Unloading 30 Unused Serialized files (Serialized files now loaded: 0)
Unloading 6721 unused Assets / (6.6 MB). Loaded Objects now: 7439.
Memory consumption went from 153.6 MB to 147.1 MB.
Total: 9.557500 ms (FindLiveObjects: 0.591600 ms CreateObjectMapping: 0.673200 ms MarkObjects: 4.655600 ms  DeleteObjects: 3.635500 ms)

Prepare: number of updated asset objects reloaded= 0
========================================================================
Received Prepare
Begin MonoManager ReloadAssembly
- Loaded All Assemblies, in  0.610 seconds
Refreshing native plugins compatible for Editor in 0.94 ms, found 4 plugins.
Native extension for WindowsStandalone target not found
[Package Manager] Failed to launch server process. Reason: Unity was launched with the -noUpm command-line argument
[Package Manager] Unable to send message (not connected to server process).
[Package Manager] Cannot connect to Unity Package Manager local server
Mono: successfully reloaded assembly
- Finished resetting the current domain, in  0.732 seconds
Domain Reload Profiling: 1346ms
	BeginReloadAssembly (179ms)
		ExecutionOrderSort (0ms)
		DisableScriptedObjects (13ms)
		BackupInstance (0ms)
		ReleaseScriptingObjects (0ms)
		CreateAndSetChildDomain (35ms)
	RebuildCommonClasses (33ms)
	RebuildNativeTypeToScriptingClass (12ms)
	initialDomainReloadingComplete (22ms)
	LoadAllAssembliesAndSetupDomain (367ms)
		LoadAssemblies (266ms)
		RebuildTransferFunctionScriptingTraits (0ms)
		AnalyzeDomain (184ms)
			TypeCache.Refresh (7ms)
				TypeCache.ScanAssembly (0ms)
			BuildScriptInfoCaches (162ms)
			ResolveRequiredComponents (10ms)
	FinalizeReload (733ms)
		ReleaseScriptCaches (0ms)
		RebuildScriptCaches (0ms)
		SetupLoadedEditorAssemblies (582ms)
			LogAssemblyErrors (0ms)
			InitializePlatformSupportModulesInManaged (2ms)
			SetLoadedEditorAssemblies (5ms)
			BeforeProcessingInitializeOnLoad (120ms)
			ProcessInitializeOnLoadAttributes (376ms)
			ProcessInitializeOnLoadMethodAttributes (75ms)
			AfterProcessingInitializeOnLoad (3ms)
			EditorAssembliesLoaded (1ms)
		ExecutionOrderSort2 (0ms)
		AwakeInstancesAfterBackupRestoration (16ms)
Refreshing native plugins compatible for Editor in 1.48 ms, found 4 plugins.
Preloading 0 native plugins for Editor in 0.00 ms.
Unloading 30 Unused Serialized files (Serialized files now loaded: 0)
Unloading 6721 unused Assets / (6.4 MB). Loaded Objects now: 7441.
Memory consumption went from 153.6 MB to 147.1 MB.
Total: 10.853000 ms (FindLiveObjects: 0.680600 ms CreateObjectMapping: 0.694700 ms MarkObjects: 5.679700 ms  DeleteObjects: 3.796300 ms)

Prepare: number of updated asset objects reloaded= 0
========================================================================
Received Prepare
Begin MonoManager ReloadAssembly
- Loaded All Assemblies, in  0.645 seconds
Refreshing native plugins compatible for Editor in 1.20 ms, found 4 plugins.
Native extension for WindowsStandalone target not found
[Package Manager] Failed to launch server process. Reason: Unity was launched with the -noUpm command-line argument
[Package Manager] Unable to send message (not connected to server process).
[Package Manager] Cannot connect to Unity Package Manager local server
Mono: successfully reloaded assembly
- Finished resetting the current domain, in  0.676 seconds
Domain Reload Profiling: 1325ms
	BeginReloadAssembly (193ms)
		ExecutionOrderSort (0ms)
		DisableScriptedObjects (17ms)
		BackupInstance (0ms)
		ReleaseScriptingObjects (0ms)
		CreateAndSetChildDomain (38ms)
	RebuildCommonClasses (33ms)
	RebuildNativeTypeToScriptingClass (12ms)
	initialDomainReloadingComplete (24ms)
	LoadAllAssembliesAndSetupDomain (386ms)
		LoadAssemblies (288ms)
		RebuildTransferFunctionScriptingTraits (0ms)
		AnalyzeDomain (183ms)
			TypeCache.Refresh (10ms)
				TypeCache.ScanAssembly (0ms)
			BuildScriptInfoCaches (158ms)
			ResolveRequiredComponents (9ms)
	FinalizeReload (677ms)
		ReleaseScriptCaches (0ms)
		RebuildScriptCaches (0ms)
		SetupLoadedEditorAssemblies (540ms)
			LogAssemblyErrors (0ms)
			InitializePlatformSupportModulesInManaged (2ms)
			SetLoadedEditorAssemblies (4ms)
			BeforeProcessingInitializeOnLoad (118ms)
			ProcessInitializeOnLoadAttributes (352ms)
			ProcessInitializeOnLoadMethodAttributes (61ms)
			AfterProcessingInitializeOnLoad (3ms)
			EditorAssembliesLoaded (0ms)
		ExecutionOrderSort2 (0ms)
		AwakeInstancesAfterBackupRestoration (14ms)
Refreshing native plugins compatible for Editor in 1.46 ms, found 4 plugins.
Preloading 0 native plugins for Editor in 0.00 ms.
Unloading 30 Unused Serialized files (Serialized files now loaded: 0)
Unloading 6721 unused Assets / (7.5 MB). Loaded Objects now: 7443.
Memory consumption went from 153.7 MB to 146.2 MB.
Total: 10.075300 ms (FindLiveObjects: 0.567200 ms CreateObjectMapping: 0.626200 ms MarkObjects: 4.733300 ms  DeleteObjects: 4.147200 ms)

Prepare: number of updated asset objects reloaded= 0
========================================================================
Received Prepare
Begin MonoManager ReloadAssembly
- Loaded All Assemblies, in  0.601 seconds
Refreshing native plugins compatible for Editor in 1.04 ms, found 4 plugins.
Native extension for WindowsStandalone target not found
[Package Manager] Failed to launch server process. Reason: Unity was launched with the -noUpm command-line argument
[Package Manager] Unable to send message (not connected to server process).
[Package Manager] Cannot connect to Unity Package Manager local server
Mono: successfully reloaded assembly
- Finished resetting the current domain, in  0.669 seconds
Domain Reload Profiling: 1274ms
	BeginReloadAssembly (173ms)
		ExecutionOrderSort (0ms)
		DisableScriptedObjects (12ms)
		BackupInstance (0ms)
		ReleaseScriptingObjects (0ms)
		CreateAndSetChildDomain (36ms)
	RebuildCommonClasses (32ms)
	RebuildNativeTypeToScriptingClass (13ms)
	initialDomainReloadingComplete (22ms)
	LoadAllAssembliesAndSetupDomain (364ms)
		LoadAssemblies (264ms)
		RebuildTransferFunctionScriptingTraits (0ms)
		AnalyzeDomain (178ms)
			TypeCache.Refresh (7ms)
				TypeCache.ScanAssembly (0ms)
			BuildScriptInfoCaches (154ms)
			ResolveRequiredComponents (11ms)
	FinalizeReload (670ms)
		ReleaseScriptCaches (0ms)
		RebuildScriptCaches (0ms)
		SetupLoadedEditorAssemblies (531ms)
			LogAssemblyErrors (0ms)
			InitializePlatformSupportModulesInManaged (2ms)
			SetLoadedEditorAssemblies (5ms)
			BeforeProcessingInitializeOnLoad (117ms)
			ProcessInitializeOnLoadAttributes (346ms)
			ProcessInitializeOnLoadMethodAttributes (59ms)
			AfterProcessingInitializeOnLoad (2ms)
			EditorAssembliesLoaded (0ms)
		ExecutionOrderSort2 (0ms)
		AwakeInstancesAfterBackupRestoration (14ms)
Refreshing native plugins compatible for Editor in 1.31 ms, found 4 plugins.
Preloading 0 native plugins for Editor in 0.00 ms.
Unloading 30 Unused Serialized files (Serialized files now loaded: 0)
Unloading 6721 unused Assets / (6.8 MB). Loaded Objects now: 7445.
Memory consumption went from 153.7 MB to 147.0 MB.
Total: 9.463400 ms (FindLiveObjects: 0.624200 ms CreateObjectMapping: 0.593400 ms MarkObjects: 4.518600 ms  DeleteObjects: 3.725700 ms)

Prepare: number of updated asset objects reloaded= 0
========================================================================
Received Prepare
Begin MonoManager ReloadAssembly
- Loaded All Assemblies, in  0.634 seconds
Refreshing native plugins compatible for Editor in 1.19 ms, found 4 plugins.
Native extension for WindowsStandalone target not found
[Package Manager] Failed to launch server process. Reason: Unity was launched with the -noUpm command-line argument
[Package Manager] Unable to send message (not connected to server process).
[Package Manager] Cannot connect to Unity Package Manager local server
Mono: successfully reloaded assembly
- Finished resetting the current domain, in  0.716 seconds
Domain Reload Profiling: 1354ms
	BeginReloadAssembly (183ms)
		ExecutionOrderSort (0ms)
		DisableScriptedObjects (12ms)
		BackupInstance (0ms)
		ReleaseScriptingObjects (0ms)
		CreateAndSetChildDomain (37ms)
	RebuildCommonClasses (35ms)
	RebuildNativeTypeToScriptingClass (12ms)
	initialDomainReloadingComplete (24ms)
	LoadAllAssembliesAndSetupDomain (383ms)
		LoadAssemblies (280ms)
		RebuildTransferFunctionScriptingTraits (0ms)
		AnalyzeDomain (188ms)
			TypeCache.Refresh (7ms)
				TypeCache.ScanAssembly (0ms)
			BuildScriptInfoCaches (164ms)
			ResolveRequiredComponents (11ms)
	FinalizeReload (717ms)
		ReleaseScriptCaches (0ms)
		RebuildScriptCaches (0ms)
		SetupLoadedEditorAssemblies (571ms)
			LogAssemblyErrors (0ms)
			InitializePlatformSupportModulesInManaged (2ms)
			SetLoadedEditorAssemblies (5ms)
			BeforeProcessingInitializeOnLoad (126ms)
			ProcessInitializeOnLoadAttributes (369ms)
			ProcessInitializeOnLoadMethodAttributes (66ms)
			AfterProcessingInitializeOnLoad (2ms)
			EditorAssembliesLoaded (0ms)
		ExecutionOrderSort2 (0ms)
		AwakeInstancesAfterBackupRestoration (15ms)
Refreshing native plugins compatible for Editor in 1.89 ms, found 4 plugins.
Preloading 0 native plugins for Editor in 0.00 ms.
Unloading 30 Unused Serialized files (Serialized files now loaded: 0)
Unloading 6721 unused Assets / (6.1 MB). Loaded Objects now: 7447.
Memory consumption went from 153.8 MB to 147.6 MB.
Total: 10.600900 ms (FindLiveObjects: 0.765300 ms CreateObjectMapping: 0.673500 ms MarkObjects: 5.416500 ms  DeleteObjects: 3.744000 ms)

Prepare: number of updated asset objects reloaded= 0
========================================================================
Received Prepare
Refreshing native plugins compatible for Editor in 1.39 ms, found 4 plugins.
Preloading 0 native plugins for Editor in 0.00 ms.
Unloading 30 Unused Serialized files (Serialized files now loaded: 0)
Unloading 6710 unused Assets / (7.0 MB). Loaded Objects now: 7447.
Memory consumption went from 153.9 MB to 146.9 MB.
Total: 10.285300 ms (FindLiveObjects: 0.550500 ms CreateObjectMapping: 0.510700 ms MarkObjects: 5.353300 ms  DeleteObjects: 3.869000 ms)

Prepare: number of updated asset objects reloaded= 0
========================================================================
Received Prepare
Begin MonoManager ReloadAssembly
- Loaded All Assemblies, in  0.626 seconds
Refreshing native plugins compatible for Editor in 1.06 ms, found 4 plugins.
Native extension for WindowsStandalone target not found
[Package Manager] Failed to launch server process. Reason: Unity was launched with the -noUpm command-line argument
[Package Manager] Unable to send message (not connected to server process).
[Package Manager] Cannot connect to Unity Package Manager local server
Mono: successfully reloaded assembly
- Finished resetting the current domain, in  0.734 seconds
Domain Reload Profiling: 1364ms
	BeginReloadAssembly (180ms)
		ExecutionOrderSort (0ms)
		DisableScriptedObjects (14ms)
		BackupInstance (0ms)
		ReleaseScriptingObjects (0ms)
		CreateAndSetChildDomain (39ms)
	RebuildCommonClasses (32ms)
	RebuildNativeTypeToScriptingClass (11ms)
	initialDomainReloadingComplete (22ms)
	LoadAllAssembliesAndSetupDomain (383ms)
		LoadAssemblies (281ms)
		RebuildTransferFunctionScriptingTraits (0ms)
		AnalyzeDomain (181ms)
			TypeCache.Refresh (9ms)
				TypeCache.ScanAssembly (0ms)
			BuildScriptInfoCaches (158ms)
			ResolveRequiredComponents (9ms)
	FinalizeReload (735ms)
		ReleaseScriptCaches (0ms)
		RebuildScriptCaches (0ms)
		SetupLoadedEditorAssemblies (585ms)
			LogAssemblyErrors (0ms)
			InitializePlatformSupportModulesInManaged (2ms)
			SetLoadedEditorAssemblies (5ms)
			BeforeProcessingInitializeOnLoad (119ms)
			ProcessInitializeOnLoadAttributes (384ms)
			ProcessInitializeOnLoadMethodAttributes (71ms)
			AfterProcessingInitializeOnLoad (3ms)
			EditorAssembliesLoaded (1ms)
		ExecutionOrderSort2 (0ms)
		AwakeInstancesAfterBackupRestoration (17ms)
Refreshing native plugins compatible for Editor in 1.10 ms, found 4 plugins.
Preloading 0 native plugins for Editor in 0.00 ms.
Unloading 30 Unused Serialized files (Serialized files now loaded: 0)
Unloading 6721 unused Assets / (6.4 MB). Loaded Objects now: 7449.
Memory consumption went from 153.7 MB to 147.4 MB.
Total: 8.722400 ms (FindLiveObjects: 0.575100 ms CreateObjectMapping: 0.520800 ms MarkObjects: 4.488500 ms  DeleteObjects: 3.137000 ms)

Prepare: number of updated asset objects reloaded= 0
========================================================================
Received Prepare
Begin MonoManager ReloadAssembly
- Loaded All Assemblies, in  0.617 seconds
Refreshing native plugins compatible for Editor in 1.30 ms, found 4 plugins.
Native extension for WindowsStandalone target not found
[Package Manager] Failed to launch server process. Reason: Unity was launched with the -noUpm command-line argument
[Package Manager] Unable to send message (not connected to server process).
[Package Manager] Cannot connect to Unity Package Manager local server
Mono: successfully reloaded assembly
- Finished resetting the current domain, in  0.701 seconds
Domain Reload Profiling: 1322ms
	BeginReloadAssembly (176ms)
		ExecutionOrderSort (0ms)
		DisableScriptedObjects (12ms)
		BackupInstance (0ms)
		ReleaseScriptingObjects (0ms)
		CreateAndSetChildDomain (34ms)
	RebuildCommonClasses (31ms)
	RebuildNativeTypeToScriptingClass (12ms)
	initialDomainReloadingComplete (23ms)
	LoadAllAssembliesAndSetupDomain (379ms)
		LoadAssemblies (276ms)
		RebuildTransferFunctionScriptingTraits (0ms)
		AnalyzeDomain (184ms)
			TypeCache.Refresh (7ms)
				TypeCache.ScanAssembly (0ms)
			BuildScriptInfoCaches (161ms)
			ResolveRequiredComponents (11ms)
	FinalizeReload (702ms)
		ReleaseScriptCaches (0ms)
		RebuildScriptCaches (0ms)
		SetupLoadedEditorAssemblies (553ms)
			LogAssemblyErrors (0ms)
			InitializePlatformSupportModulesInManaged (2ms)
			SetLoadedEditorAssemblies (5ms)
			BeforeProcessingInitializeOnLoad (118ms)
			ProcessInitializeOnLoadAttributes (355ms)
			ProcessInitializeOnLoadMethodAttributes (70ms)
			AfterProcessingInitializeOnLoad (2ms)
			EditorAssembliesLoaded (0ms)
		ExecutionOrderSort2 (0ms)
		AwakeInstancesAfterBackupRestoration (17ms)
Refreshing native plugins compatible for Editor in 1.25 ms, found 4 plugins.
Preloading 0 native plugins for Editor in 0.00 ms.
Unloading 30 Unused Serialized files (Serialized files now loaded: 0)
Unloading 6721 unused Assets / (6.4 MB). Loaded Objects now: 7451.
Memory consumption went from 153.8 MB to 147.3 MB.
Total: 9.613000 ms (FindLiveObjects: 0.710500 ms CreateObjectMapping: 0.660700 ms MarkObjects: 4.712000 ms  DeleteObjects: 3.528400 ms)

Prepare: number of updated asset objects reloaded= 0
========================================================================
Received Prepare
Begin MonoManager ReloadAssembly
- Loaded All Assemblies, in  0.619 seconds
Refreshing native plugins compatible for Editor in 1.09 ms, found 4 plugins.
Native extension for WindowsStandalone target not found
[Package Manager] Failed to launch server process. Reason: Unity was launched with the -noUpm command-line argument
[Package Manager] Unable to send message (not connected to server process).
[Package Manager] Cannot connect to Unity Package Manager local server
Mono: successfully reloaded assembly
- Finished resetting the current domain, in  0.674 seconds
Domain Reload Profiling: 1297ms
	BeginReloadAssembly (182ms)
		ExecutionOrderSort (0ms)
		DisableScriptedObjects (12ms)
		BackupInstance (0ms)
		ReleaseScriptingObjects (0ms)
		CreateAndSetChildDomain (36ms)
	RebuildCommonClasses (33ms)
	RebuildNativeTypeToScriptingClass (12ms)
	initialDomainReloadingComplete (23ms)
	LoadAllAssembliesAndSetupDomain (373ms)
		LoadAssemblies (278ms)
		RebuildTransferFunctionScriptingTraits (0ms)
		AnalyzeDomain (182ms)
			TypeCache.Refresh (6ms)
				TypeCache.ScanAssembly (0ms)
			BuildScriptInfoCaches (160ms)
			ResolveRequiredComponents (10ms)
	FinalizeReload (675ms)
		ReleaseScriptCaches (0ms)
		RebuildScriptCaches (0ms)
		SetupLoadedEditorAssemblies (532ms)
			LogAssemblyErrors (0ms)
			InitializePlatformSupportModulesInManaged (2ms)
			SetLoadedEditorAssemblies (5ms)
			BeforeProcessingInitializeOnLoad (121ms)
			ProcessInitializeOnLoadAttributes (344ms)
			ProcessInitializeOnLoadMethodAttributes (58ms)
			AfterProcessingInitializeOnLoad (3ms)
			EditorAssembliesLoaded (0ms)
		ExecutionOrderSort2 (0ms)
		AwakeInstancesAfterBackupRestoration (14ms)
Refreshing native plugins compatible for Editor in 1.39 ms, found 4 plugins.
Preloading 0 native plugins for Editor in 0.00 ms.
Unloading 30 Unused Serialized files (Serialized files now loaded: 0)
Unloading 6721 unused Assets / (6.6 MB). Loaded Objects now: 7453.
Memory consumption went from 153.9 MB to 147.2 MB.
Total: 10.782200 ms (FindLiveObjects: 0.645100 ms CreateObjectMapping: 0.602600 ms MarkObjects: 5.879100 ms  DeleteObjects: 3.653600 ms)

Prepare: number of updated asset objects reloaded= 0
========================================================================
Received Prepare
Begin MonoManager ReloadAssembly
- Loaded All Assemblies, in  0.641 seconds
Refreshing native plugins compatible for Editor in 1.04 ms, found 4 plugins.
Native extension for WindowsStandalone target not found
[Package Manager] Failed to launch server process. Reason: Unity was launched with the -noUpm command-line argument
[Package Manager] Unable to send message (not connected to server process).
[Package Manager] Cannot connect to Unity Package Manager local server
Mono: successfully reloaded assembly
- Finished resetting the current domain, in  0.656 seconds
Domain Reload Profiling: 1301ms
	BeginReloadAssembly (185ms)
		ExecutionOrderSort (0ms)
		DisableScriptedObjects (13ms)
		BackupInstance (0ms)
		ReleaseScriptingObjects (0ms)
		CreateAndSetChildDomain (37ms)
	RebuildCommonClasses (34ms)
	RebuildNativeTypeToScriptingClass (13ms)
	initialDomainReloadingComplete (26ms)
	LoadAllAssembliesAndSetupDomain (386ms)
		LoadAssemblies (286ms)
		RebuildTransferFunctionScriptingTraits (0ms)
		AnalyzeDomain (187ms)
			TypeCache.Refresh (6ms)
				TypeCache.ScanAssembly (0ms)
			BuildScriptInfoCaches (164ms)
			ResolveRequiredComponents (10ms)
	FinalizeReload (657ms)
		ReleaseScriptCaches (0ms)
		RebuildScriptCaches (0ms)
		SetupLoadedEditorAssemblies (515ms)
			LogAssemblyErrors (0ms)
			InitializePlatformSupportModulesInManaged (2ms)
			SetLoadedEditorAssemblies (4ms)
			BeforeProcessingInitializeOnLoad (117ms)
			ProcessInitializeOnLoadAttributes (337ms)
			ProcessInitializeOnLoadMethodAttributes (52ms)
			AfterProcessingInitializeOnLoad (2ms)
			EditorAssembliesLoaded (0ms)
		ExecutionOrderSort2 (0ms)
		AwakeInstancesAfterBackupRestoration (14ms)
Refreshing native plugins compatible for Editor in 1.30 ms, found 4 plugins.
Preloading 0 native plugins for Editor in 0.00 ms.
Unloading 30 Unused Serialized files (Serialized files now loaded: 0)
Unloading 6721 unused Assets / (6.5 MB). Loaded Objects now: 7455.
Memory consumption went from 155.8 MB to 149.2 MB.
Total: 8.505600 ms (FindLiveObjects: 0.684700 ms CreateObjectMapping: 0.513800 ms MarkObjects: 4.380400 ms  DeleteObjects: 2.925400 ms)

Prepare: number of updated asset objects reloaded= 0
========================================================================
Received Import Request.
  Time since last request: 538.208215 seconds.
  path: Assets/TestAch.prefab
  artifactKey: Guid(d672c915b9446fe488075efe37e1aec3) Importer(815301076,1909f56bfc062723c751e8b465ee728b)
Start importing Assets/TestAch.prefab using Guid(d672c915b9446fe488075efe37e1aec3) Importer(815301076,1909f56bfc062723c751e8b465ee728b) (PreviewImporter) -> (artifact id: '535500398133f71d565f507059552d35') in 0.1344025 seconds
Number of updated asset objects reloaded before import = 0Number of asset objects unloaded after import = 28

========================================================================
Received Prepare
Begin MonoManager ReloadAssembly
- Loaded All Assemblies, in  0.626 seconds
Refreshing native plugins compatible for Editor in 1.03 ms, found 4 plugins.
Native extension for WindowsStandalone target not found
[Package Manager] Failed to launch server process. Reason: Unity was launched with the -noUpm command-line argument
[Package Manager] Unable to send message (not connected to server process).
[Package Manager] Cannot connect to Unity Package Manager local server
Mono: successfully reloaded assembly
- Finished resetting the current domain, in  0.653 seconds
Domain Reload Profiling: 1283ms
	BeginReloadAssembly (192ms)
		ExecutionOrderSort (0ms)
		DisableScriptedObjects (16ms)
		BackupInstance (0ms)
		ReleaseScriptingObjects (0ms)
		CreateAndSetChildDomain (44ms)
	RebuildCommonClasses (33ms)
	RebuildNativeTypeToScriptingClass (13ms)
	initialDomainReloadingComplete (23ms)
	LoadAllAssembliesAndSetupDomain (368ms)
		LoadAssemblies (274ms)
		RebuildTransferFunctionScriptingTraits (0ms)
		AnalyzeDomain (178ms)
			TypeCache.Refresh (7ms)
				TypeCache.ScanAssembly (0ms)
			BuildScriptInfoCaches (157ms)
			ResolveRequiredComponents (10ms)
	FinalizeReload (654ms)
		ReleaseScriptCaches (0ms)
		RebuildScriptCaches (0ms)
		SetupLoadedEditorAssemblies (517ms)
			LogAssemblyErrors (0ms)
			InitializePlatformSupportModulesInManaged (3ms)
			SetLoadedEditorAssemblies (5ms)
			BeforeProcessingInitializeOnLoad (121ms)
			ProcessInitializeOnLoadAttributes (336ms)
			ProcessInitializeOnLoadMethodAttributes (51ms)
			AfterProcessingInitializeOnLoad (2ms)
			EditorAssembliesLoaded (0ms)
		ExecutionOrderSort2 (0ms)
		AwakeInstancesAfterBackupRestoration (12ms)
Refreshing native plugins compatible for Editor in 1.19 ms, found 4 plugins.
Preloading 0 native plugins for Editor in 0.00 ms.
Unloading 30 Unused Serialized files (Serialized files now loaded: 0)
Unloading 6722 unused Assets / (6.6 MB). Loaded Objects now: 7458.
Memory consumption went from 155.9 MB to 149.2 MB.
Total: 9.211300 ms (FindLiveObjects: 0.594100 ms CreateObjectMapping: 0.521800 ms MarkObjects: 4.380900 ms  DeleteObjects: 3.713300 ms)

Prepare: number of updated asset objects reloaded= 0
========================================================================
Received Prepare
Begin MonoManager ReloadAssembly
- Loaded All Assemblies, in  0.639 seconds
Refreshing native plugins compatible for Editor in 0.85 ms, found 4 plugins.
Native extension for WindowsStandalone target not found
[Package Manager] Failed to launch server process. Reason: Unity was launched with the -noUpm command-line argument
[Package Manager] Unable to send message (not connected to server process).
[Package Manager] Cannot connect to Unity Package Manager local server
Mono: successfully reloaded assembly
- Finished resetting the current domain, in  0.687 seconds
Domain Reload Profiling: 1330ms
	BeginReloadAssembly (185ms)
		ExecutionOrderSort (0ms)
		DisableScriptedObjects (14ms)
		BackupInstance (0ms)
		ReleaseScriptingObjects (0ms)
		CreateAndSetChildDomain (38ms)
	RebuildCommonClasses (34ms)
	RebuildNativeTypeToScriptingClass (12ms)
	initialDomainReloadingComplete (24ms)
	LoadAllAssembliesAndSetupDomain (388ms)
		LoadAssemblies (289ms)
		RebuildTransferFunctionScriptingTraits (0ms)
		AnalyzeDomain (183ms)
			TypeCache.Refresh (8ms)
				TypeCache.ScanAssembly (0ms)
			BuildScriptInfoCaches (158ms)
			ResolveRequiredComponents (11ms)
	FinalizeReload (687ms)
		ReleaseScriptCaches (0ms)
		RebuildScriptCaches (0ms)
		SetupLoadedEditorAssemblies (545ms)
			LogAssemblyErrors (0ms)
			InitializePlatformSupportModulesInManaged (2ms)
			SetLoadedEditorAssemblies (5ms)
			BeforeProcessingInitializeOnLoad (116ms)
			ProcessInitializeOnLoadAttributes (361ms)
			ProcessInitializeOnLoadMethodAttributes (58ms)
			AfterProcessingInitializeOnLoad (3ms)
			EditorAssembliesLoaded (0ms)
		ExecutionOrderSort2 (0ms)
		AwakeInstancesAfterBackupRestoration (14ms)
Refreshing native plugins compatible for Editor in 1.57 ms, found 4 plugins.
Preloading 0 native plugins for Editor in 0.00 ms.
Unloading 30 Unused Serialized files (Serialized files now loaded: 0)
Unloading 6721 unused Assets / (6.4 MB). Loaded Objects now: 7460.
Memory consumption went from 155.9 MB to 149.5 MB.
Total: 9.875200 ms (FindLiveObjects: 0.632100 ms CreateObjectMapping: 0.607700 ms MarkObjects: 4.979200 ms  DeleteObjects: 3.654600 ms)

Prepare: number of updated asset objects reloaded= 0
========================================================================
Received Prepare
Begin MonoManager ReloadAssembly
- Loaded All Assemblies, in  0.619 seconds
Refreshing native plugins compatible for Editor in 0.87 ms, found 4 plugins.
Native extension for WindowsStandalone target not found
[Package Manager] Failed to launch server process. Reason: Unity was launched with the -noUpm command-line argument
[Package Manager] Unable to send message (not connected to server process).
[Package Manager] Cannot connect to Unity Package Manager local server
Mono: successfully reloaded assembly
- Finished resetting the current domain, in  0.673 seconds
Domain Reload Profiling: 1296ms
	BeginReloadAssembly (177ms)
		ExecutionOrderSort (0ms)
		DisableScriptedObjects (12ms)
		BackupInstance (0ms)
		ReleaseScriptingObjects (0ms)
		CreateAndSetChildDomain (37ms)
	RebuildCommonClasses (36ms)
	RebuildNativeTypeToScriptingClass (12ms)
	initialDomainReloadingComplete (22ms)
	LoadAllAssembliesAndSetupDomain (375ms)
		LoadAssemblies (275ms)
		RebuildTransferFunctionScriptingTraits (0ms)
		AnalyzeDomain (180ms)
			TypeCache.Refresh (7ms)
				TypeCache.ScanAssembly (0ms)
			BuildScriptInfoCaches (158ms)
			ResolveRequiredComponents (11ms)
	FinalizeReload (674ms)
		ReleaseScriptCaches (0ms)
		RebuildScriptCaches (0ms)
		SetupLoadedEditorAssemblies (532ms)
			LogAssemblyErrors (0ms)
			InitializePlatformSupportModulesInManaged (2ms)
			SetLoadedEditorAssemblies (4ms)
			BeforeProcessingInitializeOnLoad (114ms)
			ProcessInitializeOnLoadAttributes (354ms)
			ProcessInitializeOnLoadMethodAttributes (56ms)
			AfterProcessingInitializeOnLoad (2ms)
			EditorAssembliesLoaded (0ms)
		ExecutionOrderSort2 (0ms)
		AwakeInstancesAfterBackupRestoration (15ms)
Refreshing native plugins compatible for Editor in 1.25 ms, found 4 plugins.
Preloading 0 native plugins for Editor in 0.00 ms.
Unloading 30 Unused Serialized files (Serialized files now loaded: 0)
Unloading 6721 unused Assets / (6.5 MB). Loaded Objects now: 7462.
Memory consumption went from 157.8 MB to 151.3 MB.
Total: 8.809900 ms (FindLiveObjects: 0.642700 ms CreateObjectMapping: 0.534400 ms MarkObjects: 4.358200 ms  DeleteObjects: 3.272900 ms)

Prepare: number of updated asset objects reloaded= 0
========================================================================
Received Prepare
Begin MonoManager ReloadAssembly
- Loaded All Assemblies, in  0.613 seconds
Refreshing native plugins compatible for Editor in 1.23 ms, found 4 plugins.
Native extension for WindowsStandalone target not found
[Package Manager] Failed to launch server process. Reason: Unity was launched with the -noUpm command-line argument
[Package Manager] Unable to send message (not connected to server process).
[Package Manager] Cannot connect to Unity Package Manager local server
Mono: successfully reloaded assembly
- Finished resetting the current domain, in  0.665 seconds
Domain Reload Profiling: 1282ms
	BeginReloadAssembly (176ms)
		ExecutionOrderSort (0ms)
		DisableScriptedObjects (13ms)
		BackupInstance (0ms)
		ReleaseScriptingObjects (0ms)
		CreateAndSetChildDomain (36ms)
	RebuildCommonClasses (31ms)
	RebuildNativeTypeToScriptingClass (11ms)
	initialDomainReloadingComplete (24ms)
	LoadAllAssembliesAndSetupDomain (374ms)
		LoadAssemblies (272ms)
		RebuildTransferFunctionScriptingTraits (0ms)
		AnalyzeDomain (182ms)
			TypeCache.Refresh (6ms)
				TypeCache.ScanAssembly (0ms)
			BuildScriptInfoCaches (159ms)
			ResolveRequiredComponents (11ms)
	FinalizeReload (665ms)
		ReleaseScriptCaches (0ms)
		RebuildScriptCaches (0ms)
		SetupLoadedEditorAssemblies (522ms)
			LogAssemblyErrors (0ms)
			InitializePlatformSupportModulesInManaged (2ms)
			SetLoadedEditorAssemblies (5ms)
			BeforeProcessingInitializeOnLoad (119ms)
			ProcessInitializeOnLoadAttributes (333ms)
			ProcessInitializeOnLoadMethodAttributes (61ms)
			AfterProcessingInitializeOnLoad (2ms)
			EditorAssembliesLoaded (0ms)
		ExecutionOrderSort2 (0ms)
		AwakeInstancesAfterBackupRestoration (15ms)
Refreshing native plugins compatible for Editor in 1.58 ms, found 4 plugins.
Preloading 0 native plugins for Editor in 0.00 ms.
Unloading 30 Unused Serialized files (Serialized files now loaded: 0)
Unloading 6721 unused Assets / (6.7 MB). Loaded Objects now: 7464.
Memory consumption went from 157.9 MB to 151.2 MB.
Total: 9.833300 ms (FindLiveObjects: 0.594600 ms CreateObjectMapping: 0.580900 ms MarkObjects: 5.168000 ms  DeleteObjects: 3.488200 ms)

Prepare: number of updated asset objects reloaded= 0
========================================================================
Received Prepare
Begin MonoManager ReloadAssembly
- Loaded All Assemblies, in  0.628 seconds
Refreshing native plugins compatible for Editor in 1.03 ms, found 4 plugins.
Native extension for WindowsStandalone target not found
[Package Manager] Failed to launch server process. Reason: Unity was launched with the -noUpm command-line argument
[Package Manager] Unable to send message (not connected to server process).
[Package Manager] Cannot connect to Unity Package Manager local server
Mono: successfully reloaded assembly
- Finished resetting the current domain, in  0.661 seconds
Domain Reload Profiling: 1293ms
	BeginReloadAssembly (184ms)
		ExecutionOrderSort (0ms)
		DisableScriptedObjects (13ms)
		BackupInstance (0ms)
		ReleaseScriptingObjects (0ms)
		CreateAndSetChildDomain (37ms)
	RebuildCommonClasses (33ms)
	RebuildNativeTypeToScriptingClass (12ms)
	initialDomainReloadingComplete (26ms)
	LoadAllAssembliesAndSetupDomain (376ms)
		LoadAssemblies (275ms)
		RebuildTransferFunctionScriptingTraits (0ms)
		AnalyzeDomain (185ms)
			TypeCache.Refresh (7ms)
				TypeCache.ScanAssembly (0ms)
			BuildScriptInfoCaches (162ms)
			ResolveRequiredComponents (10ms)
	FinalizeReload (661ms)
		ReleaseScriptCaches (0ms)
		RebuildScriptCaches (0ms)
		SetupLoadedEditorAssemblies (522ms)
			LogAssemblyErrors (0ms)
			InitializePlatformSupportModulesInManaged (2ms)
			SetLoadedEditorAssemblies (5ms)
			BeforeProcessingInitializeOnLoad (122ms)
			ProcessInitializeOnLoadAttributes (335ms)
			ProcessInitializeOnLoadMethodAttributes (54ms)
			AfterProcessingInitializeOnLoad (3ms)
			EditorAssembliesLoaded (0ms)
		ExecutionOrderSort2 (0ms)
		AwakeInstancesAfterBackupRestoration (14ms)
Refreshing native plugins compatible for Editor in 1.76 ms, found 4 plugins.
Preloading 0 native plugins for Editor in 0.00 ms.
Unloading 30 Unused Serialized files (Serialized files now loaded: 0)
Unloading 6721 unused Assets / (7.1 MB). Loaded Objects now: 7466.
Memory consumption went from 157.9 MB to 150.8 MB.
Total: 13.537900 ms (FindLiveObjects: 0.609700 ms CreateObjectMapping: 0.792900 ms MarkObjects: 7.288400 ms  DeleteObjects: 4.845100 ms)

Prepare: number of updated asset objects reloaded= 0
========================================================================
Received Prepare
Begin MonoManager ReloadAssembly
- Loaded All Assemblies, in  0.620 seconds
Refreshing native plugins compatible for Editor in 0.89 ms, found 4 plugins.
Native extension for WindowsStandalone target not found
[Package Manager] Failed to launch server process. Reason: Unity was launched with the -noUpm command-line argument
[Package Manager] Unable to send message (not connected to server process).
[Package Manager] Cannot connect to Unity Package Manager local server
Mono: successfully reloaded assembly
- Finished resetting the current domain, in  0.666 seconds
Domain Reload Profiling: 1289ms
	BeginReloadAssembly (184ms)
		ExecutionOrderSort (0ms)
		DisableScriptedObjects (12ms)
		BackupInstance (0ms)
		ReleaseScriptingObjects (0ms)
		CreateAndSetChildDomain (39ms)
	RebuildCommonClasses (33ms)
	RebuildNativeTypeToScriptingClass (12ms)
	initialDomainReloadingComplete (24ms)
	LoadAllAssembliesAndSetupDomain (370ms)
		LoadAssemblies (274ms)
		RebuildTransferFunctionScriptingTraits (0ms)
		AnalyzeDomain (182ms)
			TypeCache.Refresh (6ms)
				TypeCache.ScanAssembly (0ms)
			BuildScriptInfoCaches (159ms)
			ResolveRequiredComponents (11ms)
	FinalizeReload (667ms)
		ReleaseScriptCaches (0ms)
		RebuildScriptCaches (0ms)
		SetupLoadedEditorAssemblies (525ms)
			LogAssemblyErrors (0ms)
			InitializePlatformSupportModulesInManaged (2ms)
			SetLoadedEditorAssemblies (5ms)
			BeforeProcessingInitializeOnLoad (119ms)
			ProcessInitializeOnLoadAttributes (342ms)
			ProcessInitializeOnLoadMethodAttributes (54ms)
			AfterProcessingInitializeOnLoad (2ms)
			EditorAssembliesLoaded (0ms)
		ExecutionOrderSort2 (0ms)
		AwakeInstancesAfterBackupRestoration (12ms)
Refreshing native plugins compatible for Editor in 1.29 ms, found 4 plugins.
Preloading 0 native plugins for Editor in 0.00 ms.
Unloading 30 Unused Serialized files (Serialized files now loaded: 0)
Unloading 6721 unused Assets / (6.4 MB). Loaded Objects now: 7468.
Memory consumption went from 157.9 MB to 151.5 MB.
Total: 9.353300 ms (FindLiveObjects: 0.643800 ms CreateObjectMapping: 0.618600 ms MarkObjects: 4.874400 ms  DeleteObjects: 3.215200 ms)

Prepare: number of updated asset objects reloaded= 0
========================================================================
Received Prepare
Begin MonoManager ReloadAssembly
- Loaded All Assemblies, in  0.638 seconds
Refreshing native plugins compatible for Editor in 0.84 ms, found 4 plugins.
Native extension for WindowsStandalone target not found
[Package Manager] Failed to launch server process. Reason: Unity was launched with the -noUpm command-line argument
[Package Manager] Unable to send message (not connected to server process).
[Package Manager] Cannot connect to Unity Package Manager local server
Mono: successfully reloaded assembly
- Finished resetting the current domain, in  0.689 seconds
Domain Reload Profiling: 1331ms
	BeginReloadAssembly (187ms)
		ExecutionOrderSort (0ms)
		DisableScriptedObjects (13ms)
		BackupInstance (0ms)
		ReleaseScriptingObjects (0ms)
		CreateAndSetChildDomain (36ms)
	RebuildCommonClasses (33ms)
	RebuildNativeTypeToScriptingClass (12ms)
	initialDomainReloadingComplete (22ms)
	LoadAllAssembliesAndSetupDomain (387ms)
		LoadAssemblies (290ms)
		RebuildTransferFunctionScriptingTraits (0ms)
		AnalyzeDomain (188ms)
			TypeCache.Refresh (6ms)
				TypeCache.ScanAssembly (0ms)
			BuildScriptInfoCaches (165ms)
			ResolveRequiredComponents (11ms)
	FinalizeReload (690ms)
		ReleaseScriptCaches (0ms)
		RebuildScriptCaches (0ms)
		SetupLoadedEditorAssemblies (546ms)
			LogAssemblyErrors (0ms)
			InitializePlatformSupportModulesInManaged (2ms)
			SetLoadedEditorAssemblies (5ms)
			BeforeProcessingInitializeOnLoad (123ms)
			ProcessInitializeOnLoadAttributes (353ms)
			ProcessInitializeOnLoadMethodAttributes (61ms)
			AfterProcessingInitializeOnLoad (2ms)
			EditorAssembliesLoaded (0ms)
		ExecutionOrderSort2 (0ms)
		AwakeInstancesAfterBackupRestoration (14ms)
Refreshing native plugins compatible for Editor in 1.23 ms, found 4 plugins.
Preloading 0 native plugins for Editor in 0.00 ms.
Unloading 30 Unused Serialized files (Serialized files now loaded: 0)
Unloading 6721 unused Assets / (6.3 MB). Loaded Objects now: 7470.
Memory consumption went from 158.0 MB to 151.6 MB.
Total: 10.782300 ms (FindLiveObjects: 0.585200 ms CreateObjectMapping: 0.707900 ms MarkObjects: 5.616200 ms  DeleteObjects: 3.871600 ms)

Prepare: number of updated asset objects reloaded= 0
========================================================================
Received Prepare
Begin MonoManager ReloadAssembly
- Loaded All Assemblies, in  0.621 seconds
Refreshing native plugins compatible for Editor in 1.08 ms, found 4 plugins.
Native extension for WindowsStandalone target not found
[Package Manager] Failed to launch server process. Reason: Unity was launched with the -noUpm command-line argument
[Package Manager] Unable to send message (not connected to server process).
[Package Manager] Cannot connect to Unity Package Manager local server
Mono: successfully reloaded assembly
- Finished resetting the current domain, in  0.662 seconds
Domain Reload Profiling: 1287ms
	BeginReloadAssembly (180ms)
		ExecutionOrderSort (0ms)
		DisableScriptedObjects (12ms)
		BackupInstance (0ms)
		ReleaseScriptingObjects (0ms)
		CreateAndSetChildDomain (35ms)
	RebuildCommonClasses (31ms)
	RebuildNativeTypeToScriptingClass (12ms)
	initialDomainReloadingComplete (23ms)
	LoadAllAssembliesAndSetupDomain (379ms)
		LoadAssemblies (286ms)
		RebuildTransferFunctionScriptingTraits (0ms)
		AnalyzeDomain (178ms)
			TypeCache.Refresh (6ms)
				TypeCache.ScanAssembly (0ms)
			BuildScriptInfoCaches (157ms)
			ResolveRequiredComponents (10ms)
	FinalizeReload (663ms)
		ReleaseScriptCaches (0ms)
		RebuildScriptCaches (0ms)
		SetupLoadedEditorAssemblies (526ms)
			LogAssemblyErrors (0ms)
			InitializePlatformSupportModulesInManaged (2ms)
			SetLoadedEditorAssemblies (5ms)
			BeforeProcessingInitializeOnLoad (117ms)
			ProcessInitializeOnLoadAttributes (342ms)
			ProcessInitializeOnLoadMethodAttributes (57ms)
			AfterProcessingInitializeOnLoad (2ms)
			EditorAssembliesLoaded (0ms)
		ExecutionOrderSort2 (0ms)
		AwakeInstancesAfterBackupRestoration (15ms)
Refreshing native plugins compatible for Editor in 1.26 ms, found 4 plugins.
Preloading 0 native plugins for Editor in 0.00 ms.
Unloading 30 Unused Serialized files (Serialized files now loaded: 0)
Unloading 6721 unused Assets / (7.0 MB). Loaded Objects now: 7472.
Memory consumption went from 157.9 MB to 150.9 MB.
Total: 10.850600 ms (FindLiveObjects: 0.823700 ms CreateObjectMapping: 0.572700 ms MarkObjects: 5.687700 ms  DeleteObjects: 3.765300 ms)

Prepare: number of updated asset objects reloaded= 0
========================================================================
Received Prepare
Begin MonoManager ReloadAssembly
- Loaded All Assemblies, in  0.637 seconds
Refreshing native plugins compatible for Editor in 1.03 ms, found 4 plugins.
Native extension for WindowsStandalone target not found
[Package Manager] Failed to launch server process. Reason: Unity was launched with the -noUpm command-line argument
[Package Manager] Unable to send message (not connected to server process).
[Package Manager] Cannot connect to Unity Package Manager local server
Mono: successfully reloaded assembly
- Finished resetting the current domain, in  0.700 seconds
Domain Reload Profiling: 1342ms
	BeginReloadAssembly (198ms)
		ExecutionOrderSort (0ms)
		DisableScriptedObjects (14ms)
		BackupInstance (0ms)
		ReleaseScriptingObjects (0ms)
		CreateAndSetChildDomain (40ms)
	RebuildCommonClasses (34ms)
	RebuildNativeTypeToScriptingClass (12ms)
	initialDomainReloadingComplete (23ms)
	LoadAllAssembliesAndSetupDomain (373ms)
		LoadAssemblies (276ms)
		RebuildTransferFunctionScriptingTraits (0ms)
		AnalyzeDomain (186ms)
			TypeCache.Refresh (9ms)
				TypeCache.ScanAssembly (0ms)
			BuildScriptInfoCaches (160ms)
			ResolveRequiredComponents (11ms)
	FinalizeReload (701ms)
		ReleaseScriptCaches (0ms)
		RebuildScriptCaches (0ms)
		SetupLoadedEditorAssemblies (557ms)
			LogAssemblyErrors (0ms)
			InitializePlatformSupportModulesInManaged (2ms)
			SetLoadedEditorAssemblies (5ms)
			BeforeProcessingInitializeOnLoad (124ms)
			ProcessInitializeOnLoadAttributes (358ms)
			ProcessInitializeOnLoadMethodAttributes (66ms)
			AfterProcessingInitializeOnLoad (2ms)
			EditorAssembliesLoaded (0ms)
		ExecutionOrderSort2 (0ms)
		AwakeInstancesAfterBackupRestoration (14ms)
Refreshing native plugins compatible for Editor in 1.37 ms, found 4 plugins.
Preloading 0 native plugins for Editor in 0.00 ms.
Unloading 30 Unused Serialized files (Serialized files now loaded: 0)
Unloading 6721 unused Assets / (6.6 MB). Loaded Objects now: 7474.
Memory consumption went from 158.1 MB to 151.5 MB.
Total: 9.804700 ms (FindLiveObjects: 0.759600 ms CreateObjectMapping: 0.603700 ms MarkObjects: 4.921400 ms  DeleteObjects: 3.518400 ms)

Prepare: number of updated asset objects reloaded= 0
========================================================================
Received Prepare
Begin MonoManager ReloadAssembly
- Loaded All Assemblies, in  0.642 seconds
Refreshing native plugins compatible for Editor in 0.89 ms, found 4 plugins.
Native extension for WindowsStandalone target not found
[Package Manager] Failed to launch server process. Reason: Unity was launched with the -noUpm command-line argument
[Package Manager] Unable to send message (not connected to server process).
[Package Manager] Cannot connect to Unity Package Manager local server
Mono: successfully reloaded assembly
- Finished resetting the current domain, in  0.667 seconds
Domain Reload Profiling: 1312ms
	BeginReloadAssembly (191ms)
		ExecutionOrderSort (0ms)
		DisableScriptedObjects (16ms)
		BackupInstance (0ms)
		ReleaseScriptingObjects (0ms)
		CreateAndSetChildDomain (38ms)
	RebuildCommonClasses (35ms)
	RebuildNativeTypeToScriptingClass (13ms)
	initialDomainReloadingComplete (23ms)
	LoadAllAssembliesAndSetupDomain (383ms)
		LoadAssemblies (287ms)
		RebuildTransferFunctionScriptingTraits (0ms)
		AnalyzeDomain (184ms)
			TypeCache.Refresh (9ms)
				TypeCache.ScanAssembly (0ms)
			BuildScriptInfoCaches (160ms)
			ResolveRequiredComponents (11ms)
	FinalizeReload (667ms)
		ReleaseScriptCaches (0ms)
		RebuildScriptCaches (0ms)
		SetupLoadedEditorAssemblies (526ms)
			LogAssemblyErrors (0ms)
			InitializePlatformSupportModulesInManaged (2ms)
			SetLoadedEditorAssemblies (5ms)
			BeforeProcessingInitializeOnLoad (117ms)
			ProcessInitializeOnLoadAttributes (346ms)
			ProcessInitializeOnLoadMethodAttributes (53ms)
			AfterProcessingInitializeOnLoad (2ms)
			EditorAssembliesLoaded (0ms)
		ExecutionOrderSort2 (0ms)
		AwakeInstancesAfterBackupRestoration (12ms)
Refreshing native plugins compatible for Editor in 1.08 ms, found 4 plugins.
Preloading 0 native plugins for Editor in 0.00 ms.
Unloading 30 Unused Serialized files (Serialized files now loaded: 0)
Unloading 6721 unused Assets / (6.5 MB). Loaded Objects now: 7476.
Memory consumption went from 158.1 MB to 151.5 MB.
Total: 8.613200 ms (FindLiveObjects: 0.550200 ms CreateObjectMapping: 0.528400 ms MarkObjects: 4.153800 ms  DeleteObjects: 3.379700 ms)

Prepare: number of updated asset objects reloaded= 0
========================================================================
Received Prepare
Begin MonoManager ReloadAssembly
- Loaded All Assemblies, in  0.625 seconds
Refreshing native plugins compatible for Editor in 1.00 ms, found 4 plugins.
Native extension for WindowsStandalone target not found
[Package Manager] Failed to launch server process. Reason: Unity was launched with the -noUpm command-line argument
[Package Manager] Unable to send message (not connected to server process).
[Package Manager] Cannot connect to Unity Package Manager local server
Mono: successfully reloaded assembly
- Finished resetting the current domain, in  0.659 seconds
Domain Reload Profiling: 1288ms
	BeginReloadAssembly (179ms)
		ExecutionOrderSort (0ms)
		DisableScriptedObjects (13ms)
		BackupInstance (0ms)
		ReleaseScriptingObjects (0ms)
		CreateAndSetChildDomain (36ms)
	RebuildCommonClasses (32ms)
	RebuildNativeTypeToScriptingClass (11ms)
	initialDomainReloadingComplete (24ms)
	LoadAllAssembliesAndSetupDomain (382ms)
		LoadAssemblies (284ms)
		RebuildTransferFunctionScriptingTraits (0ms)
		AnalyzeDomain (181ms)
			TypeCache.Refresh (7ms)
				TypeCache.ScanAssembly (0ms)
			BuildScriptInfoCaches (159ms)
			ResolveRequiredComponents (10ms)
	FinalizeReload (659ms)
		ReleaseScriptCaches (0ms)
		RebuildScriptCaches (0ms)
		SetupLoadedEditorAssemblies (520ms)
			LogAssemblyErrors (0ms)
			InitializePlatformSupportModulesInManaged (2ms)
			SetLoadedEditorAssemblies (4ms)
			BeforeProcessingInitializeOnLoad (120ms)
			ProcessInitializeOnLoadAttributes (339ms)
			ProcessInitializeOnLoadMethodAttributes (52ms)
			AfterProcessingInitializeOnLoad (2ms)
			EditorAssembliesLoaded (0ms)
		ExecutionOrderSort2 (0ms)
		AwakeInstancesAfterBackupRestoration (14ms)
Refreshing native plugins compatible for Editor in 1.41 ms, found 4 plugins.
Preloading 0 native plugins for Editor in 0.00 ms.
Unloading 30 Unused Serialized files (Serialized files now loaded: 0)
Unloading 6721 unused Assets / (7.0 MB). Loaded Objects now: 7478.
Memory consumption went from 158.1 MB to 151.1 MB.
Total: 10.184800 ms (FindLiveObjects: 0.697200 ms CreateObjectMapping: 0.556400 ms MarkObjects: 4.822100 ms  DeleteObjects: 4.107600 ms)

Prepare: number of updated asset objects reloaded= 0
========================================================================
Received Prepare
Begin MonoManager ReloadAssembly
- Loaded All Assemblies, in  0.691 seconds
Refreshing native plugins compatible for Editor in 0.97 ms, found 4 plugins.
Native extension for WindowsStandalone target not found
[Package Manager] Failed to launch server process. Reason: Unity was launched with the -noUpm command-line argument
[Package Manager] Unable to send message (not connected to server process).
[Package Manager] Cannot connect to Unity Package Manager local server
Mono: successfully reloaded assembly
- Finished resetting the current domain, in  0.706 seconds
Domain Reload Profiling: 1400ms
	BeginReloadAssembly (198ms)
		ExecutionOrderSort (0ms)
		DisableScriptedObjects (16ms)
		BackupInstance (0ms)
		ReleaseScriptingObjects (0ms)
		CreateAndSetChildDomain (40ms)
	RebuildCommonClasses (33ms)
	RebuildNativeTypeToScriptingClass (13ms)
	initialDomainReloadingComplete (26ms)
	LoadAllAssembliesAndSetupDomain (424ms)
		LoadAssemblies (310ms)
		RebuildTransferFunctionScriptingTraits (0ms)
		AnalyzeDomain (204ms)
			TypeCache.Refresh (10ms)
				TypeCache.ScanAssembly (0ms)
			BuildScriptInfoCaches (178ms)
			ResolveRequiredComponents (10ms)
	FinalizeReload (706ms)
		ReleaseScriptCaches (0ms)
		RebuildScriptCaches (0ms)
		SetupLoadedEditorAssemblies (562ms)
			LogAssemblyErrors (0ms)
			InitializePlatformSupportModulesInManaged (2ms)
			SetLoadedEditorAssemblies (5ms)
			BeforeProcessingInitializeOnLoad (126ms)
			ProcessInitializeOnLoadAttributes (366ms)
			ProcessInitializeOnLoadMethodAttributes (61ms)
			AfterProcessingInitializeOnLoad (2ms)
			EditorAssembliesLoaded (0ms)
		ExecutionOrderSort2 (0ms)
		AwakeInstancesAfterBackupRestoration (15ms)
Refreshing native plugins compatible for Editor in 1.21 ms, found 4 plugins.
Preloading 0 native plugins for Editor in 0.00 ms.
Unloading 30 Unused Serialized files (Serialized files now loaded: 0)
Unloading 6721 unused Assets / (6.7 MB). Loaded Objects now: 7480.
Memory consumption went from 158.2 MB to 151.4 MB.
Total: 10.449300 ms (FindLiveObjects: 0.840100 ms CreateObjectMapping: 0.631500 ms MarkObjects: 5.125300 ms  DeleteObjects: 3.850900 ms)

Prepare: number of updated asset objects reloaded= 0
========================================================================
Received Prepare
Begin MonoManager ReloadAssembly
- Loaded All Assemblies, in  0.621 seconds
Refreshing native plugins compatible for Editor in 0.98 ms, found 4 plugins.
Native extension for WindowsStandalone target not found
[Package Manager] Failed to launch server process. Reason: Unity was launched with the -noUpm command-line argument
[Package Manager] Unable to send message (not connected to server process).
[Package Manager] Cannot connect to Unity Package Manager local server
Mono: successfully reloaded assembly
- Finished resetting the current domain, in  0.703 seconds
Domain Reload Profiling: 1327ms
	BeginReloadAssembly (184ms)
		ExecutionOrderSort (0ms)
		DisableScriptedObjects (14ms)
		BackupInstance (0ms)
		ReleaseScriptingObjects (0ms)
		CreateAndSetChildDomain (36ms)
	RebuildCommonClasses (34ms)
	RebuildNativeTypeToScriptingClass (12ms)
	initialDomainReloadingComplete (24ms)
	LoadAllAssembliesAndSetupDomain (371ms)
		LoadAssemblies (274ms)
		RebuildTransferFunctionScriptingTraits (0ms)
		AnalyzeDomain (181ms)
			TypeCache.Refresh (6ms)
				TypeCache.ScanAssembly (0ms)
			BuildScriptInfoCaches (159ms)
			ResolveRequiredComponents (10ms)
	FinalizeReload (703ms)
		ReleaseScriptCaches (0ms)
		RebuildScriptCaches (0ms)
		SetupLoadedEditorAssemblies (563ms)
			LogAssemblyErrors (0ms)
			InitializePlatformSupportModulesInManaged (2ms)
			SetLoadedEditorAssemblies (5ms)
			BeforeProcessingInitializeOnLoad (128ms)
			ProcessInitializeOnLoadAttributes (370ms)
			ProcessInitializeOnLoadMethodAttributes (55ms)
			AfterProcessingInitializeOnLoad (2ms)
			EditorAssembliesLoaded (0ms)
		ExecutionOrderSort2 (0ms)
		AwakeInstancesAfterBackupRestoration (14ms)
Refreshing native plugins compatible for Editor in 1.30 ms, found 4 plugins.
Preloading 0 native plugins for Editor in 0.00 ms.
Unloading 30 Unused Serialized files (Serialized files now loaded: 0)
Unloading 6721 unused Assets / (6.5 MB). Loaded Objects now: 7482.
Memory consumption went from 158.1 MB to 151.7 MB.
Total: 9.397600 ms (FindLiveObjects: 0.580900 ms CreateObjectMapping: 0.712200 ms MarkObjects: 4.670400 ms  DeleteObjects: 3.432900 ms)

Prepare: number of updated asset objects reloaded= 0
========================================================================
Received Prepare
Begin MonoManager ReloadAssembly
- Loaded All Assemblies, in  0.607 seconds
Refreshing native plugins compatible for Editor in 0.83 ms, found 4 plugins.
Native extension for WindowsStandalone target not found
[Package Manager] Failed to launch server process. Reason: Unity was launched with the -noUpm command-line argument
[Package Manager] Unable to send message (not connected to server process).
[Package Manager] Cannot connect to Unity Package Manager local server
Mono: successfully reloaded assembly
- Finished resetting the current domain, in  0.655 seconds
Domain Reload Profiling: 1266ms
	BeginReloadAssembly (175ms)
		ExecutionOrderSort (0ms)
		DisableScriptedObjects (12ms)
		BackupInstance (0ms)
		ReleaseScriptingObjects (0ms)
		CreateAndSetChildDomain (35ms)
	RebuildCommonClasses (32ms)
	RebuildNativeTypeToScriptingClass (11ms)
	initialDomainReloadingComplete (21ms)
	LoadAllAssembliesAndSetupDomain (373ms)
		LoadAssemblies (274ms)
		RebuildTransferFunctionScriptingTraits (0ms)
		AnalyzeDomain (180ms)
			TypeCache.Refresh (8ms)
				TypeCache.ScanAssembly (0ms)
			BuildScriptInfoCaches (157ms)
			ResolveRequiredComponents (10ms)
	FinalizeReload (655ms)
		ReleaseScriptCaches (0ms)
		RebuildScriptCaches (0ms)
		SetupLoadedEditorAssemblies (518ms)
			LogAssemblyErrors (0ms)
			InitializePlatformSupportModulesInManaged (2ms)
			SetLoadedEditorAssemblies (5ms)
			BeforeProcessingInitializeOnLoad (118ms)
			ProcessInitializeOnLoadAttributes (338ms)
			ProcessInitializeOnLoadMethodAttributes (52ms)
			AfterProcessingInitializeOnLoad (3ms)
			EditorAssembliesLoaded (0ms)
		ExecutionOrderSort2 (0ms)
		AwakeInstancesAfterBackupRestoration (13ms)
Refreshing native plugins compatible for Editor in 1.08 ms, found 4 plugins.
Preloading 0 native plugins for Editor in 0.00 ms.
Unloading 30 Unused Serialized files (Serialized files now loaded: 0)
Unloading 6721 unused Assets / (6.4 MB). Loaded Objects now: 7484.
Memory consumption went from 158.2 MB to 151.9 MB.
Total: 9.580500 ms (FindLiveObjects: 0.618500 ms CreateObjectMapping: 0.584200 ms MarkObjects: 4.853300 ms  DeleteObjects: 3.522400 ms)

Prepare: number of updated asset objects reloaded= 0
========================================================================
Received Prepare
Begin MonoManager ReloadAssembly
- Loaded All Assemblies, in  0.628 seconds
Refreshing native plugins compatible for Editor in 1.09 ms, found 4 plugins.
Native extension for WindowsStandalone target not found
[Package Manager] Failed to launch server process. Reason: Unity was launched with the -noUpm command-line argument
[Package Manager] Unable to send message (not connected to server process).
[Package Manager] Cannot connect to Unity Package Manager local server
Mono: successfully reloaded assembly
- Finished resetting the current domain, in  0.692 seconds
Domain Reload Profiling: 1324ms
	BeginReloadAssembly (183ms)
		ExecutionOrderSort (0ms)
		DisableScriptedObjects (12ms)
		BackupInstance (0ms)
		ReleaseScriptingObjects (0ms)
		CreateAndSetChildDomain (37ms)
	RebuildCommonClasses (33ms)
	RebuildNativeTypeToScriptingClass (12ms)
	initialDomainReloadingComplete (24ms)
	LoadAllAssembliesAndSetupDomain (379ms)
		LoadAssemblies (278ms)
		RebuildTransferFunctionScriptingTraits (0ms)
		AnalyzeDomain (186ms)
			TypeCache.Refresh (8ms)
				TypeCache.ScanAssembly (0ms)
			BuildScriptInfoCaches (162ms)
			ResolveRequiredComponents (10ms)
	FinalizeReload (692ms)
		ReleaseScriptCaches (0ms)
		RebuildScriptCaches (0ms)
		SetupLoadedEditorAssemblies (553ms)
			LogAssemblyErrors (0ms)
			InitializePlatformSupportModulesInManaged (2ms)
			SetLoadedEditorAssemblies (5ms)
			BeforeProcessingInitializeOnLoad (121ms)
			ProcessInitializeOnLoadAttributes (361ms)
			ProcessInitializeOnLoadMethodAttributes (62ms)
			AfterProcessingInitializeOnLoad (2ms)
			EditorAssembliesLoaded (0ms)
		ExecutionOrderSort2 (0ms)
		AwakeInstancesAfterBackupRestoration (14ms)
Refreshing native plugins compatible for Editor in 1.30 ms, found 4 plugins.
Preloading 0 native plugins for Editor in 0.00 ms.
Unloading 30 Unused Serialized files (Serialized files now loaded: 0)
Unloading 6721 unused Assets / (6.5 MB). Loaded Objects now: 7486.
Memory consumption went from 158.2 MB to 151.8 MB.
Total: 9.798600 ms (FindLiveObjects: 0.717000 ms CreateObjectMapping: 0.689100 ms MarkObjects: 4.625500 ms  DeleteObjects: 3.765400 ms)

Prepare: number of updated asset objects reloaded= 0
========================================================================
Received Prepare
Begin MonoManager ReloadAssembly
- Loaded All Assemblies, in  0.643 seconds
Refreshing native plugins compatible for Editor in 0.98 ms, found 4 plugins.
Native extension for WindowsStandalone target not found
[Package Manager] Failed to launch server process. Reason: Unity was launched with the -noUpm command-line argument
[Package Manager] Unable to send message (not connected to server process).
[Package Manager] Cannot connect to Unity Package Manager local server
Mono: successfully reloaded assembly
- Finished resetting the current domain, in  0.715 seconds
Domain Reload Profiling: 1361ms
	BeginReloadAssembly (181ms)
		ExecutionOrderSort (0ms)
		DisableScriptedObjects (13ms)
		BackupInstance (0ms)
		ReleaseScriptingObjects (0ms)
		CreateAndSetChildDomain (35ms)
	RebuildCommonClasses (33ms)
	RebuildNativeTypeToScriptingClass (12ms)
	initialDomainReloadingComplete (24ms)
	LoadAllAssembliesAndSetupDomain (396ms)
		LoadAssemblies (279ms)
		RebuildTransferFunctionScriptingTraits (0ms)
		AnalyzeDomain (199ms)
			TypeCache.Refresh (6ms)
				TypeCache.ScanAssembly (0ms)
			BuildScriptInfoCaches (175ms)
			ResolveRequiredComponents (11ms)
	FinalizeReload (715ms)
		ReleaseScriptCaches (0ms)
		RebuildScriptCaches (0ms)
		SetupLoadedEditorAssemblies (567ms)
			LogAssemblyErrors (0ms)
			InitializePlatformSupportModulesInManaged (2ms)
			SetLoadedEditorAssemblies (5ms)
			BeforeProcessingInitializeOnLoad (133ms)
			ProcessInitializeOnLoadAttributes (359ms)
			ProcessInitializeOnLoadMethodAttributes (66ms)
			AfterProcessingInitializeOnLoad (2ms)
			EditorAssembliesLoaded (0ms)
		ExecutionOrderSort2 (0ms)
		AwakeInstancesAfterBackupRestoration (16ms)
Refreshing native plugins compatible for Editor in 1.29 ms, found 4 plugins.
Preloading 0 native plugins for Editor in 0.00 ms.
Unloading 30 Unused Serialized files (Serialized files now loaded: 0)
Unloading 6721 unused Assets / (6.5 MB). Loaded Objects now: 7488.
Memory consumption went from 158.3 MB to 151.8 MB.
Total: 10.003500 ms (FindLiveObjects: 0.672400 ms CreateObjectMapping: 0.687000 ms MarkObjects: 4.831600 ms  DeleteObjects: 3.810900 ms)

Prepare: number of updated asset objects reloaded= 0
========================================================================
Received Import Request.
  Time since last request: 3135.218051 seconds.
  path: Assets/Scenes
  artifactKey: Guid(109e9bdd0fcc649c5bc59085c35bdc83) Importer(815301076,1909f56bfc062723c751e8b465ee728b)
Start importing Assets/Scenes using Guid(109e9bdd0fcc649c5bc59085c35bdc83) Importer(815301076,1909f56bfc062723c751e8b465ee728b) (PreviewImporter) -> (artifact id: 'afdff4c3a2fdaa6f8b2ca806ac4aa93d') in 0.1027055 seconds
Number of updated asset objects reloaded before import = 0Number of asset objects unloaded after import = 0

========================================================================
Received Import Request.
  Time since last request: 5.397778 seconds.
  path: Assets/Scripts/AchievementManagerEditor.cs
  artifactKey: Guid(1b179670650733240971f08a9b1b642c) Importer(2089858483,192608db42251d675da83286b1cce702)
Start importing Assets/Scripts/AchievementManagerEditor.cs using Guid(1b179670650733240971f08a9b1b642c) Importer(2089858483,192608db42251d675da83286b1cce702) (ScriptedImporter) -> (artifact id: '76c764a8587572197ba1b11aeaad78e6') in 0.1655295 seconds
Number of updated asset objects reloaded before import = 0Number of asset objects unloaded after import = 0

========================================================================
Received Import Request.
  Time since last request: 0.000017 seconds.
  path: Assets/Scenes/SampleScene.unity
  artifactKey: Guid(8c9cfa26abfee488c85f1582747f6a02) Importer(2089858483,192608db42251d675da83286b1cce702)
Start importing Assets/Scenes/SampleScene.unity using Guid(8c9cfa26abfee488c85f1582747f6a02) Importer(2089858483,192608db42251d675da83286b1cce702) (ScriptedImporter) -> (artifact id: 'b34beb67ea126220dfde90ed3202396c') in 0.0247346 seconds
Number of updated asset objects reloaded before import = 0Number of asset objects unloaded after import = 1

========================================================================
Received Import Request.
  Time since last request: 0.000028 seconds.
  path: Assets/TestAch.prefab
  artifactKey: Guid(d672c915b9446fe488075efe37e1aec3) Importer(2089858483,192608db42251d675da83286b1cce702)
Start importing Assets/TestAch.prefab using Guid(d672c915b9446fe488075efe37e1aec3) Importer(2089858483,192608db42251d675da83286b1cce702) (ScriptedImporter) -> (artifact id: '165b9b0fae0bf1bf326046fb1955ae58') in 0.0868154 seconds
Number of updated asset objects reloaded before import = 0Number of asset objects unloaded after import = 28

========================================================================
Received Prepare
Refreshing native plugins compatible for Editor in 1.15 ms, found 4 plugins.
Preloading 0 native plugins for Editor in 0.00 ms.
Unloading 30 Unused Serialized files (Serialized files now loaded: 0)
Unloading 6712 unused Assets / (6.6 MB). Loaded Objects now: 7490.
Memory consumption went from 158.7 MB to 152.1 MB.
Total: 10.192400 ms (FindLiveObjects: 0.638700 ms CreateObjectMapping: 0.685500 ms MarkObjects: 5.500900 ms  DeleteObjects: 3.366300 ms)

Prepare: number of updated asset objects reloaded= 0
========================================================================
Received Import Request.
  Time since last request: 6.688229 seconds.
  path: Assets/Scripts/AchievementToast.cs
  artifactKey: Guid(e5f35b464f4529f458653c5a9e75c3f0) Importer(2089858483,192608db42251d675da83286b1cce702)
Start importing Assets/Scripts/AchievementToast.cs using Guid(e5f35b464f4529f458653c5a9e75c3f0) Importer(2089858483,192608db42251d675da83286b1cce702) (ScriptedImporter) -> (artifact id: '46a2fa34cab2f24a435c3b7b75abc1e4') in 0.0217842 seconds
Number of updated asset objects reloaded before import = 0Number of asset objects unloaded after import = 0

========================================================================
Received Prepare
Begin MonoManager ReloadAssembly
- Loaded All Assemblies, in  0.754 seconds
Refreshing native plugins compatible for Editor in 1.05 ms, found 4 plugins.
Native extension for WindowsStandalone target not found
[Package Manager] Failed to launch server process. Reason: Unity was launched with the -noUpm command-line argument
[Package Manager] Unable to send message (not connected to server process).
[Package Manager] Cannot connect to Unity Package Manager local server
Mono: successfully reloaded assembly
- Finished resetting the current domain, in  0.756 seconds
Domain Reload Profiling: 1514ms
	BeginReloadAssembly (255ms)
		ExecutionOrderSort (0ms)
		DisableScriptedObjects (18ms)
		BackupInstance (0ms)
		ReleaseScriptingObjects (0ms)
		CreateAndSetChildDomain (68ms)
	RebuildCommonClasses (35ms)
	RebuildNativeTypeToScriptingClass (12ms)
	initialDomainReloadingComplete (27ms)
	LoadAllAssembliesAndSetupDomain (429ms)
		LoadAssemblies (326ms)
		RebuildTransferFunctionScriptingTraits (0ms)
		AnalyzeDomain (212ms)
			TypeCache.Refresh (9ms)
				TypeCache.ScanAssembly (0ms)
			BuildScriptInfoCaches (186ms)
			ResolveRequiredComponents (10ms)
	FinalizeReload (757ms)
		ReleaseScriptCaches (0ms)
		RebuildScriptCaches (0ms)
		SetupLoadedEditorAssemblies (605ms)
			LogAssemblyErrors (0ms)
			InitializePlatformSupportModulesInManaged (2ms)
			SetLoadedEditorAssemblies (5ms)
			BeforeProcessingInitializeOnLoad (126ms)
			ProcessInitializeOnLoadAttributes (404ms)
			ProcessInitializeOnLoadMethodAttributes (65ms)
			AfterProcessingInitializeOnLoad (2ms)
			EditorAssembliesLoaded (0ms)
		ExecutionOrderSort2 (0ms)
		AwakeInstancesAfterBackupRestoration (16ms)
Refreshing native plugins compatible for Editor in 1.54 ms, found 4 plugins.
Preloading 0 native plugins for Editor in 0.00 ms.
Unloading 30 Unused Serialized files (Serialized files now loaded: 0)
Unloading 6722 unused Assets / (6.4 MB). Loaded Objects now: 7492.
Memory consumption went from 158.4 MB to 152.0 MB.
Total: 10.109600 ms (FindLiveObjects: 0.611700 ms CreateObjectMapping: 0.571100 ms MarkObjects: 5.155000 ms  DeleteObjects: 3.770000 ms)

Prepare: number of updated asset objects reloaded= 0
========================================================================
Received Import Request.
  Time since last request: 8.669245 seconds.
  path: Assets/Scripts/AchievementToast.cs
  artifactKey: Guid(e5f35b464f4529f458653c5a9e75c3f0) Importer(815301076,1909f56bfc062723c751e8b465ee728b)
Start importing Assets/Scripts/AchievementToast.cs using Guid(e5f35b464f4529f458653c5a9e75c3f0) Importer(815301076,1909f56bfc062723c751e8b465ee728b) (PreviewImporter) -> (artifact id: '00000000000000000000000000000000') in 0.0057264 seconds
Import Error Code:(4)
Message: Build asset version error: assets/scripts/achievementtoast.cs in SourceAssetDB has modification time of '2026-01-01T00:09:57.3370932Z' while content on disk has modification time of '2026-01-01T00:10:00.5395182Z'
  ERROR: Build asset version error: assets/scripts/achievementtoast.cs in SourceAssetDB has modification time of '2026-01-01T00:09:57.3370932Z' while content on disk has modification time of '2026-01-01T00:10:00.5395182Z'
Number of updated asset objects reloaded before import = 0Number of asset objects unloaded after import = 0

========================================================================
Received Import Request.
  Time since last request: 0.000019 seconds.
  path: Assets/Scripts/AchievementToast.cs
  artifactKey: Guid(e5f35b464f4529f458653c5a9e75c3f0) Importer(815301076,1909f56bfc062723c751e8b465ee728b)
Start importing Assets/Scripts/AchievementToast.cs using Guid(e5f35b464f4529f458653c5a9e75c3f0) Importer(815301076,1909f56bfc062723c751e8b465ee728b) (PreviewImporter) -> (artifact id: '00000000000000000000000000000000') in 0.0005773 seconds
Import Error Code:(4)
Message: Build asset version error: assets/scripts/achievementtoast.cs in SourceAssetDB has modification time of '2026-01-01T00:09:57.3370932Z' while content on disk has modification time of '2026-01-01T00:10:00.5395182Z'
  ERROR: Build asset version error: assets/scripts/achievementtoast.cs in SourceAssetDB has modification time of '2026-01-01T00:09:57.3370932Z' while content on disk has modification time of '2026-01-01T00:10:00.5395182Z'
Number of updated asset objects reloaded before import = 0Number of asset objects unloaded after import = 0

========================================================================
Received Import Request.
  Time since last request: 0.000015 seconds.
  path: Assets/Scripts/AchievementToast.cs
  artifactKey: Guid(e5f35b464f4529f458653c5a9e75c3f0) Importer(815301076,1909f56bfc062723c751e8b465ee728b)
Start importing Assets/Scripts/AchievementToast.cs using Guid(e5f35b464f4529f458653c5a9e75c3f0) Importer(815301076,1909f56bfc062723c751e8b465ee728b) (PreviewImporter) -> (artifact id: '00000000000000000000000000000000') in 0.000479 seconds
Import Error Code:(4)
Message: Build asset version error: assets/scripts/achievementtoast.cs in SourceAssetDB has modification time of '2026-01-01T00:09:57.3370932Z' while content on disk has modification time of '2026-01-01T00:10:00.5395182Z'
  ERROR: Build asset version error: assets/scripts/achievementtoast.cs in SourceAssetDB has modification time of '2026-01-01T00:09:57.3370932Z' while content on disk has modification time of '2026-01-01T00:10:00.5395182Z'
Number of updated asset objects reloaded before import = 0Number of asset objects unloaded after import = 0

========================================================================
Received Import Request.
  Time since last request: 0.000015 seconds.
  path: Assets/Scripts/AchievementToast.cs
  artifactKey: Guid(e5f35b464f4529f458653c5a9e75c3f0) Importer(815301076,1909f56bfc062723c751e8b465ee728b)
Start importing Assets/Scripts/AchievementToast.cs using Guid(e5f35b464f4529f458653c5a9e75c3f0) Importer(815301076,1909f56bfc062723c751e8b465ee728b) (PreviewImporter) -> (artifact id: '00000000000000000000000000000000') in 0.0004873 seconds
Import Error Code:(4)
Message: Build asset version error: assets/scripts/achievementtoast.cs in SourceAssetDB has modification time of '2026-01-01T00:09:57.3370932Z' while content on disk has modification time of '2026-01-01T00:10:00.5395182Z'
  ERROR: Build asset version error: assets/scripts/achievementtoast.cs in SourceAssetDB has modification time of '2026-01-01T00:09:57.3370932Z' while content on disk has modification time of '2026-01-01T00:10:00.5395182Z'
Number of updated asset objects reloaded before import = 0Number of asset objects unloaded after import = 0

========================================================================
Received Import Request.
  Time since last request: 0.000016 seconds.
  path: Assets/Scripts/AchievementToast.cs
  artifactKey: Guid(e5f35b464f4529f458653c5a9e75c3f0) Importer(815301076,1909f56bfc062723c751e8b465ee728b)
Start importing Assets/Scripts/AchievementToast.cs using Guid(e5f35b464f4529f458653c5a9e75c3f0) Importer(815301076,1909f56bfc062723c751e8b465ee728b) (PreviewImporter) -> (artifact id: '00000000000000000000000000000000') in 0.0005693 seconds
Import Error Code:(4)
Message: Build asset version error: assets/scripts/achievementtoast.cs in SourceAssetDB has modification time of '2026-01-01T00:09:57.3370932Z' while content on disk has modification time of '2026-01-01T00:10:00.5395182Z'
  ERROR: Build asset version error: assets/scripts/achievementtoast.cs in SourceAssetDB has modification time of '2026-01-01T00:09:57.3370932Z' while content on disk has modification time of '2026-01-01T00:10:00.5395182Z'
Number of updated asset objects reloaded before import = 0Number of asset objects unloaded after import = 0

========================================================================
Received Import Request.
  Time since last request: 0.000017 seconds.
  path: Assets/Scripts/AchievementToast.cs
  artifactKey: Guid(e5f35b464f4529f458653c5a9e75c3f0) Importer(815301076,1909f56bfc062723c751e8b465ee728b)
Start importing Assets/Scripts/AchievementToast.cs using Guid(e5f35b464f4529f458653c5a9e75c3f0) Importer(815301076,1909f56bfc062723c751e8b465ee728b) (PreviewImporter) -> (artifact id: '00000000000000000000000000000000') in 0.0005426 seconds
Import Error Code:(4)
Message: Build asset version error: assets/scripts/achievementtoast.cs in SourceAssetDB has modification time of '2026-01-01T00:09:57.3370932Z' while content on disk has modification time of '2026-01-01T00:10:00.5395182Z'
  ERROR: Build asset version error: assets/scripts/achievementtoast.cs in SourceAssetDB has modification time of '2026-01-01T00:09:57.3370932Z' while content on disk has modification time of '2026-01-01T00:10:00.5395182Z'
Number of updated asset objects reloaded before import = 0Number of asset objects unloaded after import = 0

========================================================================
Received Import Request.
  Time since last request: 0.000015 seconds.
  path: Assets/Scripts/AchievementToast.cs
  artifactKey: Guid(e5f35b464f4529f458653c5a9e75c3f0) Importer(815301076,1909f56bfc062723c751e8b465ee728b)
Start importing Assets/Scripts/AchievementToast.cs using Guid(e5f35b464f4529f458653c5a9e75c3f0) Importer(815301076,1909f56bfc062723c751e8b465ee728b) (PreviewImporter) -> (artifact id: '00000000000000000000000000000000') in 0.0005372 seconds
Import Error Code:(4)
Message: Build asset version error: assets/scripts/achievementtoast.cs in SourceAssetDB has modification time of '2026-01-01T00:09:57.3370932Z' while content on disk has modification time of '2026-01-01T00:10:00.5395182Z'
  ERROR: Build asset version error: assets/scripts/achievementtoast.cs in SourceAssetDB has modification time of '2026-01-01T00:09:57.3370932Z' while content on disk has modification time of '2026-01-01T00:10:00.5395182Z'
Number of updated asset objects reloaded before import = 0Number of asset objects unloaded after import = 0

========================================================================
Received Import Request.
  Time since last request: 0.000015 seconds.
  path: Assets/Scripts/AchievementToast.cs
  artifactKey: Guid(e5f35b464f4529f458653c5a9e75c3f0) Importer(815301076,1909f56bfc062723c751e8b465ee728b)
Start importing Assets/Scripts/AchievementToast.cs using Guid(e5f35b464f4529f458653c5a9e75c3f0) Importer(815301076,1909f56bfc062723c751e8b465ee728b) (PreviewImporter) -> (artifact id: '00000000000000000000000000000000') in 0.0004859 seconds
Import Error Code:(4)
Message: Build asset version error: assets/scripts/achievementtoast.cs in SourceAssetDB has modification time of '2026-01-01T00:09:57.3370932Z' while content on disk has modification time of '2026-01-01T00:10:00.5395182Z'
  ERROR: Build asset version error: assets/scripts/achievementtoast.cs in SourceAssetDB has modification time of '2026-01-01T00:09:57.3370932Z' while content on disk has modification time of '2026-01-01T00:10:00.5395182Z'
Number of updated asset objects reloaded before import = 0Number of asset objects unloaded after import = 0

========================================================================
Received Import Request.
  Time since last request: 0.000017 seconds.
  path: Assets/Scripts/AchievementToast.cs
  artifactKey: Guid(e5f35b464f4529f458653c5a9e75c3f0) Importer(815301076,1909f56bfc062723c751e8b465ee728b)
Start importing Assets/Scripts/AchievementToast.cs using Guid(e5f35b464f4529f458653c5a9e75c3f0) Importer(815301076,1909f56bfc062723c751e8b465ee728b) (PreviewImporter) -> (artifact id: '00000000000000000000000000000000') in 0.0005329 seconds
Import Error Code:(4)
Message: Build asset version error: assets/scripts/achievementtoast.cs in SourceAssetDB has modification time of '2026-01-01T00:09:57.3370932Z' while content on disk has modification time of '2026-01-01T00:10:00.5395182Z'
  ERROR: Build asset version error: assets/scripts/achievementtoast.cs in SourceAssetDB has modification time of '2026-01-01T00:09:57.3370932Z' while content on disk has modification time of '2026-01-01T00:10:00.5395182Z'
Number of updated asset objects reloaded before import = 0Number of asset objects unloaded after import = 0

========================================================================
Received Import Request.
  Time since last request: 0.000032 seconds.
  path: Assets/Scripts/AchievementToast.cs
  artifactKey: Guid(e5f35b464f4529f458653c5a9e75c3f0) Importer(815301076,1909f56bfc062723c751e8b465ee728b)
Start importing Assets/Scripts/AchievementToast.cs using Guid(e5f35b464f4529f458653c5a9e75c3f0) Importer(815301076,1909f56bfc062723c751e8b465ee728b) (PreviewImporter) -> (artifact id: '00000000000000000000000000000000') in 0.0005973 seconds
Import Error Code:(4)
Message: Build asset version error: assets/scripts/achievementtoast.cs in SourceAssetDB has modification time of '2026-01-01T00:09:57.3370932Z' while content on disk has modification time of '2026-01-01T00:10:00.5395182Z'
  ERROR: Build asset version error: assets/scripts/achievementtoast.cs in SourceAssetDB has modification time of '2026-01-01T00:09:57.3370932Z' while content on disk has modification time of '2026-01-01T00:10:00.5395182Z'
Number of updated asset objects reloaded before import = 0Number of asset objects unloaded after import = 0

========================================================================
Received Import Request.
  Time since last request: 0.000019 seconds.
  path: Assets/Scripts/AchievementToast.cs
  artifactKey: Guid(e5f35b464f4529f458653c5a9e75c3f0) Importer(815301076,1909f56bfc062723c751e8b465ee728b)
Start importing Assets/Scripts/AchievementToast.cs using Guid(e5f35b464f4529f458653c5a9e75c3f0) Importer(815301076,1909f56bfc062723c751e8b465ee728b) (PreviewImporter) -> (artifact id: '00000000000000000000000000000000') in 0.0006534 seconds
Import Error Code:(4)
Message: Build asset version error: assets/scripts/achievementtoast.cs in SourceAssetDB has modification time of '2026-01-01T00:09:57.3370932Z' while content on disk has modification time of '2026-01-01T00:10:00.5395182Z'
  ERROR: Build asset version error: assets/scripts/achievementtoast.cs in SourceAssetDB has modification time of '2026-01-01T00:09:57.3370932Z' while content on disk has modification time of '2026-01-01T00:10:00.5395182Z'
Number of updated asset objects reloaded before import = 0Number of asset objects unloaded after import = 0

========================================================================
Received Import Request.
  Time since last request: 0.000017 seconds.
  path: Assets/Scripts/AchievementToast.cs
  artifactKey: Guid(e5f35b464f4529f458653c5a9e75c3f0) Importer(815301076,1909f56bfc062723c751e8b465ee728b)
Start importing Assets/Scripts/AchievementToast.cs using Guid(e5f35b464f4529f458653c5a9e75c3f0) Importer(815301076,1909f56bfc062723c751e8b465ee728b) (PreviewImporter) -> (artifact id: '00000000000000000000000000000000') in 0.0005176 seconds
Import Error Code:(4)
Message: Build asset version error: assets/scripts/achievementtoast.cs in SourceAssetDB has modification time of '2026-01-01T00:09:57.3370932Z' while content on disk has modification time of '2026-01-01T00:10:00.5395182Z'
  ERROR: Build asset version error: assets/scripts/achievementtoast.cs in SourceAssetDB has modification time of '2026-01-01T00:09:57.3370932Z' while content on disk has modification time of '2026-01-01T00:10:00.5395182Z'
Number of updated asset objects reloaded before import = 0Number of asset objects unloaded after import = 0

========================================================================
Received Import Request.
  Time since last request: 0.000015 seconds.
  path: Assets/Scripts/AchievementToast.cs
  artifactKey: Guid(e5f35b464f4529f458653c5a9e75c3f0) Importer(815301076,1909f56bfc062723c751e8b465ee728b)
Start importing Assets/Scripts/AchievementToast.cs using Guid(e5f35b464f4529f458653c5a9e75c3f0) Importer(815301076,1909f56bfc062723c751e8b465ee728b) (PreviewImporter) -> (artifact id: '00000000000000000000000000000000') in 0.0005144 seconds
Import Error Code:(4)
Message: Build asset version error: assets/scripts/achievementtoast.cs in SourceAssetDB has modification time of '2026-01-01T00:09:57.3370932Z' while content on disk has modification time of '2026-01-01T00:10:00.5395182Z'
  ERROR: Build asset version error: assets/scripts/achievementtoast.cs in SourceAssetDB has modification time of '2026-01-01T00:09:57.3370932Z' while content on disk has modification time of '2026-01-01T00:10:00.5395182Z'
Number of updated asset objects reloaded before import = 0Number of asset objects unloaded after import = 0

========================================================================
Received Import Request.
  Time since last request: 0.000016 seconds.
  path: Assets/Scripts/AchievementToast.cs
  artifactKey: Guid(e5f35b464f4529f458653c5a9e75c3f0) Importer(815301076,1909f56bfc062723c751e8b465ee728b)
Start importing Assets/Scripts/AchievementToast.cs using Guid(e5f35b464f4529f458653c5a9e75c3f0) Importer(815301076,1909f56bfc062723c751e8b465ee728b) (PreviewImporter) -> (artifact id: '00000000000000000000000000000000') in 0.0004816 seconds
Import Error Code:(4)
Message: Build asset version error: assets/scripts/achievementtoast.cs in SourceAssetDB has modification time of '2026-01-01T00:09:57.3370932Z' while content on disk has modification time of '2026-01-01T00:10:00.5395182Z'
  ERROR: Build asset version error: assets/scripts/achievementtoast.cs in SourceAssetDB has modification time of '2026-01-01T00:09:57.3370932Z' while content on disk has modification time of '2026-01-01T00:10:00.5395182Z'
Number of updated asset objects reloaded before import = 0Number of asset objects unloaded after import = 0

========================================================================
Received Import Request.
  Time since last request: 0.000017 seconds.
  path: Assets/Scripts/AchievementToast.cs
  artifactKey: Guid(e5f35b464f4529f458653c5a9e75c3f0) Importer(815301076,1909f56bfc062723c751e8b465ee728b)
Start importing Assets/Scripts/AchievementToast.cs using Guid(e5f35b464f4529f458653c5a9e75c3f0) Importer(815301076,1909f56bfc062723c751e8b465ee728b) (PreviewImporter) -> (artifact id: '00000000000000000000000000000000') in 0.0005468 seconds
Import Error Code:(4)
Message: Build asset version error: assets/scripts/achievementtoast.cs in SourceAssetDB has modification time of '2026-01-01T00:09:57.3370932Z' while content on disk has modification time of '2026-01-01T00:10:00.5395182Z'
  ERROR: Build asset version error: assets/scripts/achievementtoast.cs in SourceAssetDB has modification time of '2026-01-01T00:09:57.3370932Z' while content on disk has modification time of '2026-01-01T00:10:00.5395182Z'
Number of updated asset objects reloaded before import = 0Number of asset objects unloaded after import = 0

========================================================================
Received Import Request.
  Time since last request: 0.000017 seconds.
  path: Assets/Scripts/AchievementToast.cs
  artifactKey: Guid(e5f35b464f4529f458653c5a9e75c3f0) Importer(815301076,1909f56bfc062723c751e8b465ee728b)
Start importing Assets/Scripts/AchievementToast.cs using Guid(e5f35b464f4529f458653c5a9e75c3f0) Importer(815301076,1909f56bfc062723c751e8b465ee728b) (PreviewImporter) -> (artifact id: '00000000000000000000000000000000') in 0.0004947 seconds
Import Error Code:(4)
Message: Build asset version error: assets/scripts/achievementtoast.cs in SourceAssetDB has modification time of '2026-01-01T00:09:57.3370932Z' while content on disk has modification time of '2026-01-01T00:10:00.5395182Z'
  ERROR: Build asset version error: assets/scripts/achievementtoast.cs in SourceAssetDB has modification time of '2026-01-01T00:09:57.3370932Z' while content on disk has modification time of '2026-01-01T00:10:00.5395182Z'
Number of updated asset objects reloaded before import = 0Number of asset objects unloaded after import = 0

========================================================================
Received Import Request.
  Time since last request: 0.000017 seconds.
  path: Assets/Scripts/AchievementToast.cs
  artifactKey: Guid(e5f35b464f4529f458653c5a9e75c3f0) Importer(815301076,1909f56bfc062723c751e8b465ee728b)
Start importing Assets/Scripts/AchievementToast.cs using Guid(e5f35b464f4529f458653c5a9e75c3f0) Importer(815301076,1909f56bfc062723c751e8b465ee728b) (PreviewImporter) -> (artifact id: '00000000000000000000000000000000') in 0.0005583 seconds
Import Error Code:(4)
Message: Build asset version error: assets/scripts/achievementtoast.cs in SourceAssetDB has modification time of '2026-01-01T00:09:57.3370932Z' while content on disk has modification time of '2026-01-01T00:10:00.5395182Z'
  ERROR: Build asset version error: assets/scripts/achievementtoast.cs in SourceAssetDB has modification time of '2026-01-01T00:09:57.3370932Z' while content on disk has modification time of '2026-01-01T00:10:00.5395182Z'
Number of updated asset objects reloaded before import = 0Number of asset objects unloaded after import = 0

========================================================================
Received Import Request.
  Time since last request: 0.000020 seconds.
  path: Assets/Scripts/AchievementToast.cs
  artifactKey: Guid(e5f35b464f4529f458653c5a9e75c3f0) Importer(815301076,1909f56bfc062723c751e8b465ee728b)
Start importing Assets/Scripts/AchievementToast.cs using Guid(e5f35b464f4529f458653c5a9e75c3f0) Importer(815301076,1909f56bfc062723c751e8b465ee728b) (PreviewImporter) -> (artifact id: '00000000000000000000000000000000') in 0.0005341 seconds
Import Error Code:(4)
Message: Build asset version error: assets/scripts/achievementtoast.cs in SourceAssetDB has modification time of '2026-01-01T00:09:57.3370932Z' while content on disk has modification time of '2026-01-01T00:10:00.5395182Z'
  ERROR: Build asset version error: assets/scripts/achievementtoast.cs in SourceAssetDB has modification time of '2026-01-01T00:09:57.3370932Z' while content on disk has modification time of '2026-01-01T00:10:00.5395182Z'
Number of updated asset objects reloaded before import = 0Number of asset objects unloaded after import = 0

========================================================================
Received Import Request.
  Time since last request: 0.000026 seconds.
  path: Assets/Scripts/AchievementToast.cs
  artifactKey: Guid(e5f35b464f4529f458653c5a9e75c3f0) Importer(815301076,1909f56bfc062723c751e8b465ee728b)
Start importing Assets/Scripts/AchievementToast.cs using Guid(e5f35b464f4529f458653c5a9e75c3f0) Importer(815301076,1909f56bfc062723c751e8b465ee728b) (PreviewImporter) -> (artifact id: '00000000000000000000000000000000') in 0.0005593 seconds
Import Error Code:(4)
Message: Build asset version error: assets/scripts/achievementtoast.cs in SourceAssetDB has modification time of '2026-01-01T00:09:57.3370932Z' while content on disk has modification time of '2026-01-01T00:10:00.5395182Z'
  ERROR: Build asset version error: assets/scripts/achievementtoast.cs in SourceAssetDB has modification time of '2026-01-01T00:09:57.3370932Z' while content on disk has modification time of '2026-01-01T00:10:00.5395182Z'
Number of updated asset objects reloaded before import = 0Number of asset objects unloaded after import = 0

========================================================================
Received Import Request.
  Time since last request: 0.000017 seconds.
  path: Assets/Scripts/AchievementToast.cs
  artifactKey: Guid(e5f35b464f4529f458653c5a9e75c3f0) Importer(815301076,1909f56bfc062723c751e8b465ee728b)
Start importing Assets/Scripts/AchievementToast.cs using Guid(e5f35b464f4529f458653c5a9e75c3f0) Importer(815301076,1909f56bfc062723c751e8b465ee728b) (PreviewImporter) -> (artifact id: '00000000000000000000000000000000') in 0.0005692 seconds
Import Error Code:(4)
Message: Build asset version error: assets/scripts/achievementtoast.cs in SourceAssetDB has modification time of '2026-01-01T00:09:57.3370932Z' while content on disk has modification time of '2026-01-01T00:10:00.5395182Z'
  ERROR: Build asset version error: assets/scripts/achievementtoast.cs in SourceAssetDB has modification time of '2026-01-01T00:09:57.3370932Z' while content on disk has modification time of '2026-01-01T00:10:00.5395182Z'
Number of updated asset objects reloaded before import = 0Number of asset objects unloaded after import = 0

========================================================================
Received Import Request.
  Time since last request: 0.000020 seconds.
  path: Assets/Scripts/AchievementToast.cs
  artifactKey: Guid(e5f35b464f4529f458653c5a9e75c3f0) Importer(815301076,1909f56bfc062723c751e8b465ee728b)
Start importing Assets/Scripts/AchievementToast.cs using Guid(e5f35b464f4529f458653c5a9e75c3f0) Importer(815301076,1909f56bfc062723c751e8b465ee728b) (PreviewImporter) -> (artifact id: '00000000000000000000000000000000') in 0.0005647 seconds
Import Error Code:(4)
Message: Build asset version error: assets/scripts/achievementtoast.cs in SourceAssetDB has modification time of '2026-01-01T00:09:57.3370932Z' while content on disk has modification time of '2026-01-01T00:10:00.5395182Z'
  ERROR: Build asset version error: assets/scripts/achievementtoast.cs in SourceAssetDB has modification time of '2026-01-01T00:09:57.3370932Z' while content on disk has modification time of '2026-01-01T00:10:00.5395182Z'
Number of updated asset objects reloaded before import = 0Number of asset objects unloaded after import = 0

========================================================================
Received Import Request.
  Time since last request: 0.000015 seconds.
  path: Assets/Scripts/AchievementToast.cs
  artifactKey: Guid(e5f35b464f4529f458653c5a9e75c3f0) Importer(815301076,1909f56bfc062723c751e8b465ee728b)
Start importing Assets/Scripts/AchievementToast.cs using Guid(e5f35b464f4529f458653c5a9e75c3f0) Importer(815301076,1909f56bfc062723c751e8b465ee728b) (PreviewImporter) -> (artifact id: '00000000000000000000000000000000') in 0.0005171 seconds
Import Error Code:(4)
Message: Build asset version error: assets/scripts/achievementtoast.cs in SourceAssetDB has modification time of '2026-01-01T00:09:57.3370932Z' while content on disk has modification time of '2026-01-01T00:10:00.5395182Z'
  ERROR: Build asset version error: assets/scripts/achievementtoast.cs in SourceAssetDB has modification time of '2026-01-01T00:09:57.3370932Z' while content on disk has modification time of '2026-01-01T00:10:00.5395182Z'
Number of updated asset objects reloaded before import = 0Number of asset objects unloaded after import = 0

========================================================================
Received Import Request.
  Time since last request: 0.000017 seconds.
  path: Assets/Scripts/AchievementToast.cs
  artifactKey: Guid(e5f35b464f4529f458653c5a9e75c3f0) Importer(815301076,1909f56bfc062723c751e8b465ee728b)
Start importing Assets/Scripts/AchievementToast.cs using Guid(e5f35b464f4529f458653c5a9e75c3f0) Importer(815301076,1909f56bfc062723c751e8b465ee728b) (PreviewImporter) -> (artifact id: '00000000000000000000000000000000') in 0.0005347 seconds
Import Error Code:(4)
Message: Build asset version error: assets/scripts/achievementtoast.cs in SourceAssetDB has modification time of '2026-01-01T00:09:57.3370932Z' while content on disk has modification time of '2026-01-01T00:10:00.5395182Z'
  ERROR: Build asset version error: assets/scripts/achievementtoast.cs in SourceAssetDB has modification time of '2026-01-01T00:09:57.3370932Z' while content on disk has modification time of '2026-01-01T00:10:00.5395182Z'
Number of updated asset objects reloaded before import = 0Number of asset objects unloaded after import = 0

========================================================================
Received Import Request.
  Time since last request: 0.000016 seconds.
  path: Assets/Scripts/AchievementToast.cs
  artifactKey: Guid(e5f35b464f4529f458653c5a9e75c3f0) Importer(815301076,1909f56bfc062723c751e8b465ee728b)
Start importing Assets/Scripts/AchievementToast.cs using Guid(e5f35b464f4529f458653c5a9e75c3f0) Importer(815301076,1909f56bfc062723c751e8b465ee728b) (PreviewImporter) -> (artifact id: '00000000000000000000000000000000') in 0.0005106 seconds
Import Error Code:(4)
Message: Build asset version error: assets/scripts/achievementtoast.cs in SourceAssetDB has modification time of '2026-01-01T00:09:57.3370932Z' while content on disk has modification time of '2026-01-01T00:10:00.5395182Z'
  ERROR: Build asset version error: assets/scripts/achievementtoast.cs in SourceAssetDB has modification time of '2026-01-01T00:09:57.3370932Z' while content on disk has modification time of '2026-01-01T00:10:00.5395182Z'
Number of updated asset objects reloaded before import = 0Number of asset objects unloaded after import = 0

========================================================================
Received Import Request.
  Time since last request: 0.000016 seconds.
  path: Assets/Scripts/AchievementToast.cs
  artifactKey: Guid(e5f35b464f4529f458653c5a9e75c3f0) Importer(815301076,1909f56bfc062723c751e8b465ee728b)
Start importing Assets/Scripts/AchievementToast.cs using Guid(e5f35b464f4529f458653c5a9e75c3f0) Importer(815301076,1909f56bfc062723c751e8b465ee728b) (PreviewImporter) -> (artifact id: '00000000000000000000000000000000') in 0.0005854 seconds
Import Error Code:(4)
Message: Build asset version error: assets/scripts/achievementtoast.cs in SourceAssetDB has modification time of '2026-01-01T00:09:57.3370932Z' while content on disk has modification time of '2026-01-01T00:10:00.5395182Z'
  ERROR: Build asset version error: assets/scripts/achievementtoast.cs in SourceAssetDB has modification time of '2026-01-01T00:09:57.3370932Z' while content on disk has modification time of '2026-01-01T00:10:00.5395182Z'
Number of updated asset objects reloaded before import = 0Number of asset objects unloaded after import = 0

========================================================================
Received Import Request.
  Time since last request: 0.000016 seconds.
  path: Assets/Scripts/AchievementToast.cs
  artifactKey: Guid(e5f35b464f4529f458653c5a9e75c3f0) Importer(815301076,1909f56bfc062723c751e8b465ee728b)
Start importing Assets/Scripts/AchievementToast.cs using Guid(e5f35b464f4529f458653c5a9e75c3f0) Importer(815301076,1909f56bfc062723c751e8b465ee728b) (PreviewImporter) -> (artifact id: '00000000000000000000000000000000') in 0.0004612 seconds
Import Error Code:(4)
Message: Build asset version error: assets/scripts/achievementtoast.cs in SourceAssetDB has modification time of '2026-01-01T00:09:57.3370932Z' while content on disk has modification time of '2026-01-01T00:10:00.5395182Z'
  ERROR: Build asset version error: assets/scripts/achievementtoast.cs in SourceAssetDB has modification time of '2026-01-01T00:09:57.3370932Z' while content on disk has modification time of '2026-01-01T00:10:00.5395182Z'
Number of updated asset objects reloaded before import = 0Number of asset objects unloaded after import = 0

========================================================================
Received Import Request.
  Time since last request: 0.000018 seconds.
  path: Assets/Scripts/AchievementToast.cs
  artifactKey: Guid(e5f35b464f4529f458653c5a9e75c3f0) Importer(815301076,1909f56bfc062723c751e8b465ee728b)
Start importing Assets/Scripts/AchievementToast.cs using Guid(e5f35b464f4529f458653c5a9e75c3f0) Importer(815301076,1909f56bfc062723c751e8b465ee728b) (PreviewImporter) -> (artifact id: '00000000000000000000000000000000') in 0.0005645 seconds
Import Error Code:(4)
Message: Build asset version error: assets/scripts/achievementtoast.cs in SourceAssetDB has modification time of '2026-01-01T00:09:57.3370932Z' while content on disk has modification time of '2026-01-01T00:10:00.5395182Z'
  ERROR: Build asset version error: assets/scripts/achievementtoast.cs in SourceAssetDB has modification time of '2026-01-01T00:09:57.3370932Z' while content on disk has modification time of '2026-01-01T00:10:00.5395182Z'
Number of updated asset objects reloaded before import = 0Number of asset objects unloaded after import = 0

========================================================================
Received Import Request.
  Time since last request: 0.000025 seconds.
  path: Assets/Scripts/AchievementToast.cs
  artifactKey: Guid(e5f35b464f4529f458653c5a9e75c3f0) Importer(815301076,1909f56bfc062723c751e8b465ee728b)
Start importing Assets/Scripts/AchievementToast.cs using Guid(e5f35b464f4529f458653c5a9e75c3f0) Importer(815301076,1909f56bfc062723c751e8b465ee728b) (PreviewImporter) -> (artifact id: '00000000000000000000000000000000') in 0.0004588 seconds
Import Error Code:(4)
Message: Build asset version error: assets/scripts/achievementtoast.cs in SourceAssetDB has modification time of '2026-01-01T00:09:57.3370932Z' while content on disk has modification time of '2026-01-01T00:10:00.5395182Z'
  ERROR: Build asset version error: assets/scripts/achievementtoast.cs in SourceAssetDB has modification time of '2026-01-01T00:09:57.3370932Z' while content on disk has modification time of '2026-01-01T00:10:00.5395182Z'
Number of updated asset objects reloaded before import = 0Number of asset objects unloaded after import = 0

========================================================================
Received Import Request.
  Time since last request: 0.000100 seconds.
  path: Assets/Scripts/AchievementToast.cs
  artifactKey: Guid(e5f35b464f4529f458653c5a9e75c3f0) Importer(815301076,1909f56bfc062723c751e8b465ee728b)
Start importing Assets/Scripts/AchievementToast.cs using Guid(e5f35b464f4529f458653c5a9e75c3f0) Importer(815301076,1909f56bfc062723c751e8b465ee728b) (PreviewImporter) -> (artifact id: '00000000000000000000000000000000') in 0.0004783 seconds
Import Error Code:(4)
Message: Build asset version error: assets/scripts/achievementtoast.cs in SourceAssetDB has modification time of '2026-01-01T00:09:57.3370932Z' while content on disk has modification time of '2026-01-01T00:10:00.5395182Z'
  ERROR: Build asset version error: assets/scripts/achievementtoast.cs in SourceAssetDB has modification time of '2026-01-01T00:09:57.3370932Z' while content on disk has modification time of '2026-01-01T00:10:00.5395182Z'
Number of updated asset objects reloaded before import = 0Number of asset objects unloaded after import = 0

========================================================================
Received Import Request.
  Time since last request: 0.000015 seconds.
  path: Assets/Scripts/AchievementToast.cs
  artifactKey: Guid(e5f35b464f4529f458653c5a9e75c3f0) Importer(815301076,1909f56bfc062723c751e8b465ee728b)
Start importing Assets/Scripts/AchievementToast.cs using Guid(e5f35b464f4529f458653c5a9e75c3f0) Importer(815301076,1909f56bfc062723c751e8b465ee728b) (PreviewImporter) -> (artifact id: '00000000000000000000000000000000') in 0.0005448 seconds
Import Error Code:(4)
Message: Build asset version error: assets/scripts/achievementtoast.cs in SourceAssetDB has modification time of '2026-01-01T00:09:57.3370932Z' while content on disk has modification time of '2026-01-01T00:10:00.5395182Z'
  ERROR: Build asset version error: assets/scripts/achievementtoast.cs in SourceAssetDB has modification time of '2026-01-01T00:09:57.3370932Z' while content on disk has modification time of '2026-01-01T00:10:00.5395182Z'
Number of updated asset objects reloaded before import = 0Number of asset objects unloaded after import = 0

========================================================================
Received Import Request.
  Time since last request: 0.000015 seconds.
  path: Assets/Scripts/AchievementToast.cs
  artifactKey: Guid(e5f35b464f4529f458653c5a9e75c3f0) Importer(815301076,1909f56bfc062723c751e8b465ee728b)
Start importing Assets/Scripts/AchievementToast.cs using Guid(e5f35b464f4529f458653c5a9e75c3f0) Importer(815301076,1909f56bfc062723c751e8b465ee728b) (PreviewImporter) -> (artifact id: '00000000000000000000000000000000') in 0.0005511 seconds
Import Error Code:(4)
Message: Build asset version error: assets/scripts/achievementtoast.cs in SourceAssetDB has modification time of '2026-01-01T00:09:57.3370932Z' while content on disk has modification time of '2026-01-01T00:10:00.5395182Z'
  ERROR: Build asset version error: assets/scripts/achievementtoast.cs in SourceAssetDB has modification time of '2026-01-01T00:09:57.3370932Z' while content on disk has modification time of '2026-01-01T00:10:00.5395182Z'
Number of updated asset objects reloaded before import = 0Number of asset objects unloaded after import = 0

========================================================================
Received Import Request.
  Time since last request: 0.000016 seconds.
  path: Assets/Scripts/AchievementToast.cs
  artifactKey: Guid(e5f35b464f4529f458653c5a9e75c3f0) Importer(815301076,1909f56bfc062723c751e8b465ee728b)
Start importing Assets/Scripts/AchievementToast.cs using Guid(e5f35b464f4529f458653c5a9e75c3f0) Importer(815301076,1909f56bfc062723c751e8b465ee728b) (PreviewImporter) -> (artifact id: '00000000000000000000000000000000') in 0.0005098 seconds
Import Error Code:(4)
Message: Build asset version error: assets/scripts/achievementtoast.cs in SourceAssetDB has modification time of '2026-01-01T00:09:57.3370932Z' while content on disk has modification time of '2026-01-01T00:10:00.5395182Z'
  ERROR: Build asset version error: assets/scripts/achievementtoast.cs in SourceAssetDB has modification time of '2026-01-01T00:09:57.3370932Z' while content on disk has modification time of '2026-01-01T00:10:00.5395182Z'
Number of updated asset objects reloaded before import = 0Number of asset objects unloaded after import = 0

========================================================================
Received Import Request.
  Time since last request: 0.000016 seconds.
  path: Assets/Scripts/AchievementToast.cs
  artifactKey: Guid(e5f35b464f4529f458653c5a9e75c3f0) Importer(815301076,1909f56bfc062723c751e8b465ee728b)
Start importing Assets/Scripts/AchievementToast.cs using Guid(e5f35b464f4529f458653c5a9e75c3f0) Importer(815301076,1909f56bfc062723c751e8b465ee728b) (PreviewImporter) -> (artifact id: '00000000000000000000000000000000') in 0.0004742 seconds
Import Error Code:(4)
Message: Build asset version error: assets/scripts/achievementtoast.cs in SourceAssetDB has modification time of '2026-01-01T00:09:57.3370932Z' while content on disk has modification time of '2026-01-01T00:10:00.5395182Z'
  ERROR: Build asset version error: assets/scripts/achievementtoast.cs in SourceAssetDB has modification time of '2026-01-01T00:09:57.3370932Z' while content on disk has modification time of '2026-01-01T00:10:00.5395182Z'
Number of updated asset objects reloaded before import = 0Number of asset objects unloaded after import = 0

========================================================================
Received Import Request.
  Time since last request: 0.000016 seconds.
  path: Assets/Scripts/AchievementToast.cs
  artifactKey: Guid(e5f35b464f4529f458653c5a9e75c3f0) Importer(815301076,1909f56bfc062723c751e8b465ee728b)
Start importing Assets/Scripts/AchievementToast.cs using Guid(e5f35b464f4529f458653c5a9e75c3f0) Importer(815301076,1909f56bfc062723c751e8b465ee728b) (PreviewImporter) -> (artifact id: '00000000000000000000000000000000') in 0.000504 seconds
Import Error Code:(4)
Message: Build asset version error: assets/scripts/achievementtoast.cs in SourceAssetDB has modification time of '2026-01-01T00:09:57.3370932Z' while content on disk has modification time of '2026-01-01T00:10:00.5395182Z'
  ERROR: Build asset version error: assets/scripts/achievementtoast.cs in SourceAssetDB has modification time of '2026-01-01T00:09:57.3370932Z' while content on disk has modification time of '2026-01-01T00:10:00.5395182Z'
Number of updated asset objects reloaded before import = 0Number of asset objects unloaded after import = 0

========================================================================
Received Import Request.
  Time since last request: 0.000015 seconds.
  path: Assets/Scripts/AchievementToast.cs
  artifactKey: Guid(e5f35b464f4529f458653c5a9e75c3f0) Importer(815301076,1909f56bfc062723c751e8b465ee728b)
Start importing Assets/Scripts/AchievementToast.cs using Guid(e5f35b464f4529f458653c5a9e75c3f0) Importer(815301076,1909f56bfc062723c751e8b465ee728b) (PreviewImporter) -> (artifact id: '00000000000000000000000000000000') in 0.0004959 seconds
Import Error Code:(4)
Message: Build asset version error: assets/scripts/achievementtoast.cs in SourceAssetDB has modification time of '2026-01-01T00:09:57.3370932Z' while content on disk has modification time of '2026-01-01T00:10:00.5395182Z'
  ERROR: Build asset version error: assets/scripts/achievementtoast.cs in SourceAssetDB has modification time of '2026-01-01T00:09:57.3370932Z' while content on disk has modification time of '2026-01-01T00:10:00.5395182Z'
Number of updated asset objects reloaded before import = 0Number of asset objects unloaded after import = 0

========================================================================
Received Import Request.
  Time since last request: 0.000018 seconds.
  path: Assets/Scripts/AchievementToast.cs
  artifactKey: Guid(e5f35b464f4529f458653c5a9e75c3f0) Importer(815301076,1909f56bfc062723c751e8b465ee728b)
Start importing Assets/Scripts/AchievementToast.cs using Guid(e5f35b464f4529f458653c5a9e75c3f0) Importer(815301076,1909f56bfc062723c751e8b465ee728b) (PreviewImporter) -> (artifact id: '00000000000000000000000000000000') in 0.000584 seconds
Import Error Code:(4)
Message: Build asset version error: assets/scripts/achievementtoast.cs in SourceAssetDB has modification time of '2026-01-01T00:09:57.3370932Z' while content on disk has modification time of '2026-01-01T00:10:00.5395182Z'
  ERROR: Build asset version error: assets/scripts/achievementtoast.cs in SourceAssetDB has modification time of '2026-01-01T00:09:57.3370932Z' while content on disk has modification time of '2026-01-01T00:10:00.5395182Z'
Number of updated asset objects reloaded before import = 0Number of asset objects unloaded after import = 0

========================================================================
Received Import Request.
  Time since last request: 0.000050 seconds.
  path: Assets/Scripts/AchievementToast.cs
  artifactKey: Guid(e5f35b464f4529f458653c5a9e75c3f0) Importer(815301076,1909f56bfc062723c751e8b465ee728b)
Start importing Assets/Scripts/AchievementToast.cs using Guid(e5f35b464f4529f458653c5a9e75c3f0) Importer(815301076,1909f56bfc062723c751e8b465ee728b) (PreviewImporter) -> (artifact id: '00000000000000000000000000000000') in 0.0004865 seconds
Import Error Code:(4)
Message: Build asset version error: assets/scripts/achievementtoast.cs in SourceAssetDB has modification time of '2026-01-01T00:09:57.3370932Z' while content on disk has modification time of '2026-01-01T00:10:00.5395182Z'
  ERROR: Build asset version error: assets/scripts/achievementtoast.cs in SourceAssetDB has modification time of '2026-01-01T00:09:57.3370932Z' while content on disk has modification time of '2026-01-01T00:10:00.5395182Z'
Number of updated asset objects reloaded before import = 0Number of asset objects unloaded after import = 0

========================================================================
Received Import Request.
  Time since last request: 0.000015 seconds.
  path: Assets/Scripts/AchievementToast.cs
  artifactKey: Guid(e5f35b464f4529f458653c5a9e75c3f0) Importer(815301076,1909f56bfc062723c751e8b465ee728b)
Start importing Assets/Scripts/AchievementToast.cs using Guid(e5f35b464f4529f458653c5a9e75c3f0) Importer(815301076,1909f56bfc062723c751e8b465ee728b) (PreviewImporter) -> (artifact id: '00000000000000000000000000000000') in 0.0005825 seconds
Import Error Code:(4)
Message: Build asset version error: assets/scripts/achievementtoast.cs in SourceAssetDB has modification time of '2026-01-01T00:09:57.3370932Z' while content on disk has modification time of '2026-01-01T00:10:00.5395182Z'
  ERROR: Build asset version error: assets/scripts/achievementtoast.cs in SourceAssetDB has modification time of '2026-01-01T00:09:57.3370932Z' while content on disk has modification time of '2026-01-01T00:10:00.5395182Z'
Number of updated asset objects reloaded before import = 0Number of asset objects unloaded after import = 0

========================================================================
Received Import Request.
  Time since last request: 0.000015 seconds.
  path: Assets/Scripts/AchievementToast.cs
  artifactKey: Guid(e5f35b464f4529f458653c5a9e75c3f0) Importer(815301076,1909f56bfc062723c751e8b465ee728b)
Start importing Assets/Scripts/AchievementToast.cs using Guid(e5f35b464f4529f458653c5a9e75c3f0) Importer(815301076,1909f56bfc062723c751e8b465ee728b) (PreviewImporter) -> (artifact id: '00000000000000000000000000000000') in 0.0004718 seconds
Import Error Code:(4)
Message: Build asset version error: assets/scripts/achievementtoast.cs in SourceAssetDB has modification time of '2026-01-01T00:09:57.3370932Z' while content on disk has modification time of '2026-01-01T00:10:00.5395182Z'
  ERROR: Build asset version error: assets/scripts/achievementtoast.cs in SourceAssetDB has modification time of '2026-01-01T00:09:57.3370932Z' while content on disk has modification time of '2026-01-01T00:10:00.5395182Z'
Number of updated asset objects reloaded before import = 0Number of asset objects unloaded after import = 0

========================================================================
Received Import Request.
  Time since last request: 0.000017 seconds.
  path: Assets/Scripts/AchievementToast.cs
  artifactKey: Guid(e5f35b464f4529f458653c5a9e75c3f0) Importer(815301076,1909f56bfc062723c751e8b465ee728b)
Start importing Assets/Scripts/AchievementToast.cs using Guid(e5f35b464f4529f458653c5a9e75c3f0) Importer(815301076,1909f56bfc062723c751e8b465ee728b) (PreviewImporter) -> (artifact id: '00000000000000000000000000000000') in 0.0005366 seconds
Import Error Code:(4)
Message: Build asset version error: assets/scripts/achievementtoast.cs in SourceAssetDB has modification time of '2026-01-01T00:09:57.3370932Z' while content on disk has modification time of '2026-01-01T00:10:00.5395182Z'
  ERROR: Build asset version error: assets/scripts/achievementtoast.cs in SourceAssetDB has modification time of '2026-01-01T00:09:57.3370932Z' while content on disk has modification time of '2026-01-01T00:10:00.5395182Z'
Number of updated asset objects reloaded before import = 0Number of asset objects unloaded after import = 0

========================================================================
Received Import Request.
  Time since last request: 0.000015 seconds.
  path: Assets/Scripts/AchievementToast.cs
  artifactKey: Guid(e5f35b464f4529f458653c5a9e75c3f0) Importer(815301076,1909f56bfc062723c751e8b465ee728b)
Start importing Assets/Scripts/AchievementToast.cs using Guid(e5f35b464f4529f458653c5a9e75c3f0) Importer(815301076,1909f56bfc062723c751e8b465ee728b) (PreviewImporter) -> (artifact id: '00000000000000000000000000000000') in 0.0005434 seconds
Import Error Code:(4)
Message: Build asset version error: assets/scripts/achievementtoast.cs in SourceAssetDB has modification time of '2026-01-01T00:09:57.3370932Z' while content on disk has modification time of '2026-01-01T00:10:00.5395182Z'
  ERROR: Build asset version error: assets/scripts/achievementtoast.cs in SourceAssetDB has modification time of '2026-01-01T00:09:57.3370932Z' while content on disk has modification time of '2026-01-01T00:10:00.5395182Z'
Number of updated asset objects reloaded before import = 0Number of asset objects unloaded after import = 0

========================================================================
Received Import Request.
  Time since last request: 0.000021 seconds.
  path: Assets/Scripts/AchievementToast.cs
  artifactKey: Guid(e5f35b464f4529f458653c5a9e75c3f0) Importer(815301076,1909f56bfc062723c751e8b465ee728b)
Start importing Assets/Scripts/AchievementToast.cs using Guid(e5f35b464f4529f458653c5a9e75c3f0) Importer(815301076,1909f56bfc062723c751e8b465ee728b) (PreviewImporter) -> (artifact id: '00000000000000000000000000000000') in 0.0005214 seconds
Import Error Code:(4)
Message: Build asset version error: assets/scripts/achievementtoast.cs in SourceAssetDB has modification time of '2026-01-01T00:09:57.3370932Z' while content on disk has modification time of '2026-01-01T00:10:00.5395182Z'
  ERROR: Build asset version error: assets/scripts/achievementtoast.cs in SourceAssetDB has modification time of '2026-01-01T00:09:57.3370932Z' while content on disk has modification time of '2026-01-01T00:10:00.5395182Z'
Number of updated asset objects reloaded before import = 0Number of asset objects unloaded after import = 0

========================================================================
Received Import Request.
  Time since last request: 0.000016 seconds.
  path: Assets/Scripts/AchievementToast.cs
  artifactKey: Guid(e5f35b464f4529f458653c5a9e75c3f0) Importer(815301076,1909f56bfc062723c751e8b465ee728b)
Start importing Assets/Scripts/AchievementToast.cs using Guid(e5f35b464f4529f458653c5a9e75c3f0) Importer(815301076,1909f56bfc062723c751e8b465ee728b) (PreviewImporter) -> (artifact id: '00000000000000000000000000000000') in 0.0004668 seconds
Import Error Code:(4)
Message: Build asset version error: assets/scripts/achievementtoast.cs in SourceAssetDB has modification time of '2026-01-01T00:09:57.3370932Z' while content on disk has modification time of '2026-01-01T00:10:00.5395182Z'
  ERROR: Build asset version error: assets/scripts/achievementtoast.cs in SourceAssetDB has modification time of '2026-01-01T00:09:57.3370932Z' while content on disk has modification time of '2026-01-01T00:10:00.5395182Z'
Number of updated asset objects reloaded before import = 0Number of asset objects unloaded after import = 0

========================================================================
Received Import Request.
  Time since last request: 0.000015 seconds.
  path: Assets/Scripts/AchievementToast.cs
  artifactKey: Guid(e5f35b464f4529f458653c5a9e75c3f0) Importer(815301076,1909f56bfc062723c751e8b465ee728b)
Start importing Assets/Scripts/AchievementToast.cs using Guid(e5f35b464f4529f458653c5a9e75c3f0) Importer(815301076,1909f56bfc062723c751e8b465ee728b) (PreviewImporter) -> (artifact id: '00000000000000000000000000000000') in 0.000477 seconds
Import Error Code:(4)
Message: Build asset version error: assets/scripts/achievementtoast.cs in SourceAssetDB has modification time of '2026-01-01T00:09:57.3370932Z' while content on disk has modification time of '2026-01-01T00:10:00.5395182Z'
  ERROR: Build asset version error: assets/scripts/achievementtoast.cs in SourceAssetDB has modification time of '2026-01-01T00:09:57.3370932Z' while content on disk has modification time of '2026-01-01T00:10:00.5395182Z'
Number of updated asset objects reloaded before import = 0Number of asset objects unloaded after import = 0

========================================================================
Received Import Request.
  Time since last request: 0.000016 seconds.
  path: Assets/Scripts/AchievementToast.cs
  artifactKey: Guid(e5f35b464f4529f458653c5a9e75c3f0) Importer(815301076,1909f56bfc062723c751e8b465ee728b)
Start importing Assets/Scripts/AchievementToast.cs using Guid(e5f35b464f4529f458653c5a9e75c3f0) Importer(815301076,1909f56bfc062723c751e8b465ee728b) (PreviewImporter) -> (artifact id: '00000000000000000000000000000000') in 0.0005955 seconds
Import Error Code:(4)
Message: Build asset version error: assets/scripts/achievementtoast.cs in SourceAssetDB has modification time of '2026-01-01T00:09:57.3370932Z' while content on disk has modification time of '2026-01-01T00:10:00.5395182Z'
  ERROR: Build asset version error: assets/scripts/achievementtoast.cs in SourceAssetDB has modification time of '2026-01-01T00:09:57.3370932Z' while content on disk has modification time of '2026-01-01T00:10:00.5395182Z'
Number of updated asset objects reloaded before import = 0Number of asset objects unloaded after import = 0

========================================================================
Received Import Request.
  Time since last request: 0.000032 seconds.
  path: Assets/Scripts/AchievementToast.cs
  artifactKey: Guid(e5f35b464f4529f458653c5a9e75c3f0) Importer(815301076,1909f56bfc062723c751e8b465ee728b)
Start importing Assets/Scripts/AchievementToast.cs using Guid(e5f35b464f4529f458653c5a9e75c3f0) Importer(815301076,1909f56bfc062723c751e8b465ee728b) (PreviewImporter) -> (artifact id: '00000000000000000000000000000000') in 0.0004819 seconds
Import Error Code:(4)
Message: Build asset version error: assets/scripts/achievementtoast.cs in SourceAssetDB has modification time of '2026-01-01T00:09:57.3370932Z' while content on disk has modification time of '2026-01-01T00:10:00.5395182Z'
  ERROR: Build asset version error: assets/scripts/achievementtoast.cs in SourceAssetDB has modification time of '2026-01-01T00:09:57.3370932Z' while content on disk has modification time of '2026-01-01T00:10:00.5395182Z'
Number of updated asset objects reloaded before import = 0Number of asset objects unloaded after import = 0

========================================================================
Received Import Request.
  Time since last request: 0.000031 seconds.
  path: Assets/Scripts/AchievementToast.cs
  artifactKey: Guid(e5f35b464f4529f458653c5a9e75c3f0) Importer(815301076,1909f56bfc062723c751e8b465ee728b)
Start importing Assets/Scripts/AchievementToast.cs using Guid(e5f35b464f4529f458653c5a9e75c3f0) Importer(815301076,1909f56bfc062723c751e8b465ee728b) (PreviewImporter) -> (artifact id: '00000000000000000000000000000000') in 0.0004631 seconds
Import Error Code:(4)
Message: Build asset version error: assets/scripts/achievementtoast.cs in SourceAssetDB has modification time of '2026-01-01T00:09:57.3370932Z' while content on disk has modification time of '2026-01-01T00:10:00.5395182Z'
  ERROR: Build asset version error: assets/scripts/achievementtoast.cs in SourceAssetDB has modification time of '2026-01-01T00:09:57.3370932Z' while content on disk has modification time of '2026-01-01T00:10:00.5395182Z'
Number of updated asset objects reloaded before import = 0Number of asset objects unloaded after import = 0

========================================================================
Received Import Request.
  Time since last request: 0.000015 seconds.
  path: Assets/Scripts/AchievementToast.cs
  artifactKey: Guid(e5f35b464f4529f458653c5a9e75c3f0) Importer(815301076,1909f56bfc062723c751e8b465ee728b)
Start importing Assets/Scripts/AchievementToast.cs using Guid(e5f35b464f4529f458653c5a9e75c3f0) Importer(815301076,1909f56bfc062723c751e8b465ee728b) (PreviewImporter) -> (artifact id: '00000000000000000000000000000000') in 0.0004632 seconds
Import Error Code:(4)
Message: Build asset version error: assets/scripts/achievementtoast.cs in SourceAssetDB has modification time of '2026-01-01T00:09:57.3370932Z' while content on disk has modification time of '2026-01-01T00:10:00.5395182Z'
  ERROR: Build asset version error: assets/scripts/achievementtoast.cs in SourceAssetDB has modification time of '2026-01-01T00:09:57.3370932Z' while content on disk has modification time of '2026-01-01T00:10:00.5395182Z'
Number of updated asset objects reloaded before import = 0Number of asset objects unloaded after import = 0

========================================================================
Received Import Request.
  Time since last request: 0.000014 seconds.
  path: Assets/Scripts/AchievementToast.cs
  artifactKey: Guid(e5f35b464f4529f458653c5a9e75c3f0) Importer(815301076,1909f56bfc062723c751e8b465ee728b)
Start importing Assets/Scripts/AchievementToast.cs using Guid(e5f35b464f4529f458653c5a9e75c3f0) Importer(815301076,1909f56bfc062723c751e8b465ee728b) (PreviewImporter) -> (artifact id: '00000000000000000000000000000000') in 0.0005386 seconds
Import Error Code:(4)
Message: Build asset version error: assets/scripts/achievementtoast.cs in SourceAssetDB has modification time of '2026-01-01T00:09:57.3370932Z' while content on disk has modification time of '2026-01-01T00:10:00.5395182Z'
  ERROR: Build asset version error: assets/scripts/achievementtoast.cs in SourceAssetDB has modification time of '2026-01-01T00:09:57.3370932Z' while content on disk has modification time of '2026-01-01T00:10:00.5395182Z'
Number of updated asset objects reloaded before import = 0Number of asset objects unloaded after import = 0

========================================================================
Received Import Request.
  Time since last request: 0.000015 seconds.
  path: Assets/Scripts/AchievementToast.cs
  artifactKey: Guid(e5f35b464f4529f458653c5a9e75c3f0) Importer(815301076,1909f56bfc062723c751e8b465ee728b)
Start importing Assets/Scripts/AchievementToast.cs using Guid(e5f35b464f4529f458653c5a9e75c3f0) Importer(815301076,1909f56bfc062723c751e8b465ee728b) (PreviewImporter) -> (artifact id: '00000000000000000000000000000000') in 0.0004887 seconds
Import Error Code:(4)
Message: Build asset version error: assets/scripts/achievementtoast.cs in SourceAssetDB has modification time of '2026-01-01T00:09:57.3370932Z' while content on disk has modification time of '2026-01-01T00:10:00.5395182Z'
  ERROR: Build asset version error: assets/scripts/achievementtoast.cs in SourceAssetDB has modification time of '2026-01-01T00:09:57.3370932Z' while content on disk has modification time of '2026-01-01T00:10:00.5395182Z'
Number of updated asset objects reloaded before import = 0Number of asset objects unloaded after import = 0

========================================================================
Received Import Request.
  Time since last request: 0.000015 seconds.
  path: Assets/Scripts/AchievementToast.cs
  artifactKey: Guid(e5f35b464f4529f458653c5a9e75c3f0) Importer(815301076,1909f56bfc062723c751e8b465ee728b)
Start importing Assets/Scripts/AchievementToast.cs using Guid(e5f35b464f4529f458653c5a9e75c3f0) Importer(815301076,1909f56bfc062723c751e8b465ee728b) (PreviewImporter) -> (artifact id: '00000000000000000000000000000000') in 0.0004944 seconds
Import Error Code:(4)
Message: Build asset version error: assets/scripts/achievementtoast.cs in SourceAssetDB has modification time of '2026-01-01T00:09:57.3370932Z' while content on disk has modification time of '2026-01-01T00:10:00.5395182Z'
  ERROR: Build asset version error: assets/scripts/achievementtoast.cs in SourceAssetDB has modification time of '2026-01-01T00:09:57.3370932Z' while content on disk has modification time of '2026-01-01T00:10:00.5395182Z'
Number of updated asset objects reloaded before import = 0Number of asset objects unloaded after import = 0

========================================================================
Received Import Request.
  Time since last request: 0.000015 seconds.
  path: Assets/Scripts/AchievementToast.cs
  artifactKey: Guid(e5f35b464f4529f458653c5a9e75c3f0) Importer(815301076,1909f56bfc062723c751e8b465ee728b)
Start importing Assets/Scripts/AchievementToast.cs using Guid(e5f35b464f4529f458653c5a9e75c3f0) Importer(815301076,1909f56bfc062723c751e8b465ee728b) (PreviewImporter) -> (artifact id: '00000000000000000000000000000000') in 0.0004974 seconds
Import Error Code:(4)
Message: Build asset version error: assets/scripts/achievementtoast.cs in SourceAssetDB has modification time of '2026-01-01T00:09:57.3370932Z' while content on disk has modification time of '2026-01-01T00:10:00.5395182Z'
  ERROR: Build asset version error: assets/scripts/achievementtoast.cs in SourceAssetDB has modification time of '2026-01-01T00:09:57.3370932Z' while content on disk has modification time of '2026-01-01T00:10:00.5395182Z'
Number of updated asset objects reloaded before import = 0Number of asset objects unloaded after import = 0

========================================================================
Received Import Request.
  Time since last request: 0.000015 seconds.
  path: Assets/Scripts/AchievementToast.cs
  artifactKey: Guid(e5f35b464f4529f458653c5a9e75c3f0) Importer(815301076,1909f56bfc062723c751e8b465ee728b)
Start importing Assets/Scripts/AchievementToast.cs using Guid(e5f35b464f4529f458653c5a9e75c3f0) Importer(815301076,1909f56bfc062723c751e8b465ee728b) (PreviewImporter) -> (artifact id: '00000000000000000000000000000000') in 0.00048 seconds
Import Error Code:(4)
Message: Build asset version error: assets/scripts/achievementtoast.cs in SourceAssetDB has modification time of '2026-01-01T00:09:57.3370932Z' while content on disk has modification time of '2026-01-01T00:10:00.5395182Z'
  ERROR: Build asset version error: assets/scripts/achievementtoast.cs in SourceAssetDB has modification time of '2026-01-01T00:09:57.3370932Z' while content on disk has modification time of '2026-01-01T00:10:00.5395182Z'
Number of updated asset objects reloaded before import = 0Number of asset objects unloaded after import = 0

========================================================================
Received Import Request.
  Time since last request: 0.000017 seconds.
  path: Assets/Scripts/AchievementToast.cs
  artifactKey: Guid(e5f35b464f4529f458653c5a9e75c3f0) Importer(815301076,1909f56bfc062723c751e8b465ee728b)
Start importing Assets/Scripts/AchievementToast.cs using Guid(e5f35b464f4529f458653c5a9e75c3f0) Importer(815301076,1909f56bfc062723c751e8b465ee728b) (PreviewImporter) -> (artifact id: '00000000000000000000000000000000') in 0.0004977 seconds
Import Error Code:(4)
Message: Build asset version error: assets/scripts/achievementtoast.cs in SourceAssetDB has modification time of '2026-01-01T00:09:57.3370932Z' while content on disk has modification time of '2026-01-01T00:10:00.5395182Z'
  ERROR: Build asset version error: assets/scripts/achievementtoast.cs in SourceAssetDB has modification time of '2026-01-01T00:09:57.3370932Z' while content on disk has modification time of '2026-01-01T00:10:00.5395182Z'
Number of updated asset objects reloaded before import = 0Number of asset objects unloaded after import = 0

========================================================================
Received Import Request.
  Time since last request: 0.000016 seconds.
  path: Assets/Scripts/AchievementToast.cs
  artifactKey: Guid(e5f35b464f4529f458653c5a9e75c3f0) Importer(815301076,1909f56bfc062723c751e8b465ee728b)
Start importing Assets/Scripts/AchievementToast.cs using Guid(e5f35b464f4529f458653c5a9e75c3f0) Importer(815301076,1909f56bfc062723c751e8b465ee728b) (PreviewImporter) -> (artifact id: '00000000000000000000000000000000') in 0.0005623 seconds
Import Error Code:(4)
Message: Build asset version error: assets/scripts/achievementtoast.cs in SourceAssetDB has modification time of '2026-01-01T00:09:57.3370932Z' while content on disk has modification time of '2026-01-01T00:10:00.5395182Z'
  ERROR: Build asset version error: assets/scripts/achievementtoast.cs in SourceAssetDB has modification time of '2026-01-01T00:09:57.3370932Z' while content on disk has modification time of '2026-01-01T00:10:00.5395182Z'
Number of updated asset objects reloaded before import = 0Number of asset objects unloaded after import = 0

========================================================================
Received Import Request.
  Time since last request: 0.000020 seconds.
  path: Assets/Scripts/AchievementToast.cs
  artifactKey: Guid(e5f35b464f4529f458653c5a9e75c3f0) Importer(815301076,1909f56bfc062723c751e8b465ee728b)
Start importing Assets/Scripts/AchievementToast.cs using Guid(e5f35b464f4529f458653c5a9e75c3f0) Importer(815301076,1909f56bfc062723c751e8b465ee728b) (PreviewImporter) -> (artifact id: '00000000000000000000000000000000') in 0.0005221 seconds
Import Error Code:(4)
Message: Build asset version error: assets/scripts/achievementtoast.cs in SourceAssetDB has modification time of '2026-01-01T00:09:57.3370932Z' while content on disk has modification time of '2026-01-01T00:10:00.5395182Z'
  ERROR: Build asset version error: assets/scripts/achievementtoast.cs in SourceAssetDB has modification time of '2026-01-01T00:09:57.3370932Z' while content on disk has modification time of '2026-01-01T00:10:00.5395182Z'
Number of updated asset objects reloaded before import = 0Number of asset objects unloaded after import = 0

========================================================================
Received Import Request.
  Time since last request: 0.000025 seconds.
  path: Assets/Scripts/AchievementToast.cs
  artifactKey: Guid(e5f35b464f4529f458653c5a9e75c3f0) Importer(815301076,1909f56bfc062723c751e8b465ee728b)
Start importing Assets/Scripts/AchievementToast.cs using Guid(e5f35b464f4529f458653c5a9e75c3f0) Importer(815301076,1909f56bfc062723c751e8b465ee728b) (PreviewImporter) -> (artifact id: '00000000000000000000000000000000') in 0.0006145 seconds
Import Error Code:(4)
Message: Build asset version error: assets/scripts/achievementtoast.cs in SourceAssetDB has modification time of '2026-01-01T00:09:57.3370932Z' while content on disk has modification time of '2026-01-01T00:10:00.5395182Z'
  ERROR: Build asset version error: assets/scripts/achievementtoast.cs in SourceAssetDB has modification time of '2026-01-01T00:09:57.3370932Z' while content on disk has modification time of '2026-01-01T00:10:00.5395182Z'
Number of updated asset objects reloaded before import = 0Number of asset objects unloaded after import = 0

========================================================================
Received Import Request.
  Time since last request: 0.000016 seconds.
  path: Assets/Scripts/AchievementToast.cs
  artifactKey: Guid(e5f35b464f4529f458653c5a9e75c3f0) Importer(815301076,1909f56bfc062723c751e8b465ee728b)
Start importing Assets/Scripts/AchievementToast.cs using Guid(e5f35b464f4529f458653c5a9e75c3f0) Importer(815301076,1909f56bfc062723c751e8b465ee728b) (PreviewImporter) -> (artifact id: '00000000000000000000000000000000') in 0.0005281 seconds
Import Error Code:(4)
Message: Build asset version error: assets/scripts/achievementtoast.cs in SourceAssetDB has modification time of '2026-01-01T00:09:57.3370932Z' while content on disk has modification time of '2026-01-01T00:10:00.5395182Z'
  ERROR: Build asset version error: assets/scripts/achievementtoast.cs in SourceAssetDB has modification time of '2026-01-01T00:09:57.3370932Z' while content on disk has modification time of '2026-01-01T00:10:00.5395182Z'
Number of updated asset objects reloaded before import = 0Number of asset objects unloaded after import = 0

========================================================================
Received Import Request.
  Time since last request: 0.000019 seconds.
  path: Assets/Scripts/AchievementToast.cs
  artifactKey: Guid(e5f35b464f4529f458653c5a9e75c3f0) Importer(815301076,1909f56bfc062723c751e8b465ee728b)
Start importing Assets/Scripts/AchievementToast.cs using Guid(e5f35b464f4529f458653c5a9e75c3f0) Importer(815301076,1909f56bfc062723c751e8b465ee728b) (PreviewImporter) -> (artifact id: '00000000000000000000000000000000') in 0.0005611 seconds
Import Error Code:(4)
Message: Build asset version error: assets/scripts/achievementtoast.cs in SourceAssetDB has modification time of '2026-01-01T00:09:57.3370932Z' while content on disk has modification time of '2026-01-01T00:10:00.5395182Z'
  ERROR: Build asset version error: assets/scripts/achievementtoast.cs in SourceAssetDB has modification time of '2026-01-01T00:09:57.3370932Z' while content on disk has modification time of '2026-01-01T00:10:00.5395182Z'
Number of updated asset objects reloaded before import = 0Number of asset objects unloaded after import = 0

========================================================================
Received Import Request.
  Time since last request: 0.000016 seconds.
  path: Assets/Scripts/AchievementToast.cs
  artifactKey: Guid(e5f35b464f4529f458653c5a9e75c3f0) Importer(815301076,1909f56bfc062723c751e8b465ee728b)
Start importing Assets/Scripts/AchievementToast.cs using Guid(e5f35b464f4529f458653c5a9e75c3f0) Importer(815301076,1909f56bfc062723c751e8b465ee728b) (PreviewImporter) -> (artifact id: '00000000000000000000000000000000') in 0.00051 seconds
Import Error Code:(4)
Message: Build asset version error: assets/scripts/achievementtoast.cs in SourceAssetDB has modification time of '2026-01-01T00:09:57.3370932Z' while content on disk has modification time of '2026-01-01T00:10:00.5395182Z'
  ERROR: Build asset version error: assets/scripts/achievementtoast.cs in SourceAssetDB has modification time of '2026-01-01T00:09:57.3370932Z' while content on disk has modification time of '2026-01-01T00:10:00.5395182Z'
Number of updated asset objects reloaded before import = 0Number of asset objects unloaded after import = 0

========================================================================
Received Import Request.
  Time since last request: 0.000019 seconds.
  path: Assets/Scripts/AchievementToast.cs
  artifactKey: Guid(e5f35b464f4529f458653c5a9e75c3f0) Importer(815301076,1909f56bfc062723c751e8b465ee728b)
Start importing Assets/Scripts/AchievementToast.cs using Guid(e5f35b464f4529f458653c5a9e75c3f0) Importer(815301076,1909f56bfc062723c751e8b465ee728b) (PreviewImporter) -> (artifact id: '00000000000000000000000000000000') in 0.000655 seconds
Import Error Code:(4)
Message: Build asset version error: assets/scripts/achievementtoast.cs in SourceAssetDB has modification time of '2026-01-01T00:09:57.3370932Z' while content on disk has modification time of '2026-01-01T00:10:00.5395182Z'
  ERROR: Build asset version error: assets/scripts/achievementtoast.cs in SourceAssetDB has modification time of '2026-01-01T00:09:57.3370932Z' while content on disk has modification time of '2026-01-01T00:10:00.5395182Z'
Number of updated asset objects reloaded before import = 0Number of asset objects unloaded after import = 0

========================================================================
Received Import Request.
  Time since last request: 0.000015 seconds.
  path: Assets/Scripts/AchievementToast.cs
  artifactKey: Guid(e5f35b464f4529f458653c5a9e75c3f0) Importer(815301076,1909f56bfc062723c751e8b465ee728b)
Start importing Assets/Scripts/AchievementToast.cs using Guid(e5f35b464f4529f458653c5a9e75c3f0) Importer(815301076,1909f56bfc062723c751e8b465ee728b) (PreviewImporter) -> (artifact id: '00000000000000000000000000000000') in 0.0005443 seconds
Import Error Code:(4)
Message: Build asset version error: assets/scripts/achievementtoast.cs in SourceAssetDB has modification time of '2026-01-01T00:09:57.3370932Z' while content on disk has modification time of '2026-01-01T00:10:00.5395182Z'
  ERROR: Build asset version error: assets/scripts/achievementtoast.cs in SourceAssetDB has modification time of '2026-01-01T00:09:57.3370932Z' while content on disk has modification time of '2026-01-01T00:10:00.5395182Z'
Number of updated asset objects reloaded before import = 0Number of asset objects unloaded after import = 0

========================================================================
Received Import Request.
  Time since last request: 0.000017 seconds.
  path: Assets/Scripts/AchievementToast.cs
  artifactKey: Guid(e5f35b464f4529f458653c5a9e75c3f0) Importer(815301076,1909f56bfc062723c751e8b465ee728b)
Start importing Assets/Scripts/AchievementToast.cs using Guid(e5f35b464f4529f458653c5a9e75c3f0) Importer(815301076,1909f56bfc062723c751e8b465ee728b) (PreviewImporter) -> (artifact id: '00000000000000000000000000000000') in 0.0004985 seconds
Import Error Code:(4)
Message: Build asset version error: assets/scripts/achievementtoast.cs in SourceAssetDB has modification time of '2026-01-01T00:09:57.3370932Z' while content on disk has modification time of '2026-01-01T00:10:00.5395182Z'
  ERROR: Build asset version error: assets/scripts/achievementtoast.cs in SourceAssetDB has modification time of '2026-01-01T00:09:57.3370932Z' while content on disk has modification time of '2026-01-01T00:10:00.5395182Z'
Number of updated asset objects reloaded before import = 0Number of asset objects unloaded after import = 0

========================================================================
Received Import Request.
  Time since last request: 0.000016 seconds.
  path: Assets/Scripts/AchievementToast.cs
  artifactKey: Guid(e5f35b464f4529f458653c5a9e75c3f0) Importer(815301076,1909f56bfc062723c751e8b465ee728b)
Start importing Assets/Scripts/AchievementToast.cs using Guid(e5f35b464f4529f458653c5a9e75c3f0) Importer(815301076,1909f56bfc062723c751e8b465ee728b) (PreviewImporter) -> (artifact id: '00000000000000000000000000000000') in 0.0004576 seconds
Import Error Code:(4)
Message: Build asset version error: assets/scripts/achievementtoast.cs in SourceAssetDB has modification time of '2026-01-01T00:09:57.3370932Z' while content on disk has modification time of '2026-01-01T00:10:00.5395182Z'
  ERROR: Build asset version error: assets/scripts/achievementtoast.cs in SourceAssetDB has modification time of '2026-01-01T00:09:57.3370932Z' while content on disk has modification time of '2026-01-01T00:10:00.5395182Z'
Number of updated asset objects reloaded before import = 0Number of asset objects unloaded after import = 0

========================================================================
Received Import Request.
  Time since last request: 0.000019 seconds.
  path: Assets/Scripts/AchievementToast.cs
  artifactKey: Guid(e5f35b464f4529f458653c5a9e75c3f0) Importer(815301076,1909f56bfc062723c751e8b465ee728b)
Start importing Assets/Scripts/AchievementToast.cs using Guid(e5f35b464f4529f458653c5a9e75c3f0) Importer(815301076,1909f56bfc062723c751e8b465ee728b) (PreviewImporter) -> (artifact id: '00000000000000000000000000000000') in 0.0005137 seconds
Import Error Code:(4)
Message: Build asset version error: assets/scripts/achievementtoast.cs in SourceAssetDB has modification time of '2026-01-01T00:09:57.3370932Z' while content on disk has modification time of '2026-01-01T00:10:00.5395182Z'
  ERROR: Build asset version error: assets/scripts/achievementtoast.cs in SourceAssetDB has modification time of '2026-01-01T00:09:57.3370932Z' while content on disk has modification time of '2026-01-01T00:10:00.5395182Z'
Number of updated asset objects reloaded before import = 0Number of asset objects unloaded after import = 0

========================================================================
Received Import Request.
  Time since last request: 0.000028 seconds.
  path: Assets/Scripts/AchievementToast.cs
  artifactKey: Guid(e5f35b464f4529f458653c5a9e75c3f0) Importer(815301076,1909f56bfc062723c751e8b465ee728b)
Start importing Assets/Scripts/AchievementToast.cs using Guid(e5f35b464f4529f458653c5a9e75c3f0) Importer(815301076,1909f56bfc062723c751e8b465ee728b) (PreviewImporter) -> (artifact id: '00000000000000000000000000000000') in 0.000531 seconds
Import Error Code:(4)
Message: Build asset version error: assets/scripts/achievementtoast.cs in SourceAssetDB has modification time of '2026-01-01T00:09:57.3370932Z' while content on disk has modification time of '2026-01-01T00:10:00.5395182Z'
  ERROR: Build asset version error: assets/scripts/achievementtoast.cs in SourceAssetDB has modification time of '2026-01-01T00:09:57.3370932Z' while content on disk has modification time of '2026-01-01T00:10:00.5395182Z'
Number of updated asset objects reloaded before import = 0Number of asset objects unloaded after import = 0

========================================================================
Received Import Request.
  Time since last request: 0.000015 seconds.
  path: Assets/Scripts/AchievementToast.cs
  artifactKey: Guid(e5f35b464f4529f458653c5a9e75c3f0) Importer(815301076,1909f56bfc062723c751e8b465ee728b)
Start importing Assets/Scripts/AchievementToast.cs using Guid(e5f35b464f4529f458653c5a9e75c3f0) Importer(815301076,1909f56bfc062723c751e8b465ee728b) (PreviewImporter) -> (artifact id: '00000000000000000000000000000000') in 0.0005559 seconds
Import Error Code:(4)
Message: Build asset version error: assets/scripts/achievementtoast.cs in SourceAssetDB has modification time of '2026-01-01T00:09:57.3370932Z' while content on disk has modification time of '2026-01-01T00:10:00.5395182Z'
  ERROR: Build asset version error: assets/scripts/achievementtoast.cs in SourceAssetDB has modification time of '2026-01-01T00:09:57.3370932Z' while content on disk has modification time of '2026-01-01T00:10:00.5395182Z'
Number of updated asset objects reloaded before import = 0Number of asset objects unloaded after import = 0

========================================================================
Received Import Request.
  Time since last request: 0.000015 seconds.
  path: Assets/Scripts/AchievementToast.cs
  artifactKey: Guid(e5f35b464f4529f458653c5a9e75c3f0) Importer(815301076,1909f56bfc062723c751e8b465ee728b)
Start importing Assets/Scripts/AchievementToast.cs using Guid(e5f35b464f4529f458653c5a9e75c3f0) Importer(815301076,1909f56bfc062723c751e8b465ee728b) (PreviewImporter) -> (artifact id: '00000000000000000000000000000000') in 0.0004738 seconds
Import Error Code:(4)
Message: Build asset version error: assets/scripts/achievementtoast.cs in SourceAssetDB has modification time of '2026-01-01T00:09:57.3370932Z' while content on disk has modification time of '2026-01-01T00:10:00.5395182Z'
  ERROR: Build asset version error: assets/scripts/achievementtoast.cs in SourceAssetDB has modification time of '2026-01-01T00:09:57.3370932Z' while content on disk has modification time of '2026-01-01T00:10:00.5395182Z'
Number of updated asset objects reloaded before import = 0Number of asset objects unloaded after import = 0

========================================================================
Received Import Request.
  Time since last request: 0.000016 seconds.
  path: Assets/Scripts/AchievementToast.cs
  artifactKey: Guid(e5f35b464f4529f458653c5a9e75c3f0) Importer(815301076,1909f56bfc062723c751e8b465ee728b)
Start importing Assets/Scripts/AchievementToast.cs using Guid(e5f35b464f4529f458653c5a9e75c3f0) Importer(815301076,1909f56bfc062723c751e8b465ee728b) (PreviewImporter) -> (artifact id: '00000000000000000000000000000000') in 0.0005886 seconds
Import Error Code:(4)
Message: Build asset version error: assets/scripts/achievementtoast.cs in SourceAssetDB has modification time of '2026-01-01T00:09:57.3370932Z' while content on disk has modification time of '2026-01-01T00:10:00.5395182Z'
  ERROR: Build asset version error: assets/scripts/achievementtoast.cs in SourceAssetDB has modification time of '2026-01-01T00:09:57.3370932Z' while content on disk has modification time of '2026-01-01T00:10:00.5395182Z'
Number of updated asset objects reloaded before import = 0Number of asset objects unloaded after import = 0

========================================================================
Received Import Request.
  Time since last request: 0.000018 seconds.
  path: Assets/Scripts/AchievementToast.cs
  artifactKey: Guid(e5f35b464f4529f458653c5a9e75c3f0) Importer(815301076,1909f56bfc062723c751e8b465ee728b)
Start importing Assets/Scripts/AchievementToast.cs using Guid(e5f35b464f4529f458653c5a9e75c3f0) Importer(815301076,1909f56bfc062723c751e8b465ee728b) (PreviewImporter) -> (artifact id: '00000000000000000000000000000000') in 0.0004936 seconds
Import Error Code:(4)
Message: Build asset version error: assets/scripts/achievementtoast.cs in SourceAssetDB has modification time of '2026-01-01T00:09:57.3370932Z' while content on disk has modification time of '2026-01-01T00:10:00.5395182Z'
  ERROR: Build asset version error: assets/scripts/achievementtoast.cs in SourceAssetDB has modification time of '2026-01-01T00:09:57.3370932Z' while content on disk has modification time of '2026-01-01T00:10:00.5395182Z'
Number of updated asset objects reloaded before import = 0Number of asset objects unloaded after import = 0

========================================================================
Received Import Request.
  Time since last request: 0.000013 seconds.
  path: Assets/Scripts/AchievementToast.cs
  artifactKey: Guid(e5f35b464f4529f458653c5a9e75c3f0) Importer(815301076,1909f56bfc062723c751e8b465ee728b)
Start importing Assets/Scripts/AchievementToast.cs using Guid(e5f35b464f4529f458653c5a9e75c3f0) Importer(815301076,1909f56bfc062723c751e8b465ee728b) (PreviewImporter) -> (artifact id: '00000000000000000000000000000000') in 0.000472 seconds
Import Error Code:(4)
Message: Build asset version error: assets/scripts/achievementtoast.cs in SourceAssetDB has modification time of '2026-01-01T00:09:57.3370932Z' while content on disk has modification time of '2026-01-01T00:10:00.5395182Z'
  ERROR: Build asset version error: assets/scripts/achievementtoast.cs in SourceAssetDB has modification time of '2026-01-01T00:09:57.3370932Z' while content on disk has modification time of '2026-01-01T00:10:00.5395182Z'
Number of updated asset objects reloaded before import = 0Number of asset objects unloaded after import = 0

========================================================================
Received Import Request.
  Time since last request: 0.000015 seconds.
  path: Assets/Scripts/AchievementToast.cs
  artifactKey: Guid(e5f35b464f4529f458653c5a9e75c3f0) Importer(815301076,1909f56bfc062723c751e8b465ee728b)
Start importing Assets/Scripts/AchievementToast.cs using Guid(e5f35b464f4529f458653c5a9e75c3f0) Importer(815301076,1909f56bfc062723c751e8b465ee728b) (PreviewImporter) -> (artifact id: '00000000000000000000000000000000') in 0.0005196 seconds
Import Error Code:(4)
Message: Build asset version error: assets/scripts/achievementtoast.cs in SourceAssetDB has modification time of '2026-01-01T00:09:57.3370932Z' while content on disk has modification time of '2026-01-01T00:10:00.5395182Z'
  ERROR: Build asset version error: assets/scripts/achievementtoast.cs in SourceAssetDB has modification time of '2026-01-01T00:09:57.3370932Z' while content on disk has modification time of '2026-01-01T00:10:00.5395182Z'
Number of updated asset objects reloaded before import = 0Number of asset objects unloaded after import = 0

========================================================================
Received Import Request.
  Time since last request: 0.000015 seconds.
  path: Assets/Scripts/AchievementToast.cs
  artifactKey: Guid(e5f35b464f4529f458653c5a9e75c3f0) Importer(815301076,1909f56bfc062723c751e8b465ee728b)
Start importing Assets/Scripts/AchievementToast.cs using Guid(e5f35b464f4529f458653c5a9e75c3f0) Importer(815301076,1909f56bfc062723c751e8b465ee728b) (PreviewImporter) -> (artifact id: '00000000000000000000000000000000') in 0.0004767 seconds
Import Error Code:(4)
Message: Build asset version error: assets/scripts/achievementtoast.cs in SourceAssetDB has modification time of '2026-01-01T00:09:57.3370932Z' while content on disk has modification time of '2026-01-01T00:10:00.5395182Z'
  ERROR: Build asset version error: assets/scripts/achievementtoast.cs in SourceAssetDB has modification time of '2026-01-01T00:09:57.3370932Z' while content on disk has modification time of '2026-01-01T00:10:00.5395182Z'
Number of updated asset objects reloaded before import = 0Number of asset objects unloaded after import = 0

========================================================================
Received Import Request.
  Time since last request: 0.000015 seconds.
  path: Assets/Scripts/AchievementToast.cs
  artifactKey: Guid(e5f35b464f4529f458653c5a9e75c3f0) Importer(815301076,1909f56bfc062723c751e8b465ee728b)
Start importing Assets/Scripts/AchievementToast.cs using Guid(e5f35b464f4529f458653c5a9e75c3f0) Importer(815301076,1909f56bfc062723c751e8b465ee728b) (PreviewImporter) -> (artifact id: '00000000000000000000000000000000') in 0.0005799 seconds
Import Error Code:(4)
Message: Build asset version error: assets/scripts/achievementtoast.cs in SourceAssetDB has modification time of '2026-01-01T00:09:57.3370932Z' while content on disk has modification time of '2026-01-01T00:10:00.5395182Z'
  ERROR: Build asset version error: assets/scripts/achievementtoast.cs in SourceAssetDB has modification time of '2026-01-01T00:09:57.3370932Z' while content on disk has modification time of '2026-01-01T00:10:00.5395182Z'
Number of updated asset objects reloaded before import = 0Number of asset objects unloaded after import = 0

========================================================================
Received Import Request.
  Time since last request: 0.000017 seconds.
  path: Assets/Scripts/AchievementToast.cs
  artifactKey: Guid(e5f35b464f4529f458653c5a9e75c3f0) Importer(815301076,1909f56bfc062723c751e8b465ee728b)
Start importing Assets/Scripts/AchievementToast.cs using Guid(e5f35b464f4529f458653c5a9e75c3f0) Importer(815301076,1909f56bfc062723c751e8b465ee728b) (PreviewImporter) -> (artifact id: '00000000000000000000000000000000') in 0.000605 seconds
Import Error Code:(4)
Message: Build asset version error: assets/scripts/achievementtoast.cs in SourceAssetDB has modification time of '2026-01-01T00:09:57.3370932Z' while content on disk has modification time of '2026-01-01T00:10:00.5395182Z'
  ERROR: Build asset version error: assets/scripts/achievementtoast.cs in SourceAssetDB has modification time of '2026-01-01T00:09:57.3370932Z' while content on disk has modification time of '2026-01-01T00:10:00.5395182Z'
Number of updated asset objects reloaded before import = 0Number of asset objects unloaded after import = 0

========================================================================
Received Import Request.
  Time since last request: 0.000026 seconds.
  path: Assets/Scripts/AchievementToast.cs
  artifactKey: Guid(e5f35b464f4529f458653c5a9e75c3f0) Importer(815301076,1909f56bfc062723c751e8b465ee728b)
Start importing Assets/Scripts/AchievementToast.cs using Guid(e5f35b464f4529f458653c5a9e75c3f0) Importer(815301076,1909f56bfc062723c751e8b465ee728b) (PreviewImporter) -> (artifact id: '00000000000000000000000000000000') in 0.0005888 seconds
Import Error Code:(4)
Message: Build asset version error: assets/scripts/achievementtoast.cs in SourceAssetDB has modification time of '2026-01-01T00:09:57.3370932Z' while content on disk has modification time of '2026-01-01T00:10:00.5395182Z'
  ERROR: Build asset version error: assets/scripts/achievementtoast.cs in SourceAssetDB has modification time of '2026-01-01T00:09:57.3370932Z' while content on disk has modification time of '2026-01-01T00:10:00.5395182Z'
Number of updated asset objects reloaded before import = 0Number of asset objects unloaded after import = 0

========================================================================
Received Import Request.
  Time since last request: 0.000017 seconds.
  path: Assets/Scripts/AchievementToast.cs
  artifactKey: Guid(e5f35b464f4529f458653c5a9e75c3f0) Importer(815301076,1909f56bfc062723c751e8b465ee728b)
Start importing Assets/Scripts/AchievementToast.cs using Guid(e5f35b464f4529f458653c5a9e75c3f0) Importer(815301076,1909f56bfc062723c751e8b465ee728b) (PreviewImporter) -> (artifact id: '00000000000000000000000000000000') in 0.0004746 seconds
Import Error Code:(4)
Message: Build asset version error: assets/scripts/achievementtoast.cs in SourceAssetDB has modification time of '2026-01-01T00:09:57.3370932Z' while content on disk has modification time of '2026-01-01T00:10:00.5395182Z'
  ERROR: Build asset version error: assets/scripts/achievementtoast.cs in SourceAssetDB has modification time of '2026-01-01T00:09:57.3370932Z' while content on disk has modification time of '2026-01-01T00:10:00.5395182Z'
Number of updated asset objects reloaded before import = 0Number of asset objects unloaded after import = 0

========================================================================
Received Import Request.
  Time since last request: 0.000014 seconds.
  path: Assets/Scripts/AchievementToast.cs
  artifactKey: Guid(e5f35b464f4529f458653c5a9e75c3f0) Importer(815301076,1909f56bfc062723c751e8b465ee728b)
Start importing Assets/Scripts/AchievementToast.cs using Guid(e5f35b464f4529f458653c5a9e75c3f0) Importer(815301076,1909f56bfc062723c751e8b465ee728b) (PreviewImporter) -> (artifact id: '00000000000000000000000000000000') in 0.0005385 seconds
Import Error Code:(4)
Message: Build asset version error: assets/scripts/achievementtoast.cs in SourceAssetDB has modification time of '2026-01-01T00:09:57.3370932Z' while content on disk has modification time of '2026-01-01T00:10:00.5395182Z'
  ERROR: Build asset version error: assets/scripts/achievementtoast.cs in SourceAssetDB has modification time of '2026-01-01T00:09:57.3370932Z' while content on disk has modification time of '2026-01-01T00:10:00.5395182Z'
Number of updated asset objects reloaded before import = 0Number of asset objects unloaded after import = 0

========================================================================
Received Import Request.
  Time since last request: 0.000015 seconds.
  path: Assets/Scripts/AchievementToast.cs
  artifactKey: Guid(e5f35b464f4529f458653c5a9e75c3f0) Importer(815301076,1909f56bfc062723c751e8b465ee728b)
Start importing Assets/Scripts/AchievementToast.cs using Guid(e5f35b464f4529f458653c5a9e75c3f0) Importer(815301076,1909f56bfc062723c751e8b465ee728b) (PreviewImporter) -> (artifact id: '00000000000000000000000000000000') in 0.0004648 seconds
Import Error Code:(4)
Message: Build asset version error: assets/scripts/achievementtoast.cs in SourceAssetDB has modification time of '2026-01-01T00:09:57.3370932Z' while content on disk has modification time of '2026-01-01T00:10:00.5395182Z'
  ERROR: Build asset version error: assets/scripts/achievementtoast.cs in SourceAssetDB has modification time of '2026-01-01T00:09:57.3370932Z' while content on disk has modification time of '2026-01-01T00:10:00.5395182Z'
Number of updated asset objects reloaded before import = 0Number of asset objects unloaded after import = 0

========================================================================
Received Import Request.
  Time since last request: 0.000015 seconds.
  path: Assets/Scripts/AchievementToast.cs
  artifactKey: Guid(e5f35b464f4529f458653c5a9e75c3f0) Importer(815301076,1909f56bfc062723c751e8b465ee728b)
Start importing Assets/Scripts/AchievementToast.cs using Guid(e5f35b464f4529f458653c5a9e75c3f0) Importer(815301076,1909f56bfc062723c751e8b465ee728b) (PreviewImporter) -> (artifact id: '00000000000000000000000000000000') in 0.0005175 seconds
Import Error Code:(4)
Message: Build asset version error: assets/scripts/achievementtoast.cs in SourceAssetDB has modification time of '2026-01-01T00:09:57.3370932Z' while content on disk has modification time of '2026-01-01T00:10:00.5395182Z'
  ERROR: Build asset version error: assets/scripts/achievementtoast.cs in SourceAssetDB has modification time of '2026-01-01T00:09:57.3370932Z' while content on disk has modification time of '2026-01-01T00:10:00.5395182Z'
Number of updated asset objects reloaded before import = 0Number of asset objects unloaded after import = 0

========================================================================
Received Import Request.
  Time since last request: 0.000015 seconds.
  path: Assets/Scripts/AchievementToast.cs
  artifactKey: Guid(e5f35b464f4529f458653c5a9e75c3f0) Importer(815301076,1909f56bfc062723c751e8b465ee728b)
Start importing Assets/Scripts/AchievementToast.cs using Guid(e5f35b464f4529f458653c5a9e75c3f0) Importer(815301076,1909f56bfc062723c751e8b465ee728b) (PreviewImporter) -> (artifact id: '00000000000000000000000000000000') in 0.0005078 seconds
Import Error Code:(4)
Message: Build asset version error: assets/scripts/achievementtoast.cs in SourceAssetDB has modification time of '2026-01-01T00:09:57.3370932Z' while content on disk has modification time of '2026-01-01T00:10:00.5395182Z'
  ERROR: Build asset version error: assets/scripts/achievementtoast.cs in SourceAssetDB has modification time of '2026-01-01T00:09:57.3370932Z' while content on disk has modification time of '2026-01-01T00:10:00.5395182Z'
Number of updated asset objects reloaded before import = 0Number of asset objects unloaded after import = 0

========================================================================
Received Import Request.
  Time since last request: 0.000015 seconds.
  path: Assets/Scripts/AchievementToast.cs
  artifactKey: Guid(e5f35b464f4529f458653c5a9e75c3f0) Importer(815301076,1909f56bfc062723c751e8b465ee728b)
Start importing Assets/Scripts/AchievementToast.cs using Guid(e5f35b464f4529f458653c5a9e75c3f0) Importer(815301076,1909f56bfc062723c751e8b465ee728b) (PreviewImporter) -> (artifact id: '00000000000000000000000000000000') in 0.0004975 seconds
Import Error Code:(4)
Message: Build asset version error: assets/scripts/achievementtoast.cs in SourceAssetDB has modification time of '2026-01-01T00:09:57.3370932Z' while content on disk has modification time of '2026-01-01T00:10:00.5395182Z'
  ERROR: Build asset version error: assets/scripts/achievementtoast.cs in SourceAssetDB has modification time of '2026-01-01T00:09:57.3370932Z' while content on disk has modification time of '2026-01-01T00:10:00.5395182Z'
Number of updated asset objects reloaded before import = 0Number of asset objects unloaded after import = 0

========================================================================
Received Import Request.
  Time since last request: 0.000018 seconds.
  path: Assets/Scripts/AchievementToast.cs
  artifactKey: Guid(e5f35b464f4529f458653c5a9e75c3f0) Importer(815301076,1909f56bfc062723c751e8b465ee728b)
Start importing Assets/Scripts/AchievementToast.cs using Guid(e5f35b464f4529f458653c5a9e75c3f0) Importer(815301076,1909f56bfc062723c751e8b465ee728b) (PreviewImporter) -> (artifact id: '00000000000000000000000000000000') in 0.0004909 seconds
Import Error Code:(4)
Message: Build asset version error: assets/scripts/achievementtoast.cs in SourceAssetDB has modification time of '2026-01-01T00:09:57.3370932Z' while content on disk has modification time of '2026-01-01T00:10:00.5395182Z'
  ERROR: Build asset version error: assets/scripts/achievementtoast.cs in SourceAssetDB has modification time of '2026-01-01T00:09:57.3370932Z' while content on disk has modification time of '2026-01-01T00:10:00.5395182Z'
Number of updated asset objects reloaded before import = 0Number of asset objects unloaded after import = 0

========================================================================
Received Import Request.
  Time since last request: 0.000015 seconds.
  path: Assets/Scripts/AchievementToast.cs
  artifactKey: Guid(e5f35b464f4529f458653c5a9e75c3f0) Importer(815301076,1909f56bfc062723c751e8b465ee728b)
Start importing Assets/Scripts/AchievementToast.cs using Guid(e5f35b464f4529f458653c5a9e75c3f0) Importer(815301076,1909f56bfc062723c751e8b465ee728b) (PreviewImporter) -> (artifact id: '00000000000000000000000000000000') in 0.0005119 seconds
Import Error Code:(4)
Message: Build asset version error: assets/scripts/achievementtoast.cs in SourceAssetDB has modification time of '2026-01-01T00:09:57.3370932Z' while content on disk has modification time of '2026-01-01T00:10:00.5395182Z'
  ERROR: Build asset version error: assets/scripts/achievementtoast.cs in SourceAssetDB has modification time of '2026-01-01T00:09:57.3370932Z' while content on disk has modification time of '2026-01-01T00:10:00.5395182Z'
Number of updated asset objects reloaded before import = 0Number of asset objects unloaded after import = 0

========================================================================
Received Import Request.
  Time since last request: 0.000018 seconds.
  path: Assets/Scripts/AchievementToast.cs
  artifactKey: Guid(e5f35b464f4529f458653c5a9e75c3f0) Importer(815301076,1909f56bfc062723c751e8b465ee728b)
Start importing Assets/Scripts/AchievementToast.cs using Guid(e5f35b464f4529f458653c5a9e75c3f0) Importer(815301076,1909f56bfc062723c751e8b465ee728b) (PreviewImporter) -> (artifact id: '00000000000000000000000000000000') in 0.0005282 seconds
Import Error Code:(4)
Message: Build asset version error: assets/scripts/achievementtoast.cs in SourceAssetDB has modification time of '2026-01-01T00:09:57.3370932Z' while content on disk has modification time of '2026-01-01T00:10:00.5395182Z'
  ERROR: Build asset version error: assets/scripts/achievementtoast.cs in SourceAssetDB has modification time of '2026-01-01T00:09:57.3370932Z' while content on disk has modification time of '2026-01-01T00:10:00.5395182Z'
Number of updated asset objects reloaded before import = 0Number of asset objects unloaded after import = 0

========================================================================
Received Import Request.
  Time since last request: 0.000027 seconds.
  path: Assets/Scripts/AchievementToast.cs
  artifactKey: Guid(e5f35b464f4529f458653c5a9e75c3f0) Importer(815301076,1909f56bfc062723c751e8b465ee728b)
Start importing Assets/Scripts/AchievementToast.cs using Guid(e5f35b464f4529f458653c5a9e75c3f0) Importer(815301076,1909f56bfc062723c751e8b465ee728b) (PreviewImporter) -> (artifact id: '00000000000000000000000000000000') in 0.0005737 seconds
Import Error Code:(4)
Message: Build asset version error: assets/scripts/achievementtoast.cs in SourceAssetDB has modification time of '2026-01-01T00:09:57.3370932Z' while content on disk has modification time of '2026-01-01T00:10:00.5395182Z'
  ERROR: Build asset version error: assets/scripts/achievementtoast.cs in SourceAssetDB has modification time of '2026-01-01T00:09:57.3370932Z' while content on disk has modification time of '2026-01-01T00:10:00.5395182Z'
Number of updated asset objects reloaded before import = 0Number of asset objects unloaded after import = 0

========================================================================
Received Import Request.
  Time since last request: 0.000015 seconds.
  path: Assets/Scripts/AchievementToast.cs
  artifactKey: Guid(e5f35b464f4529f458653c5a9e75c3f0) Importer(815301076,1909f56bfc062723c751e8b465ee728b)
Start importing Assets/Scripts/AchievementToast.cs using Guid(e5f35b464f4529f458653c5a9e75c3f0) Importer(815301076,1909f56bfc062723c751e8b465ee728b) (PreviewImporter) -> (artifact id: '00000000000000000000000000000000') in 0.0004645 seconds
Import Error Code:(4)
Message: Build asset version error: assets/scripts/achievementtoast.cs in SourceAssetDB has modification time of '2026-01-01T00:09:57.3370932Z' while content on disk has modification time of '2026-01-01T00:10:00.5395182Z'
  ERROR: Build asset version error: assets/scripts/achievementtoast.cs in SourceAssetDB has modification time of '2026-01-01T00:09:57.3370932Z' while content on disk has modification time of '2026-01-01T00:10:00.5395182Z'
Number of updated asset objects reloaded before import = 0Number of asset objects unloaded after import = 0

========================================================================
Received Import Request.
  Time since last request: 0.000014 seconds.
  path: Assets/Scripts/AchievementToast.cs
  artifactKey: Guid(e5f35b464f4529f458653c5a9e75c3f0) Importer(815301076,1909f56bfc062723c751e8b465ee728b)
Start importing Assets/Scripts/AchievementToast.cs using Guid(e5f35b464f4529f458653c5a9e75c3f0) Importer(815301076,1909f56bfc062723c751e8b465ee728b) (PreviewImporter) -> (artifact id: '00000000000000000000000000000000') in 0.00049 seconds
Import Error Code:(4)
Message: Build asset version error: assets/scripts/achievementtoast.cs in SourceAssetDB has modification time of '2026-01-01T00:09:57.3370932Z' while content on disk has modification time of '2026-01-01T00:10:00.5395182Z'
  ERROR: Build asset version error: assets/scripts/achievementtoast.cs in SourceAssetDB has modification time of '2026-01-01T00:09:57.3370932Z' while content on disk has modification time of '2026-01-01T00:10:00.5395182Z'
Number of updated asset objects reloaded before import = 0Number of asset objects unloaded after import = 0

========================================================================
Received Import Request.
  Time since last request: 0.000017 seconds.
  path: Assets/Scripts/AchievementToast.cs
  artifactKey: Guid(e5f35b464f4529f458653c5a9e75c3f0) Importer(815301076,1909f56bfc062723c751e8b465ee728b)
Start importing Assets/Scripts/AchievementToast.cs using Guid(e5f35b464f4529f458653c5a9e75c3f0) Importer(815301076,1909f56bfc062723c751e8b465ee728b) (PreviewImporter) -> (artifact id: '00000000000000000000000000000000') in 0.0005623 seconds
Import Error Code:(4)
Message: Build asset version error: assets/scripts/achievementtoast.cs in SourceAssetDB has modification time of '2026-01-01T00:09:57.3370932Z' while content on disk has modification time of '2026-01-01T00:10:00.5395182Z'
  ERROR: Build asset version error: assets/scripts/achievementtoast.cs in SourceAssetDB has modification time of '2026-01-01T00:09:57.3370932Z' while content on disk has modification time of '2026-01-01T00:10:00.5395182Z'
Number of updated asset objects reloaded before import = 0Number of asset objects unloaded after import = 0

========================================================================
Received Import Request.
  Time since last request: 0.000015 seconds.
  path: Assets/Scripts/AchievementToast.cs
  artifactKey: Guid(e5f35b464f4529f458653c5a9e75c3f0) Importer(815301076,1909f56bfc062723c751e8b465ee728b)
Start importing Assets/Scripts/AchievementToast.cs using Guid(e5f35b464f4529f458653c5a9e75c3f0) Importer(815301076,1909f56bfc062723c751e8b465ee728b) (PreviewImporter) -> (artifact id: '00000000000000000000000000000000') in 0.0005124 seconds
Import Error Code:(4)
Message: Build asset version error: assets/scripts/achievementtoast.cs in SourceAssetDB has modification time of '2026-01-01T00:09:57.3370932Z' while content on disk has modification time of '2026-01-01T00:10:00.5395182Z'
  ERROR: Build asset version error: assets/scripts/achievementtoast.cs in SourceAssetDB has modification time of '2026-01-01T00:09:57.3370932Z' while content on disk has modification time of '2026-01-01T00:10:00.5395182Z'
Number of updated asset objects reloaded before import = 0Number of asset objects unloaded after import = 0

========================================================================
Received Import Request.
  Time since last request: 0.000016 seconds.
  path: Assets/Scripts/AchievementToast.cs
  artifactKey: Guid(e5f35b464f4529f458653c5a9e75c3f0) Importer(815301076,1909f56bfc062723c751e8b465ee728b)
Start importing Assets/Scripts/AchievementToast.cs using Guid(e5f35b464f4529f458653c5a9e75c3f0) Importer(815301076,1909f56bfc062723c751e8b465ee728b) (PreviewImporter) -> (artifact id: '00000000000000000000000000000000') in 0.0005368 seconds
Import Error Code:(4)
Message: Build asset version error: assets/scripts/achievementtoast.cs in SourceAssetDB has modification time of '2026-01-01T00:09:57.3370932Z' while content on disk has modification time of '2026-01-01T00:10:00.5395182Z'
  ERROR: Build asset version error: assets/scripts/achievementtoast.cs in SourceAssetDB has modification time of '2026-01-01T00:09:57.3370932Z' while content on disk has modification time of '2026-01-01T00:10:00.5395182Z'
Number of updated asset objects reloaded before import = 0Number of asset objects unloaded after import = 0

========================================================================
Received Import Request.
  Time since last request: 0.000017 seconds.
  path: Assets/Scripts/AchievementToast.cs
  artifactKey: Guid(e5f35b464f4529f458653c5a9e75c3f0) Importer(815301076,1909f56bfc062723c751e8b465ee728b)
Start importing Assets/Scripts/AchievementToast.cs using Guid(e5f35b464f4529f458653c5a9e75c3f0) Importer(815301076,1909f56bfc062723c751e8b465ee728b) (PreviewImporter) -> (artifact id: '00000000000000000000000000000000') in 0.0005042 seconds
Import Error Code:(4)
Message: Build asset version error: assets/scripts/achievementtoast.cs in SourceAssetDB has modification time of '2026-01-01T00:09:57.3370932Z' while content on disk has modification time of '2026-01-01T00:10:00.5395182Z'
  ERROR: Build asset version error: assets/scripts/achievementtoast.cs in SourceAssetDB has modification time of '2026-01-01T00:09:57.3370932Z' while content on disk has modification time of '2026-01-01T00:10:00.5395182Z'
Number of updated asset objects reloaded before import = 0Number of asset objects unloaded after import = 0

========================================================================
Received Import Request.
  Time since last request: 0.000016 seconds.
  path: Assets/Scripts/AchievementToast.cs
  artifactKey: Guid(e5f35b464f4529f458653c5a9e75c3f0) Importer(815301076,1909f56bfc062723c751e8b465ee728b)
Start importing Assets/Scripts/AchievementToast.cs using Guid(e5f35b464f4529f458653c5a9e75c3f0) Importer(815301076,1909f56bfc062723c751e8b465ee728b) (PreviewImporter) -> (artifact id: '00000000000000000000000000000000') in 0.0004956 seconds
Import Error Code:(4)
Message: Build asset version error: assets/scripts/achievementtoast.cs in SourceAssetDB has modification time of '2026-01-01T00:09:57.3370932Z' while content on disk has modification time of '2026-01-01T00:10:00.5395182Z'
  ERROR: Build asset version error: assets/scripts/achievementtoast.cs in SourceAssetDB has modification time of '2026-01-01T00:09:57.3370932Z' while content on disk has modification time of '2026-01-01T00:10:00.5395182Z'
Number of updated asset objects reloaded before import = 0Number of asset objects unloaded after import = 0

========================================================================
Received Import Request.
  Time since last request: 0.000017 seconds.
  path: Assets/Scripts/AchievementToast.cs
  artifactKey: Guid(e5f35b464f4529f458653c5a9e75c3f0) Importer(815301076,1909f56bfc062723c751e8b465ee728b)
Start importing Assets/Scripts/AchievementToast.cs using Guid(e5f35b464f4529f458653c5a9e75c3f0) Importer(815301076,1909f56bfc062723c751e8b465ee728b) (PreviewImporter) -> (artifact id: '00000000000000000000000000000000') in 0.0005028 seconds
Import Error Code:(4)
Message: Build asset version error: assets/scripts/achievementtoast.cs in SourceAssetDB has modification time of '2026-01-01T00:09:57.3370932Z' while content on disk has modification time of '2026-01-01T00:10:00.5395182Z'
  ERROR: Build asset version error: assets/scripts/achievementtoast.cs in SourceAssetDB has modification time of '2026-01-01T00:09:57.3370932Z' while content on disk has modification time of '2026-01-01T00:10:00.5395182Z'
Number of updated asset objects reloaded before import = 0Number of asset objects unloaded after import = 0

========================================================================
Received Import Request.
  Time since last request: 0.000024 seconds.
  path: Assets/Scripts/AchievementToast.cs
  artifactKey: Guid(e5f35b464f4529f458653c5a9e75c3f0) Importer(815301076,1909f56bfc062723c751e8b465ee728b)
Start importing Assets/Scripts/AchievementToast.cs using Guid(e5f35b464f4529f458653c5a9e75c3f0) Importer(815301076,1909f56bfc062723c751e8b465ee728b) (PreviewImporter) -> (artifact id: '00000000000000000000000000000000') in 0.0005049 seconds
Import Error Code:(4)
Message: Build asset version error: assets/scripts/achievementtoast.cs in SourceAssetDB has modification time of '2026-01-01T00:09:57.3370932Z' while content on disk has modification time of '2026-01-01T00:10:00.5395182Z'
  ERROR: Build asset version error: assets/scripts/achievementtoast.cs in SourceAssetDB has modification time of '2026-01-01T00:09:57.3370932Z' while content on disk has modification time of '2026-01-01T00:10:00.5395182Z'
Number of updated asset objects reloaded before import = 0Number of asset objects unloaded after import = 0

========================================================================
Received Import Request.
  Time since last request: 0.000015 seconds.
  path: Assets/Scripts/AchievementToast.cs
  artifactKey: Guid(e5f35b464f4529f458653c5a9e75c3f0) Importer(815301076,1909f56bfc062723c751e8b465ee728b)
Start importing Assets/Scripts/AchievementToast.cs using Guid(e5f35b464f4529f458653c5a9e75c3f0) Importer(815301076,1909f56bfc062723c751e8b465ee728b) (PreviewImporter) -> (artifact id: '00000000000000000000000000000000') in 0.000506 seconds
Import Error Code:(4)
Message: Build asset version error: assets/scripts/achievementtoast.cs in SourceAssetDB has modification time of '2026-01-01T00:09:57.3370932Z' while content on disk has modification time of '2026-01-01T00:10:00.5395182Z'
  ERROR: Build asset version error: assets/scripts/achievementtoast.cs in SourceAssetDB has modification time of '2026-01-01T00:09:57.3370932Z' while content on disk has modification time of '2026-01-01T00:10:00.5395182Z'
Number of updated asset objects reloaded before import = 0Number of asset objects unloaded after import = 0

========================================================================
Received Import Request.
  Time since last request: 0.000018 seconds.
  path: Assets/Scripts/AchievementToast.cs
  artifactKey: Guid(e5f35b464f4529f458653c5a9e75c3f0) Importer(815301076,1909f56bfc062723c751e8b465ee728b)
Start importing Assets/Scripts/AchievementToast.cs using Guid(e5f35b464f4529f458653c5a9e75c3f0) Importer(815301076,1909f56bfc062723c751e8b465ee728b) (PreviewImporter) -> (artifact id: '00000000000000000000000000000000') in 0.0006109 seconds
Import Error Code:(4)
Message: Build asset version error: assets/scripts/achievementtoast.cs in SourceAssetDB has modification time of '2026-01-01T00:09:57.3370932Z' while content on disk has modification time of '2026-01-01T00:10:00.5395182Z'
  ERROR: Build asset version error: assets/scripts/achievementtoast.cs in SourceAssetDB has modification time of '2026-01-01T00:09:57.3370932Z' while content on disk has modification time of '2026-01-01T00:10:00.5395182Z'
Number of updated asset objects reloaded before import = 0Number of asset objects unloaded after import = 0

========================================================================
Received Import Request.
  Time since last request: 0.000018 seconds.
  path: Assets/Scripts/AchievementToast.cs
  artifactKey: Guid(e5f35b464f4529f458653c5a9e75c3f0) Importer(815301076,1909f56bfc062723c751e8b465ee728b)
Start importing Assets/Scripts/AchievementToast.cs using Guid(e5f35b464f4529f458653c5a9e75c3f0) Importer(815301076,1909f56bfc062723c751e8b465ee728b) (PreviewImporter) -> (artifact id: '00000000000000000000000000000000') in 0.0005971 seconds
Import Error Code:(4)
Message: Build asset version error: assets/scripts/achievementtoast.cs in SourceAssetDB has modification time of '2026-01-01T00:09:57.3370932Z' while content on disk has modification time of '2026-01-01T00:10:00.5395182Z'
  ERROR: Build asset version error: assets/scripts/achievementtoast.cs in SourceAssetDB has modification time of '2026-01-01T00:09:57.3370932Z' while content on disk has modification time of '2026-01-01T00:10:00.5395182Z'
Number of updated asset objects reloaded before import = 0Number of asset objects unloaded after import = 0

========================================================================
Received Import Request.
  Time since last request: 0.000014 seconds.
  path: Assets/Scripts/AchievementToast.cs
  artifactKey: Guid(e5f35b464f4529f458653c5a9e75c3f0) Importer(815301076,1909f56bfc062723c751e8b465ee728b)
Start importing Assets/Scripts/AchievementToast.cs using Guid(e5f35b464f4529f458653c5a9e75c3f0) Importer(815301076,1909f56bfc062723c751e8b465ee728b) (PreviewImporter) -> (artifact id: '00000000000000000000000000000000') in 0.0004505 seconds
Import Error Code:(4)
Message: Build asset version error: assets/scripts/achievementtoast.cs in SourceAssetDB has modification time of '2026-01-01T00:09:57.3370932Z' while content on disk has modification time of '2026-01-01T00:10:00.5395182Z'
  ERROR: Build asset version error: assets/scripts/achievementtoast.cs in SourceAssetDB has modification time of '2026-01-01T00:09:57.3370932Z' while content on disk has modification time of '2026-01-01T00:10:00.5395182Z'
Number of updated asset objects reloaded before import = 0Number of asset objects unloaded after import = 0

========================================================================
Received Import Request.
  Time since last request: 0.000015 seconds.
  path: Assets/Scripts/AchievementToast.cs
  artifactKey: Guid(e5f35b464f4529f458653c5a9e75c3f0) Importer(815301076,1909f56bfc062723c751e8b465ee728b)
Start importing Assets/Scripts/AchievementToast.cs using Guid(e5f35b464f4529f458653c5a9e75c3f0) Importer(815301076,1909f56bfc062723c751e8b465ee728b) (PreviewImporter) -> (artifact id: '00000000000000000000000000000000') in 0.0004895 seconds
Import Error Code:(4)
Message: Build asset version error: assets/scripts/achievementtoast.cs in SourceAssetDB has modification time of '2026-01-01T00:09:57.3370932Z' while content on disk has modification time of '2026-01-01T00:10:00.5395182Z'
  ERROR: Build asset version error: assets/scripts/achievementtoast.cs in SourceAssetDB has modification time of '2026-01-01T00:09:57.3370932Z' while content on disk has modification time of '2026-01-01T00:10:00.5395182Z'
Number of updated asset objects reloaded before import = 0Number of asset objects unloaded after import = 0

========================================================================
Received Import Request.
  Time since last request: 0.000015 seconds.
  path: Assets/Scripts/AchievementToast.cs
  artifactKey: Guid(e5f35b464f4529f458653c5a9e75c3f0) Importer(815301076,1909f56bfc062723c751e8b465ee728b)
Start importing Assets/Scripts/AchievementToast.cs using Guid(e5f35b464f4529f458653c5a9e75c3f0) Importer(815301076,1909f56bfc062723c751e8b465ee728b) (PreviewImporter) -> (artifact id: '00000000000000000000000000000000') in 0.0004984 seconds
Import Error Code:(4)
Message: Build asset version error: assets/scripts/achievementtoast.cs in SourceAssetDB has modification time of '2026-01-01T00:09:57.3370932Z' while content on disk has modification time of '2026-01-01T00:10:00.5395182Z'
  ERROR: Build asset version error: assets/scripts/achievementtoast.cs in SourceAssetDB has modification time of '2026-01-01T00:09:57.3370932Z' while content on disk has modification time of '2026-01-01T00:10:00.5395182Z'
Number of updated asset objects reloaded before import = 0Number of asset objects unloaded after import = 0

========================================================================
Received Import Request.
  Time since last request: 0.000017 seconds.
  path: Assets/Scripts/AchievementToast.cs
  artifactKey: Guid(e5f35b464f4529f458653c5a9e75c3f0) Importer(815301076,1909f56bfc062723c751e8b465ee728b)
Start importing Assets/Scripts/AchievementToast.cs using Guid(e5f35b464f4529f458653c5a9e75c3f0) Importer(815301076,1909f56bfc062723c751e8b465ee728b) (PreviewImporter) -> (artifact id: '00000000000000000000000000000000') in 0.0004828 seconds
Import Error Code:(4)
Message: Build asset version error: assets/scripts/achievementtoast.cs in SourceAssetDB has modification time of '2026-01-01T00:09:57.3370932Z' while content on disk has modification time of '2026-01-01T00:10:00.5395182Z'
  ERROR: Build asset version error: assets/scripts/achievementtoast.cs in SourceAssetDB has modification time of '2026-01-01T00:09:57.3370932Z' while content on disk has modification time of '2026-01-01T00:10:00.5395182Z'
Number of updated asset objects reloaded before import = 0Number of asset objects unloaded after import = 0

========================================================================
Received Import Request.
  Time since last request: 0.000015 seconds.
  path: Assets/Scripts/AchievementToast.cs
  artifactKey: Guid(e5f35b464f4529f458653c5a9e75c3f0) Importer(815301076,1909f56bfc062723c751e8b465ee728b)
Start importing Assets/Scripts/AchievementToast.cs using Guid(e5f35b464f4529f458653c5a9e75c3f0) Importer(815301076,1909f56bfc062723c751e8b465ee728b) (PreviewImporter) -> (artifact id: '00000000000000000000000000000000') in 0.0006278 seconds
Import Error Code:(4)
Message: Build asset version error: assets/scripts/achievementtoast.cs in SourceAssetDB has modification time of '2026-01-01T00:09:57.3370932Z' while content on disk has modification time of '2026-01-01T00:10:00.5395182Z'
  ERROR: Build asset version error: assets/scripts/achievementtoast.cs in SourceAssetDB has modification time of '2026-01-01T00:09:57.3370932Z' while content on disk has modification time of '2026-01-01T00:10:00.5395182Z'
Number of updated asset objects reloaded before import = 0Number of asset objects unloaded after import = 0

========================================================================
Received Import Request.
  Time since last request: 0.000016 seconds.
  path: Assets/Scripts/AchievementToast.cs
  artifactKey: Guid(e5f35b464f4529f458653c5a9e75c3f0) Importer(815301076,1909f56bfc062723c751e8b465ee728b)
Start importing Assets/Scripts/AchievementToast.cs using Guid(e5f35b464f4529f458653c5a9e75c3f0) Importer(815301076,1909f56bfc062723c751e8b465ee728b) (PreviewImporter) -> (artifact id: '00000000000000000000000000000000') in 0.0006069 seconds
Import Error Code:(4)
Message: Build asset version error: assets/scripts/achievementtoast.cs in SourceAssetDB has modification time of '2026-01-01T00:09:57.3370932Z' while content on disk has modification time of '2026-01-01T00:10:00.5395182Z'
  ERROR: Build asset version error: assets/scripts/achievementtoast.cs in SourceAssetDB has modification time of '2026-01-01T00:09:57.3370932Z' while content on disk has modification time of '2026-01-01T00:10:00.5395182Z'
Number of updated asset objects reloaded before import = 0Number of asset objects unloaded after import = 0

========================================================================
Received Import Request.
  Time since last request: 0.000025 seconds.
  path: Assets/Scripts/AchievementToast.cs
  artifactKey: Guid(e5f35b464f4529f458653c5a9e75c3f0) Importer(815301076,1909f56bfc062723c751e8b465ee728b)
Start importing Assets/Scripts/AchievementToast.cs using Guid(e5f35b464f4529f458653c5a9e75c3f0) Importer(815301076,1909f56bfc062723c751e8b465ee728b) (PreviewImporter) -> (artifact id: '00000000000000000000000000000000') in 0.0004694 seconds
Import Error Code:(4)
Message: Build asset version error: assets/scripts/achievementtoast.cs in SourceAssetDB has modification time of '2026-01-01T00:09:57.3370932Z' while content on disk has modification time of '2026-01-01T00:10:00.5395182Z'
  ERROR: Build asset version error: assets/scripts/achievementtoast.cs in SourceAssetDB has modification time of '2026-01-01T00:09:57.3370932Z' while content on disk has modification time of '2026-01-01T00:10:00.5395182Z'
Number of updated asset objects reloaded before import = 0Number of asset objects unloaded after import = 0

========================================================================
Received Import Request.
  Time since last request: 0.000013 seconds.
  path: Assets/Scripts/AchievementToast.cs
  artifactKey: Guid(e5f35b464f4529f458653c5a9e75c3f0) Importer(815301076,1909f56bfc062723c751e8b465ee728b)
Start importing Assets/Scripts/AchievementToast.cs using Guid(e5f35b464f4529f458653c5a9e75c3f0) Importer(815301076,1909f56bfc062723c751e8b465ee728b) (PreviewImporter) -> (artifact id: '00000000000000000000000000000000') in 0.0004878 seconds
Import Error Code:(4)
Message: Build asset version error: assets/scripts/achievementtoast.cs in SourceAssetDB has modification time of '2026-01-01T00:09:57.3370932Z' while content on disk has modification time of '2026-01-01T00:10:00.5395182Z'
  ERROR: Build asset version error: assets/scripts/achievementtoast.cs in SourceAssetDB has modification time of '2026-01-01T00:09:57.3370932Z' while content on disk has modification time of '2026-01-01T00:10:00.5395182Z'
Number of updated asset objects reloaded before import = 0Number of asset objects unloaded after import = 0

========================================================================
Received Import Request.
  Time since last request: 0.000015 seconds.
  path: Assets/Scripts/AchievementToast.cs
  artifactKey: Guid(e5f35b464f4529f458653c5a9e75c3f0) Importer(815301076,1909f56bfc062723c751e8b465ee728b)
Start importing Assets/Scripts/AchievementToast.cs using Guid(e5f35b464f4529f458653c5a9e75c3f0) Importer(815301076,1909f56bfc062723c751e8b465ee728b) (PreviewImporter) -> (artifact id: '00000000000000000000000000000000') in 0.0005205 seconds
Import Error Code:(4)
Message: Build asset version error: assets/scripts/achievementtoast.cs in SourceAssetDB has modification time of '2026-01-01T00:09:57.3370932Z' while content on disk has modification time of '2026-01-01T00:10:00.5395182Z'
  ERROR: Build asset version error: assets/scripts/achievementtoast.cs in SourceAssetDB has modification time of '2026-01-01T00:09:57.3370932Z' while content on disk has modification time of '2026-01-01T00:10:00.5395182Z'
Number of updated asset objects reloaded before import = 0Number of asset objects unloaded after import = 0

========================================================================
Received Import Request.
  Time since last request: 0.000015 seconds.
  path: Assets/Scripts/AchievementToast.cs
  artifactKey: Guid(e5f35b464f4529f458653c5a9e75c3f0) Importer(815301076,1909f56bfc062723c751e8b465ee728b)
Start importing Assets/Scripts/AchievementToast.cs using Guid(e5f35b464f4529f458653c5a9e75c3f0) Importer(815301076,1909f56bfc062723c751e8b465ee728b) (PreviewImporter) -> (artifact id: '00000000000000000000000000000000') in 0.0005064 seconds
Import Error Code:(4)
Message: Build asset version error: assets/scripts/achievementtoast.cs in SourceAssetDB has modification time of '2026-01-01T00:09:57.3370932Z' while content on disk has modification time of '2026-01-01T00:10:00.5395182Z'
  ERROR: Build asset version error: assets/scripts/achievementtoast.cs in SourceAssetDB has modification time of '2026-01-01T00:09:57.3370932Z' while content on disk has modification time of '2026-01-01T00:10:00.5395182Z'
Number of updated asset objects reloaded before import = 0Number of asset objects unloaded after import = 0

========================================================================
Received Import Request.
  Time since last request: 0.000016 seconds.
  path: Assets/Scripts/AchievementToast.cs
  artifactKey: Guid(e5f35b464f4529f458653c5a9e75c3f0) Importer(815301076,1909f56bfc062723c751e8b465ee728b)
Start importing Assets/Scripts/AchievementToast.cs using Guid(e5f35b464f4529f458653c5a9e75c3f0) Importer(815301076,1909f56bfc062723c751e8b465ee728b) (PreviewImporter) -> (artifact id: '00000000000000000000000000000000') in 0.000489 seconds
Import Error Code:(4)
Message: Build asset version error: assets/scripts/achievementtoast.cs in SourceAssetDB has modification time of '2026-01-01T00:09:57.3370932Z' while content on disk has modification time of '2026-01-01T00:10:00.5395182Z'
  ERROR: Build asset version error: assets/scripts/achievementtoast.cs in SourceAssetDB has modification time of '2026-01-01T00:09:57.3370932Z' while content on disk has modification time of '2026-01-01T00:10:00.5395182Z'
Number of updated asset objects reloaded before import = 0Number of asset objects unloaded after import = 0

========================================================================
Received Import Request.
  Time since last request: 0.000015 seconds.
  path: Assets/Scripts/AchievementToast.cs
  artifactKey: Guid(e5f35b464f4529f458653c5a9e75c3f0) Importer(815301076,1909f56bfc062723c751e8b465ee728b)
Start importing Assets/Scripts/AchievementToast.cs using Guid(e5f35b464f4529f458653c5a9e75c3f0) Importer(815301076,1909f56bfc062723c751e8b465ee728b) (PreviewImporter) -> (artifact id: '00000000000000000000000000000000') in 0.0006338 seconds
Import Error Code:(4)
Message: Build asset version error: assets/scripts/achievementtoast.cs in SourceAssetDB has modification time of '2026-01-01T00:09:57.3370932Z' while content on disk has modification time of '2026-01-01T00:10:00.5395182Z'
  ERROR: Build asset version error: assets/scripts/achievementtoast.cs in SourceAssetDB has modification time of '2026-01-01T00:09:57.3370932Z' while content on disk has modification time of '2026-01-01T00:10:00.5395182Z'
Number of updated asset objects reloaded before import = 0Number of asset objects unloaded after import = 0

========================================================================
Received Import Request.
  Time since last request: 0.000016 seconds.
  path: Assets/Scripts/AchievementToast.cs
  artifactKey: Guid(e5f35b464f4529f458653c5a9e75c3f0) Importer(815301076,1909f56bfc062723c751e8b465ee728b)
Start importing Assets/Scripts/AchievementToast.cs using Guid(e5f35b464f4529f458653c5a9e75c3f0) Importer(815301076,1909f56bfc062723c751e8b465ee728b) (PreviewImporter) -> (artifact id: '00000000000000000000000000000000') in 0.0004877 seconds
Import Error Code:(4)
Message: Build asset version error: assets/scripts/achievementtoast.cs in SourceAssetDB has modification time of '2026-01-01T00:09:57.3370932Z' while content on disk has modification time of '2026-01-01T00:10:00.5395182Z'
  ERROR: Build asset version error: assets/scripts/achievementtoast.cs in SourceAssetDB has modification time of '2026-01-01T00:09:57.3370932Z' while content on disk has modification time of '2026-01-01T00:10:00.5395182Z'
Number of updated asset objects reloaded before import = 0Number of asset objects unloaded after import = 0

========================================================================
Received Import Request.
  Time since last request: 0.000015 seconds.
  path: Assets/Scripts/AchievementToast.cs
  artifactKey: Guid(e5f35b464f4529f458653c5a9e75c3f0) Importer(815301076,1909f56bfc062723c751e8b465ee728b)
Start importing Assets/Scripts/AchievementToast.cs using Guid(e5f35b464f4529f458653c5a9e75c3f0) Importer(815301076,1909f56bfc062723c751e8b465ee728b) (PreviewImporter) -> (artifact id: '00000000000000000000000000000000') in 0.0006576 seconds
Import Error Code:(4)
Message: Build asset version error: assets/scripts/achievementtoast.cs in SourceAssetDB has modification time of '2026-01-01T00:09:57.3370932Z' while content on disk has modification time of '2026-01-01T00:10:00.5395182Z'
  ERROR: Build asset version error: assets/scripts/achievementtoast.cs in SourceAssetDB has modification time of '2026-01-01T00:09:57.3370932Z' while content on disk has modification time of '2026-01-01T00:10:00.5395182Z'
Number of updated asset objects reloaded before import = 0Number of asset objects unloaded after import = 0

========================================================================
Received Import Request.
  Time since last request: 0.000031 seconds.
  path: Assets/Scripts/AchievementToast.cs
  artifactKey: Guid(e5f35b464f4529f458653c5a9e75c3f0) Importer(815301076,1909f56bfc062723c751e8b465ee728b)
Start importing Assets/Scripts/AchievementToast.cs using Guid(e5f35b464f4529f458653c5a9e75c3f0) Importer(815301076,1909f56bfc062723c751e8b465ee728b) (PreviewImporter) -> (artifact id: '00000000000000000000000000000000') in 0.0004929 seconds
Import Error Code:(4)
Message: Build asset version error: assets/scripts/achievementtoast.cs in SourceAssetDB has modification time of '2026-01-01T00:09:57.3370932Z' while content on disk has modification time of '2026-01-01T00:10:00.5395182Z'
  ERROR: Build asset version error: assets/scripts/achievementtoast.cs in SourceAssetDB has modification time of '2026-01-01T00:09:57.3370932Z' while content on disk has modification time of '2026-01-01T00:10:00.5395182Z'
Number of updated asset objects reloaded before import = 0Number of asset objects unloaded after import = 0

========================================================================
Received Import Request.
  Time since last request: 0.000027 seconds.
  path: Assets/Scripts/AchievementToast.cs
  artifactKey: Guid(e5f35b464f4529f458653c5a9e75c3f0) Importer(815301076,1909f56bfc062723c751e8b465ee728b)
Start importing Assets/Scripts/AchievementToast.cs using Guid(e5f35b464f4529f458653c5a9e75c3f0) Importer(815301076,1909f56bfc062723c751e8b465ee728b) (PreviewImporter) -> (artifact id: '00000000000000000000000000000000') in 0.0005058 seconds
Import Error Code:(4)
Message: Build asset version error: assets/scripts/achievementtoast.cs in SourceAssetDB has modification time of '2026-01-01T00:09:57.3370932Z' while content on disk has modification time of '2026-01-01T00:10:00.5395182Z'
  ERROR: Build asset version error: assets/scripts/achievementtoast.cs in SourceAssetDB has modification time of '2026-01-01T00:09:57.3370932Z' while content on disk has modification time of '2026-01-01T00:10:00.5395182Z'
Number of updated asset objects reloaded before import = 0Number of asset objects unloaded after import = 0

========================================================================
Received Import Request.
  Time since last request: 0.000016 seconds.
  path: Assets/Scripts/AchievementToast.cs
  artifactKey: Guid(e5f35b464f4529f458653c5a9e75c3f0) Importer(815301076,1909f56bfc062723c751e8b465ee728b)
Start importing Assets/Scripts/AchievementToast.cs using Guid(e5f35b464f4529f458653c5a9e75c3f0) Importer(815301076,1909f56bfc062723c751e8b465ee728b) (PreviewImporter) -> (artifact id: '00000000000000000000000000000000') in 0.0005252 seconds
Import Error Code:(4)
Message: Build asset version error: assets/scripts/achievementtoast.cs in SourceAssetDB has modification time of '2026-01-01T00:09:57.3370932Z' while content on disk has modification time of '2026-01-01T00:10:00.5395182Z'
  ERROR: Build asset version error: assets/scripts/achievementtoast.cs in SourceAssetDB has modification time of '2026-01-01T00:09:57.3370932Z' while content on disk has modification time of '2026-01-01T00:10:00.5395182Z'
Number of updated asset objects reloaded before import = 0Number of asset objects unloaded after import = 0

========================================================================
Received Import Request.
  Time since last request: 0.000016 seconds.
  path: Assets/Scripts/AchievementToast.cs
  artifactKey: Guid(e5f35b464f4529f458653c5a9e75c3f0) Importer(815301076,1909f56bfc062723c751e8b465ee728b)
Start importing Assets/Scripts/AchievementToast.cs using Guid(e5f35b464f4529f458653c5a9e75c3f0) Importer(815301076,1909f56bfc062723c751e8b465ee728b) (PreviewImporter) -> (artifact id: '00000000000000000000000000000000') in 0.0007536 seconds
Import Error Code:(4)
Message: Build asset version error: assets/scripts/achievementtoast.cs in SourceAssetDB has modification time of '2026-01-01T00:09:57.3370932Z' while content on disk has modification time of '2026-01-01T00:10:00.5395182Z'
  ERROR: Build asset version error: assets/scripts/achievementtoast.cs in SourceAssetDB has modification time of '2026-01-01T00:09:57.3370932Z' while content on disk has modification time of '2026-01-01T00:10:00.5395182Z'
Number of updated asset objects reloaded before import = 0Number of asset objects unloaded after import = 0

========================================================================
Received Import Request.
  Time since last request: 0.000015 seconds.
  path: Assets/Scripts/AchievementToast.cs
  artifactKey: Guid(e5f35b464f4529f458653c5a9e75c3f0) Importer(815301076,1909f56bfc062723c751e8b465ee728b)
Start importing Assets/Scripts/AchievementToast.cs using Guid(e5f35b464f4529f458653c5a9e75c3f0) Importer(815301076,1909f56bfc062723c751e8b465ee728b) (PreviewImporter) -> (artifact id: '00000000000000000000000000000000') in 0.0005232 seconds
Import Error Code:(4)
Message: Build asset version error: assets/scripts/achievementtoast.cs in SourceAssetDB has modification time of '2026-01-01T00:09:57.3370932Z' while content on disk has modification time of '2026-01-01T00:10:00.5395182Z'
  ERROR: Build asset version error: assets/scripts/achievementtoast.cs in SourceAssetDB has modification time of '2026-01-01T00:09:57.3370932Z' while content on disk has modification time of '2026-01-01T00:10:00.5395182Z'
Number of updated asset objects reloaded before import = 0Number of asset objects unloaded after import = 0

========================================================================
Received Import Request.
  Time since last request: 0.000017 seconds.
  path: Assets/Scripts/AchievementToast.cs
  artifactKey: Guid(e5f35b464f4529f458653c5a9e75c3f0) Importer(815301076,1909f56bfc062723c751e8b465ee728b)
Start importing Assets/Scripts/AchievementToast.cs using Guid(e5f35b464f4529f458653c5a9e75c3f0) Importer(815301076,1909f56bfc062723c751e8b465ee728b) (PreviewImporter) -> (artifact id: '00000000000000000000000000000000') in 0.0004957 seconds
Import Error Code:(4)
Message: Build asset version error: assets/scripts/achievementtoast.cs in SourceAssetDB has modification time of '2026-01-01T00:09:57.3370932Z' while content on disk has modification time of '2026-01-01T00:10:00.5395182Z'
  ERROR: Build asset version error: assets/scripts/achievementtoast.cs in SourceAssetDB has modification time of '2026-01-01T00:09:57.3370932Z' while content on disk has modification time of '2026-01-01T00:10:00.5395182Z'
Number of updated asset objects reloaded before import = 0Number of asset objects unloaded after import = 0

========================================================================
Received Import Request.
  Time since last request: 0.000017 seconds.
  path: Assets/Scripts/AchievementToast.cs
  artifactKey: Guid(e5f35b464f4529f458653c5a9e75c3f0) Importer(815301076,1909f56bfc062723c751e8b465ee728b)
Start importing Assets/Scripts/AchievementToast.cs using Guid(e5f35b464f4529f458653c5a9e75c3f0) Importer(815301076,1909f56bfc062723c751e8b465ee728b) (PreviewImporter) -> (artifact id: '00000000000000000000000000000000') in 0.0005465 seconds
Import Error Code:(4)
Message: Build asset version error: assets/scripts/achievementtoast.cs in SourceAssetDB has modification time of '2026-01-01T00:09:57.3370932Z' while content on disk has modification time of '2026-01-01T00:10:00.5395182Z'
  ERROR: Build asset version error: assets/scripts/achievementtoast.cs in SourceAssetDB has modification time of '2026-01-01T00:09:57.3370932Z' while content on disk has modification time of '2026-01-01T00:10:00.5395182Z'
Number of updated asset objects reloaded before import = 0Number of asset objects unloaded after import = 0

========================================================================
Received Import Request.
  Time since last request: 0.000016 seconds.
  path: Assets/Scripts/AchievementToast.cs
  artifactKey: Guid(e5f35b464f4529f458653c5a9e75c3f0) Importer(815301076,1909f56bfc062723c751e8b465ee728b)
Start importing Assets/Scripts/AchievementToast.cs using Guid(e5f35b464f4529f458653c5a9e75c3f0) Importer(815301076,1909f56bfc062723c751e8b465ee728b) (PreviewImporter) -> (artifact id: '00000000000000000000000000000000') in 0.0005563 seconds
Import Error Code:(4)
Message: Build asset version error: assets/scripts/achievementtoast.cs in SourceAssetDB has modification time of '2026-01-01T00:09:57.3370932Z' while content on disk has modification time of '2026-01-01T00:10:00.5395182Z'
  ERROR: Build asset version error: assets/scripts/achievementtoast.cs in SourceAssetDB has modification time of '2026-01-01T00:09:57.3370932Z' while content on disk has modification time of '2026-01-01T00:10:00.5395182Z'
Number of updated asset objects reloaded before import = 0Number of asset objects unloaded after import = 0

========================================================================
Received Import Request.
  Time since last request: 0.000015 seconds.
  path: Assets/Scripts/AchievementToast.cs
  artifactKey: Guid(e5f35b464f4529f458653c5a9e75c3f0) Importer(815301076,1909f56bfc062723c751e8b465ee728b)
Start importing Assets/Scripts/AchievementToast.cs using Guid(e5f35b464f4529f458653c5a9e75c3f0) Importer(815301076,1909f56bfc062723c751e8b465ee728b) (PreviewImporter) -> (artifact id: '00000000000000000000000000000000') in 0.0005866 seconds
Import Error Code:(4)
Message: Build asset version error: assets/scripts/achievementtoast.cs in SourceAssetDB has modification time of '2026-01-01T00:09:57.3370932Z' while content on disk has modification time of '2026-01-01T00:10:00.5395182Z'
  ERROR: Build asset version error: assets/scripts/achievementtoast.cs in SourceAssetDB has modification time of '2026-01-01T00:09:57.3370932Z' while content on disk has modification time of '2026-01-01T00:10:00.5395182Z'
Number of updated asset objects reloaded before import = 0Number of asset objects unloaded after import = 0

========================================================================
Received Import Request.
  Time since last request: 0.000023 seconds.
  path: Assets/Scripts/AchievementToast.cs
  artifactKey: Guid(e5f35b464f4529f458653c5a9e75c3f0) Importer(815301076,1909f56bfc062723c751e8b465ee728b)
Start importing Assets/Scripts/AchievementToast.cs using Guid(e5f35b464f4529f458653c5a9e75c3f0) Importer(815301076,1909f56bfc062723c751e8b465ee728b) (PreviewImporter) -> (artifact id: '00000000000000000000000000000000') in 0.0004973 seconds
Import Error Code:(4)
Message: Build asset version error: assets/scripts/achievementtoast.cs in SourceAssetDB has modification time of '2026-01-01T00:09:57.3370932Z' while content on disk has modification time of '2026-01-01T00:10:00.5395182Z'
  ERROR: Build asset version error: assets/scripts/achievementtoast.cs in SourceAssetDB has modification time of '2026-01-01T00:09:57.3370932Z' while content on disk has modification time of '2026-01-01T00:10:00.5395182Z'
Number of updated asset objects reloaded before import = 0Number of asset objects unloaded after import = 0

========================================================================
Received Import Request.
  Time since last request: 0.000026 seconds.
  path: Assets/Scripts/AchievementToast.cs
  artifactKey: Guid(e5f35b464f4529f458653c5a9e75c3f0) Importer(815301076,1909f56bfc062723c751e8b465ee728b)
Start importing Assets/Scripts/AchievementToast.cs using Guid(e5f35b464f4529f458653c5a9e75c3f0) Importer(815301076,1909f56bfc062723c751e8b465ee728b) (PreviewImporter) -> (artifact id: '00000000000000000000000000000000') in 0.0005387 seconds
Import Error Code:(4)
Message: Build asset version error: assets/scripts/achievementtoast.cs in SourceAssetDB has modification time of '2026-01-01T00:09:57.3370932Z' while content on disk has modification time of '2026-01-01T00:10:00.5395182Z'
  ERROR: Build asset version error: assets/scripts/achievementtoast.cs in SourceAssetDB has modification time of '2026-01-01T00:09:57.3370932Z' while content on disk has modification time of '2026-01-01T00:10:00.5395182Z'
Number of updated asset objects reloaded before import = 0Number of asset objects unloaded after import = 0

========================================================================
Received Import Request.
  Time since last request: 0.000021 seconds.
  path: Assets/Scripts/AchievementToast.cs
  artifactKey: Guid(e5f35b464f4529f458653c5a9e75c3f0) Importer(815301076,1909f56bfc062723c751e8b465ee728b)
Start importing Assets/Scripts/AchievementToast.cs using Guid(e5f35b464f4529f458653c5a9e75c3f0) Importer(815301076,1909f56bfc062723c751e8b465ee728b) (PreviewImporter) -> (artifact id: '00000000000000000000000000000000') in 0.0007238 seconds
Import Error Code:(4)
Message: Build asset version error: assets/scripts/achievementtoast.cs in SourceAssetDB has modification time of '2026-01-01T00:09:57.3370932Z' while content on disk has modification time of '2026-01-01T00:10:00.5395182Z'
  ERROR: Build asset version error: assets/scripts/achievementtoast.cs in SourceAssetDB has modification time of '2026-01-01T00:09:57.3370932Z' while content on disk has modification time of '2026-01-01T00:10:00.5395182Z'
Number of updated asset objects reloaded before import = 0Number of asset objects unloaded after import = 0

========================================================================
Received Import Request.
  Time since last request: 0.000018 seconds.
  path: Assets/Scripts/AchievementToast.cs
  artifactKey: Guid(e5f35b464f4529f458653c5a9e75c3f0) Importer(815301076,1909f56bfc062723c751e8b465ee728b)
Start importing Assets/Scripts/AchievementToast.cs using Guid(e5f35b464f4529f458653c5a9e75c3f0) Importer(815301076,1909f56bfc062723c751e8b465ee728b) (PreviewImporter) -> (artifact id: '00000000000000000000000000000000') in 0.0005671 seconds
Import Error Code:(4)
Message: Build asset version error: assets/scripts/achievementtoast.cs in SourceAssetDB has modification time of '2026-01-01T00:09:57.3370932Z' while content on disk has modification time of '2026-01-01T00:10:00.5395182Z'
  ERROR: Build asset version error: assets/scripts/achievementtoast.cs in SourceAssetDB has modification time of '2026-01-01T00:09:57.3370932Z' while content on disk has modification time of '2026-01-01T00:10:00.5395182Z'
Number of updated asset objects reloaded before import = 0Number of asset objects unloaded after import = 0

========================================================================
Received Import Request.
  Time since last request: 0.000015 seconds.
  path: Assets/Scripts/AchievementToast.cs
  artifactKey: Guid(e5f35b464f4529f458653c5a9e75c3f0) Importer(815301076,1909f56bfc062723c751e8b465ee728b)
Start importing Assets/Scripts/AchievementToast.cs using Guid(e5f35b464f4529f458653c5a9e75c3f0) Importer(815301076,1909f56bfc062723c751e8b465ee728b) (PreviewImporter) -> (artifact id: '00000000000000000000000000000000') in 0.0005544 seconds
Import Error Code:(4)
Message: Build asset version error: assets/scripts/achievementtoast.cs in SourceAssetDB has modification time of '2026-01-01T00:09:57.3370932Z' while content on disk has modification time of '2026-01-01T00:10:00.5395182Z'
  ERROR: Build asset version error: assets/scripts/achievementtoast.cs in SourceAssetDB has modification time of '2026-01-01T00:09:57.3370932Z' while content on disk has modification time of '2026-01-01T00:10:00.5395182Z'
Number of updated asset objects reloaded before import = 0Number of asset objects unloaded after import = 0

========================================================================
Received Import Request.
  Time since last request: 0.000016 seconds.
  path: Assets/Scripts/AchievementToast.cs
  artifactKey: Guid(e5f35b464f4529f458653c5a9e75c3f0) Importer(815301076,1909f56bfc062723c751e8b465ee728b)
Start importing Assets/Scripts/AchievementToast.cs using Guid(e5f35b464f4529f458653c5a9e75c3f0) Importer(815301076,1909f56bfc062723c751e8b465ee728b) (PreviewImporter) -> (artifact id: '00000000000000000000000000000000') in 0.0005282 seconds
Import Error Code:(4)
Message: Build asset version error: assets/scripts/achievementtoast.cs in SourceAssetDB has modification time of '2026-01-01T00:09:57.3370932Z' while content on disk has modification time of '2026-01-01T00:10:00.5395182Z'
  ERROR: Build asset version error: assets/scripts/achievementtoast.cs in SourceAssetDB has modification time of '2026-01-01T00:09:57.3370932Z' while content on disk has modification time of '2026-01-01T00:10:00.5395182Z'
Number of updated asset objects reloaded before import = 0Number of asset objects unloaded after import = 0

========================================================================
Received Import Request.
  Time since last request: 0.000016 seconds.
  path: Assets/Scripts/AchievementToast.cs
  artifactKey: Guid(e5f35b464f4529f458653c5a9e75c3f0) Importer(815301076,1909f56bfc062723c751e8b465ee728b)
Start importing Assets/Scripts/AchievementToast.cs using Guid(e5f35b464f4529f458653c5a9e75c3f0) Importer(815301076,1909f56bfc062723c751e8b465ee728b) (PreviewImporter) -> (artifact id: '00000000000000000000000000000000') in 0.0005193 seconds
Import Error Code:(4)
Message: Build asset version error: assets/scripts/achievementtoast.cs in SourceAssetDB has modification time of '2026-01-01T00:09:57.3370932Z' while content on disk has modification time of '2026-01-01T00:10:00.5395182Z'
  ERROR: Build asset version error: assets/scripts/achievementtoast.cs in SourceAssetDB has modification time of '2026-01-01T00:09:57.3370932Z' while content on disk has modification time of '2026-01-01T00:10:00.5395182Z'
Number of updated asset objects reloaded before import = 0Number of asset objects unloaded after import = 0

========================================================================
Received Import Request.
  Time since last request: 0.000016 seconds.
  path: Assets/Scripts/AchievementToast.cs
  artifactKey: Guid(e5f35b464f4529f458653c5a9e75c3f0) Importer(815301076,1909f56bfc062723c751e8b465ee728b)
Start importing Assets/Scripts/AchievementToast.cs using Guid(e5f35b464f4529f458653c5a9e75c3f0) Importer(815301076,1909f56bfc062723c751e8b465ee728b) (PreviewImporter) -> (artifact id: '00000000000000000000000000000000') in 0.0004884 seconds
Import Error Code:(4)
Message: Build asset version error: assets/scripts/achievementtoast.cs in SourceAssetDB has modification time of '2026-01-01T00:09:57.3370932Z' while content on disk has modification time of '2026-01-01T00:10:00.5395182Z'
  ERROR: Build asset version error: assets/scripts/achievementtoast.cs in SourceAssetDB has modification time of '2026-01-01T00:09:57.3370932Z' while content on disk has modification time of '2026-01-01T00:10:00.5395182Z'
Number of updated asset objects reloaded before import = 0Number of asset objects unloaded after import = 0

========================================================================
Received Import Request.
  Time since last request: 0.000016 seconds.
  path: Assets/Scripts/AchievementToast.cs
  artifactKey: Guid(e5f35b464f4529f458653c5a9e75c3f0) Importer(815301076,1909f56bfc062723c751e8b465ee728b)
Start importing Assets/Scripts/AchievementToast.cs using Guid(e5f35b464f4529f458653c5a9e75c3f0) Importer(815301076,1909f56bfc062723c751e8b465ee728b) (PreviewImporter) -> (artifact id: '00000000000000000000000000000000') in 0.0004821 seconds
Import Error Code:(4)
Message: Build asset version error: assets/scripts/achievementtoast.cs in SourceAssetDB has modification time of '2026-01-01T00:09:57.3370932Z' while content on disk has modification time of '2026-01-01T00:10:00.5395182Z'
  ERROR: Build asset version error: assets/scripts/achievementtoast.cs in SourceAssetDB has modification time of '2026-01-01T00:09:57.3370932Z' while content on disk has modification time of '2026-01-01T00:10:00.5395182Z'
Number of updated asset objects reloaded before import = 0Number of asset objects unloaded after import = 0

========================================================================
Received Import Request.
  Time since last request: 0.000022 seconds.
  path: Assets/Scripts/AchievementToast.cs
  artifactKey: Guid(e5f35b464f4529f458653c5a9e75c3f0) Importer(815301076,1909f56bfc062723c751e8b465ee728b)
Start importing Assets/Scripts/AchievementToast.cs using Guid(e5f35b464f4529f458653c5a9e75c3f0) Importer(815301076,1909f56bfc062723c751e8b465ee728b) (PreviewImporter) -> (artifact id: '00000000000000000000000000000000') in 0.0004911 seconds
Import Error Code:(4)
Message: Build asset version error: assets/scripts/achievementtoast.cs in SourceAssetDB has modification time of '2026-01-01T00:09:57.3370932Z' while content on disk has modification time of '2026-01-01T00:10:00.5395182Z'
  ERROR: Build asset version error: assets/scripts/achievementtoast.cs in SourceAssetDB has modification time of '2026-01-01T00:09:57.3370932Z' while content on disk has modification time of '2026-01-01T00:10:00.5395182Z'
Number of updated asset objects reloaded before import = 0Number of asset objects unloaded after import = 0

========================================================================
Received Import Request.
  Time since last request: 0.000026 seconds.
  path: Assets/Scripts/AchievementToast.cs
  artifactKey: Guid(e5f35b464f4529f458653c5a9e75c3f0) Importer(815301076,1909f56bfc062723c751e8b465ee728b)
Start importing Assets/Scripts/AchievementToast.cs using Guid(e5f35b464f4529f458653c5a9e75c3f0) Importer(815301076,1909f56bfc062723c751e8b465ee728b) (PreviewImporter) -> (artifact id: '00000000000000000000000000000000') in 0.0004735 seconds
Import Error Code:(4)
Message: Build asset version error: assets/scripts/achievementtoast.cs in SourceAssetDB has modification time of '2026-01-01T00:09:57.3370932Z' while content on disk has modification time of '2026-01-01T00:10:00.5395182Z'
  ERROR: Build asset version error: assets/scripts/achievementtoast.cs in SourceAssetDB has modification time of '2026-01-01T00:09:57.3370932Z' while content on disk has modification time of '2026-01-01T00:10:00.5395182Z'
Number of updated asset objects reloaded before import = 0Number of asset objects unloaded after import = 0

========================================================================
Received Import Request.
  Time since last request: 0.000015 seconds.
  path: Assets/Scripts/AchievementToast.cs
  artifactKey: Guid(e5f35b464f4529f458653c5a9e75c3f0) Importer(815301076,1909f56bfc062723c751e8b465ee728b)
Start importing Assets/Scripts/AchievementToast.cs using Guid(e5f35b464f4529f458653c5a9e75c3f0) Importer(815301076,1909f56bfc062723c751e8b465ee728b) (PreviewImporter) -> (artifact id: '00000000000000000000000000000000') in 0.0006584 seconds
Import Error Code:(4)
Message: Build asset version error: assets/scripts/achievementtoast.cs in SourceAssetDB has modification time of '2026-01-01T00:09:57.3370932Z' while content on disk has modification time of '2026-01-01T00:10:00.5395182Z'
  ERROR: Build asset version error: assets/scripts/achievementtoast.cs in SourceAssetDB has modification time of '2026-01-01T00:09:57.3370932Z' while content on disk has modification time of '2026-01-01T00:10:00.5395182Z'
Number of updated asset objects reloaded before import = 0Number of asset objects unloaded after import = 0

========================================================================
Received Import Request.
  Time since last request: 0.000015 seconds.
  path: Assets/Scripts/AchievementToast.cs
  artifactKey: Guid(e5f35b464f4529f458653c5a9e75c3f0) Importer(815301076,1909f56bfc062723c751e8b465ee728b)
Start importing Assets/Scripts/AchievementToast.cs using Guid(e5f35b464f4529f458653c5a9e75c3f0) Importer(815301076,1909f56bfc062723c751e8b465ee728b) (PreviewImporter) -> (artifact id: '00000000000000000000000000000000') in 0.0004977 seconds
Import Error Code:(4)
Message: Build asset version error: assets/scripts/achievementtoast.cs in SourceAssetDB has modification time of '2026-01-01T00:09:57.3370932Z' while content on disk has modification time of '2026-01-01T00:10:00.5395182Z'
  ERROR: Build asset version error: assets/scripts/achievementtoast.cs in SourceAssetDB has modification time of '2026-01-01T00:09:57.3370932Z' while content on disk has modification time of '2026-01-01T00:10:00.5395182Z'
Number of updated asset objects reloaded before import = 0Number of asset objects unloaded after import = 0

========================================================================
Received Import Request.
  Time since last request: 0.000015 seconds.
  path: Assets/Scripts/AchievementToast.cs
  artifactKey: Guid(e5f35b464f4529f458653c5a9e75c3f0) Importer(815301076,1909f56bfc062723c751e8b465ee728b)
Start importing Assets/Scripts/AchievementToast.cs using Guid(e5f35b464f4529f458653c5a9e75c3f0) Importer(815301076,1909f56bfc062723c751e8b465ee728b) (PreviewImporter) -> (artifact id: '00000000000000000000000000000000') in 0.0005042 seconds
Import Error Code:(4)
Message: Build asset version error: assets/scripts/achievementtoast.cs in SourceAssetDB has modification time of '2026-01-01T00:09:57.3370932Z' while content on disk has modification time of '2026-01-01T00:10:00.5395182Z'
  ERROR: Build asset version error: assets/scripts/achievementtoast.cs in SourceAssetDB has modification time of '2026-01-01T00:09:57.3370932Z' while content on disk has modification time of '2026-01-01T00:10:00.5395182Z'
Number of updated asset objects reloaded before import = 0Number of asset objects unloaded after import = 0

========================================================================
Received Import Request.
  Time since last request: 0.000015 seconds.
  path: Assets/Scripts/AchievementToast.cs
  artifactKey: Guid(e5f35b464f4529f458653c5a9e75c3f0) Importer(815301076,1909f56bfc062723c751e8b465ee728b)
Start importing Assets/Scripts/AchievementToast.cs using Guid(e5f35b464f4529f458653c5a9e75c3f0) Importer(815301076,1909f56bfc062723c751e8b465ee728b) (PreviewImporter) -> (artifact id: '00000000000000000000000000000000') in 0.0004773 seconds
Import Error Code:(4)
Message: Build asset version error: assets/scripts/achievementtoast.cs in SourceAssetDB has modification time of '2026-01-01T00:09:57.3370932Z' while content on disk has modification time of '2026-01-01T00:10:00.5395182Z'
  ERROR: Build asset version error: assets/scripts/achievementtoast.cs in SourceAssetDB has modification time of '2026-01-01T00:09:57.3370932Z' while content on disk has modification time of '2026-01-01T00:10:00.5395182Z'
Number of updated asset objects reloaded before import = 0Number of asset objects unloaded after import = 0

========================================================================
Received Import Request.
  Time since last request: 0.000015 seconds.
  path: Assets/Scripts/AchievementToast.cs
  artifactKey: Guid(e5f35b464f4529f458653c5a9e75c3f0) Importer(815301076,1909f56bfc062723c751e8b465ee728b)
Start importing Assets/Scripts/AchievementToast.cs using Guid(e5f35b464f4529f458653c5a9e75c3f0) Importer(815301076,1909f56bfc062723c751e8b465ee728b) (PreviewImporter) -> (artifact id: '00000000000000000000000000000000') in 0.0005284 seconds
Import Error Code:(4)
Message: Build asset version error: assets/scripts/achievementtoast.cs in SourceAssetDB has modification time of '2026-01-01T00:09:57.3370932Z' while content on disk has modification time of '2026-01-01T00:10:00.5395182Z'
  ERROR: Build asset version error: assets/scripts/achievementtoast.cs in SourceAssetDB has modification time of '2026-01-01T00:09:57.3370932Z' while content on disk has modification time of '2026-01-01T00:10:00.5395182Z'
Number of updated asset objects reloaded before import = 0Number of asset objects unloaded after import = 0

========================================================================
Received Import Request.
  Time since last request: 0.000016 seconds.
  path: Assets/Scripts/AchievementToast.cs
  artifactKey: Guid(e5f35b464f4529f458653c5a9e75c3f0) Importer(815301076,1909f56bfc062723c751e8b465ee728b)
Start importing Assets/Scripts/AchievementToast.cs using Guid(e5f35b464f4529f458653c5a9e75c3f0) Importer(815301076,1909f56bfc062723c751e8b465ee728b) (PreviewImporter) -> (artifact id: '00000000000000000000000000000000') in 0.000529 seconds
Import Error Code:(4)
Message: Build asset version error: assets/scripts/achievementtoast.cs in SourceAssetDB has modification time of '2026-01-01T00:09:57.3370932Z' while content on disk has modification time of '2026-01-01T00:10:00.5395182Z'
  ERROR: Build asset version error: assets/scripts/achievementtoast.cs in SourceAssetDB has modification time of '2026-01-01T00:09:57.3370932Z' while content on disk has modification time of '2026-01-01T00:10:00.5395182Z'
Number of updated asset objects reloaded before import = 0Number of asset objects unloaded after import = 0

========================================================================
Received Import Request.
  Time since last request: 0.000017 seconds.
  path: Assets/Scripts/AchievementToast.cs
  artifactKey: Guid(e5f35b464f4529f458653c5a9e75c3f0) Importer(815301076,1909f56bfc062723c751e8b465ee728b)
Start importing Assets/Scripts/AchievementToast.cs using Guid(e5f35b464f4529f458653c5a9e75c3f0) Importer(815301076,1909f56bfc062723c751e8b465ee728b) (PreviewImporter) -> (artifact id: '00000000000000000000000000000000') in 0.0005207 seconds
Import Error Code:(4)
Message: Build asset version error: assets/scripts/achievementtoast.cs in SourceAssetDB has modification time of '2026-01-01T00:09:57.3370932Z' while content on disk has modification time of '2026-01-01T00:10:00.5395182Z'
  ERROR: Build asset version error: assets/scripts/achievementtoast.cs in SourceAssetDB has modification time of '2026-01-01T00:09:57.3370932Z' while content on disk has modification time of '2026-01-01T00:10:00.5395182Z'
Number of updated asset objects reloaded before import = 0Number of asset objects unloaded after import = 0

========================================================================
Received Import Request.
  Time since last request: 0.000018 seconds.
  path: Assets/Scripts/AchievementToast.cs
  artifactKey: Guid(e5f35b464f4529f458653c5a9e75c3f0) Importer(815301076,1909f56bfc062723c751e8b465ee728b)
Start importing Assets/Scripts/AchievementToast.cs using Guid(e5f35b464f4529f458653c5a9e75c3f0) Importer(815301076,1909f56bfc062723c751e8b465ee728b) (PreviewImporter) -> (artifact id: '00000000000000000000000000000000') in 0.0006929 seconds
Import Error Code:(4)
Message: Build asset version error: assets/scripts/achievementtoast.cs in SourceAssetDB has modification time of '2026-01-01T00:09:57.3370932Z' while content on disk has modification time of '2026-01-01T00:10:00.5395182Z'
  ERROR: Build asset version error: assets/scripts/achievementtoast.cs in SourceAssetDB has modification time of '2026-01-01T00:09:57.3370932Z' while content on disk has modification time of '2026-01-01T00:10:00.5395182Z'
Number of updated asset objects reloaded before import = 0Number of asset objects unloaded after import = 0

========================================================================
Received Import Request.
  Time since last request: 0.000028 seconds.
  path: Assets/Scripts/AchievementToast.cs
  artifactKey: Guid(e5f35b464f4529f458653c5a9e75c3f0) Importer(815301076,1909f56bfc062723c751e8b465ee728b)
Start importing Assets/Scripts/AchievementToast.cs using Guid(e5f35b464f4529f458653c5a9e75c3f0) Importer(815301076,1909f56bfc062723c751e8b465ee728b) (PreviewImporter) -> (artifact id: '00000000000000000000000000000000') in 0.0005209 seconds
Import Error Code:(4)
Message: Build asset version error: assets/scripts/achievementtoast.cs in SourceAssetDB has modification time of '2026-01-01T00:09:57.3370932Z' while content on disk has modification time of '2026-01-01T00:10:00.5395182Z'
  ERROR: Build asset version error: assets/scripts/achievementtoast.cs in SourceAssetDB has modification time of '2026-01-01T00:09:57.3370932Z' while content on disk has modification time of '2026-01-01T00:10:00.5395182Z'
Number of updated asset objects reloaded before import = 0Number of asset objects unloaded after import = 0

========================================================================
Received Import Request.
  Time since last request: 0.000015 seconds.
  path: Assets/Scripts/AchievementToast.cs
  artifactKey: Guid(e5f35b464f4529f458653c5a9e75c3f0) Importer(815301076,1909f56bfc062723c751e8b465ee728b)
Start importing Assets/Scripts/AchievementToast.cs using Guid(e5f35b464f4529f458653c5a9e75c3f0) Importer(815301076,1909f56bfc062723c751e8b465ee728b) (PreviewImporter) -> (artifact id: '00000000000000000000000000000000') in 0.0005419 seconds
Import Error Code:(4)
Message: Build asset version error: assets/scripts/achievementtoast.cs in SourceAssetDB has modification time of '2026-01-01T00:09:57.3370932Z' while content on disk has modification time of '2026-01-01T00:10:00.5395182Z'
  ERROR: Build asset version error: assets/scripts/achievementtoast.cs in SourceAssetDB has modification time of '2026-01-01T00:09:57.3370932Z' while content on disk has modification time of '2026-01-01T00:10:00.5395182Z'
Number of updated asset objects reloaded before import = 0Number of asset objects unloaded after import = 0

========================================================================
Received Import Request.
  Time since last request: 0.000017 seconds.
  path: Assets/Scripts/AchievementToast.cs
  artifactKey: Guid(e5f35b464f4529f458653c5a9e75c3f0) Importer(815301076,1909f56bfc062723c751e8b465ee728b)
Start importing Assets/Scripts/AchievementToast.cs using Guid(e5f35b464f4529f458653c5a9e75c3f0) Importer(815301076,1909f56bfc062723c751e8b465ee728b) (PreviewImporter) -> (artifact id: '00000000000000000000000000000000') in 0.0005189 seconds
Import Error Code:(4)
Message: Build asset version error: assets/scripts/achievementtoast.cs in SourceAssetDB has modification time of '2026-01-01T00:09:57.3370932Z' while content on disk has modification time of '2026-01-01T00:10:00.5395182Z'
  ERROR: Build asset version error: assets/scripts/achievementtoast.cs in SourceAssetDB has modification time of '2026-01-01T00:09:57.3370932Z' while content on disk has modification time of '2026-01-01T00:10:00.5395182Z'
Number of updated asset objects reloaded before import = 0Number of asset objects unloaded after import = 0

========================================================================
Received Import Request.
  Time since last request: 0.000015 seconds.
  path: Assets/Scripts/AchievementToast.cs
  artifactKey: Guid(e5f35b464f4529f458653c5a9e75c3f0) Importer(815301076,1909f56bfc062723c751e8b465ee728b)
Start importing Assets/Scripts/AchievementToast.cs using Guid(e5f35b464f4529f458653c5a9e75c3f0) Importer(815301076,1909f56bfc062723c751e8b465ee728b) (PreviewImporter) -> (artifact id: '00000000000000000000000000000000') in 0.0005725 seconds
Import Error Code:(4)
Message: Build asset version error: assets/scripts/achievementtoast.cs in SourceAssetDB has modification time of '2026-01-01T00:09:57.3370932Z' while content on disk has modification time of '2026-01-01T00:10:00.5395182Z'
  ERROR: Build asset version error: assets/scripts/achievementtoast.cs in SourceAssetDB has modification time of '2026-01-01T00:09:57.3370932Z' while content on disk has modification time of '2026-01-01T00:10:00.5395182Z'
Number of updated asset objects reloaded before import = 0Number of asset objects unloaded after import = 0

========================================================================
Received Import Request.
  Time since last request: 0.000016 seconds.
  path: Assets/Scripts/AchievementToast.cs
  artifactKey: Guid(e5f35b464f4529f458653c5a9e75c3f0) Importer(815301076,1909f56bfc062723c751e8b465ee728b)
Start importing Assets/Scripts/AchievementToast.cs using Guid(e5f35b464f4529f458653c5a9e75c3f0) Importer(815301076,1909f56bfc062723c751e8b465ee728b) (PreviewImporter) -> (artifact id: '00000000000000000000000000000000') in 0.0004774 seconds
Import Error Code:(4)
Message: Build asset version error: assets/scripts/achievementtoast.cs in SourceAssetDB has modification time of '2026-01-01T00:09:57.3370932Z' while content on disk has modification time of '2026-01-01T00:10:00.5395182Z'
  ERROR: Build asset version error: assets/scripts/achievementtoast.cs in SourceAssetDB has modification time of '2026-01-01T00:09:57.3370932Z' while content on disk has modification time of '2026-01-01T00:10:00.5395182Z'
Number of updated asset objects reloaded before import = 0Number of asset objects unloaded after import = 0

========================================================================
Received Import Request.
  Time since last request: 0.000017 seconds.
  path: Assets/Scripts/AchievementToast.cs
  artifactKey: Guid(e5f35b464f4529f458653c5a9e75c3f0) Importer(815301076,1909f56bfc062723c751e8b465ee728b)
Start importing Assets/Scripts/AchievementToast.cs using Guid(e5f35b464f4529f458653c5a9e75c3f0) Importer(815301076,1909f56bfc062723c751e8b465ee728b) (PreviewImporter) -> (artifact id: '00000000000000000000000000000000') in 0.0004704 seconds
Import Error Code:(4)
Message: Build asset version error: assets/scripts/achievementtoast.cs in SourceAssetDB has modification time of '2026-01-01T00:09:57.3370932Z' while content on disk has modification time of '2026-01-01T00:10:00.5395182Z'
  ERROR: Build asset version error: assets/scripts/achievementtoast.cs in SourceAssetDB has modification time of '2026-01-01T00:09:57.3370932Z' while content on disk has modification time of '2026-01-01T00:10:00.5395182Z'
Number of updated asset objects reloaded before import = 0Number of asset objects unloaded after import = 0

========================================================================
Received Import Request.
  Time since last request: 0.000015 seconds.
  path: Assets/Scripts/AchievementToast.cs
  artifactKey: Guid(e5f35b464f4529f458653c5a9e75c3f0) Importer(815301076,1909f56bfc062723c751e8b465ee728b)
Start importing Assets/Scripts/AchievementToast.cs using Guid(e5f35b464f4529f458653c5a9e75c3f0) Importer(815301076,1909f56bfc062723c751e8b465ee728b) (PreviewImporter) -> (artifact id: '00000000000000000000000000000000') in 0.0005304 seconds
Import Error Code:(4)
Message: Build asset version error: assets/scripts/achievementtoast.cs in SourceAssetDB has modification time of '2026-01-01T00:09:57.3370932Z' while content on disk has modification time of '2026-01-01T00:10:00.5395182Z'
  ERROR: Build asset version error: assets/scripts/achievementtoast.cs in SourceAssetDB has modification time of '2026-01-01T00:09:57.3370932Z' while content on disk has modification time of '2026-01-01T00:10:00.5395182Z'
Number of updated asset objects reloaded before import = 0Number of asset objects unloaded after import = 0

========================================================================
Received Import Request.
  Time since last request: 0.000016 seconds.
  path: Assets/Scripts/AchievementToast.cs
  artifactKey: Guid(e5f35b464f4529f458653c5a9e75c3f0) Importer(815301076,1909f56bfc062723c751e8b465ee728b)
Start importing Assets/Scripts/AchievementToast.cs using Guid(e5f35b464f4529f458653c5a9e75c3f0) Importer(815301076,1909f56bfc062723c751e8b465ee728b) (PreviewImporter) -> (artifact id: '00000000000000000000000000000000') in 0.0005692 seconds
Import Error Code:(4)
Message: Build asset version error: assets/scripts/achievementtoast.cs in SourceAssetDB has modification time of '2026-01-01T00:09:57.3370932Z' while content on disk has modification time of '2026-01-01T00:10:00.5395182Z'
  ERROR: Build asset version error: assets/scripts/achievementtoast.cs in SourceAssetDB has modification time of '2026-01-01T00:09:57.3370932Z' while content on disk has modification time of '2026-01-01T00:10:00.5395182Z'
Number of updated asset objects reloaded before import = 0Number of asset objects unloaded after import = 0

========================================================================
Received Import Request.
  Time since last request: 0.000017 seconds.
  path: Assets/Scripts/AchievementToast.cs
  artifactKey: Guid(e5f35b464f4529f458653c5a9e75c3f0) Importer(815301076,1909f56bfc062723c751e8b465ee728b)
Start importing Assets/Scripts/AchievementToast.cs using Guid(e5f35b464f4529f458653c5a9e75c3f0) Importer(815301076,1909f56bfc062723c751e8b465ee728b) (PreviewImporter) -> (artifact id: '00000000000000000000000000000000') in 0.0004838 seconds
Import Error Code:(4)
Message: Build asset version error: assets/scripts/achievementtoast.cs in SourceAssetDB has modification time of '2026-01-01T00:09:57.3370932Z' while content on disk has modification time of '2026-01-01T00:10:00.5395182Z'
  ERROR: Build asset version error: assets/scripts/achievementtoast.cs in SourceAssetDB has modification time of '2026-01-01T00:09:57.3370932Z' while content on disk has modification time of '2026-01-01T00:10:00.5395182Z'
Number of updated asset objects reloaded before import = 0Number of asset objects unloaded after import = 0

========================================================================
Received Import Request.
  Time since last request: 0.000025 seconds.
  path: Assets/Scripts/AchievementToast.cs
  artifactKey: Guid(e5f35b464f4529f458653c5a9e75c3f0) Importer(815301076,1909f56bfc062723c751e8b465ee728b)
Start importing Assets/Scripts/AchievementToast.cs using Guid(e5f35b464f4529f458653c5a9e75c3f0) Importer(815301076,1909f56bfc062723c751e8b465ee728b) (PreviewImporter) -> (artifact id: '00000000000000000000000000000000') in 0.0004744 seconds
Import Error Code:(4)
Message: Build asset version error: assets/scripts/achievementtoast.cs in SourceAssetDB has modification time of '2026-01-01T00:09:57.3370932Z' while content on disk has modification time of '2026-01-01T00:10:00.5395182Z'
  ERROR: Build asset version error: assets/scripts/achievementtoast.cs in SourceAssetDB has modification time of '2026-01-01T00:09:57.3370932Z' while content on disk has modification time of '2026-01-01T00:10:00.5395182Z'
Number of updated asset objects reloaded before import = 0Number of asset objects unloaded after import = 0

========================================================================
Received Import Request.
  Time since last request: 0.000015 seconds.
  path: Assets/Scripts/AchievementToast.cs
  artifactKey: Guid(e5f35b464f4529f458653c5a9e75c3f0) Importer(815301076,1909f56bfc062723c751e8b465ee728b)
Start importing Assets/Scripts/AchievementToast.cs using Guid(e5f35b464f4529f458653c5a9e75c3f0) Importer(815301076,1909f56bfc062723c751e8b465ee728b) (PreviewImporter) -> (artifact id: '00000000000000000000000000000000') in 0.0004939 seconds
Import Error Code:(4)
Message: Build asset version error: assets/scripts/achievementtoast.cs in SourceAssetDB has modification time of '2026-01-01T00:09:57.3370932Z' while content on disk has modification time of '2026-01-01T00:10:00.5395182Z'
  ERROR: Build asset version error: assets/scripts/achievementtoast.cs in SourceAssetDB has modification time of '2026-01-01T00:09:57.3370932Z' while content on disk has modification time of '2026-01-01T00:10:00.5395182Z'
Number of updated asset objects reloaded before import = 0Number of asset objects unloaded after import = 0

========================================================================
Received Import Request.
  Time since last request: 0.000015 seconds.
  path: Assets/Scripts/AchievementToast.cs
  artifactKey: Guid(e5f35b464f4529f458653c5a9e75c3f0) Importer(815301076,1909f56bfc062723c751e8b465ee728b)
Start importing Assets/Scripts/AchievementToast.cs using Guid(e5f35b464f4529f458653c5a9e75c3f0) Importer(815301076,1909f56bfc062723c751e8b465ee728b) (PreviewImporter) -> (artifact id: '00000000000000000000000000000000') in 0.0005551 seconds
Import Error Code:(4)
Message: Build asset version error: assets/scripts/achievementtoast.cs in SourceAssetDB has modification time of '2026-01-01T00:09:57.3370932Z' while content on disk has modification time of '2026-01-01T00:10:00.5395182Z'
  ERROR: Build asset version error: assets/scripts/achievementtoast.cs in SourceAssetDB has modification time of '2026-01-01T00:09:57.3370932Z' while content on disk has modification time of '2026-01-01T00:10:00.5395182Z'
Number of updated asset objects reloaded before import = 0Number of asset objects unloaded after import = 0

========================================================================
Received Import Request.
  Time since last request: 0.000016 seconds.
  path: Assets/Scripts/AchievementToast.cs
  artifactKey: Guid(e5f35b464f4529f458653c5a9e75c3f0) Importer(815301076,1909f56bfc062723c751e8b465ee728b)
Start importing Assets/Scripts/AchievementToast.cs using Guid(e5f35b464f4529f458653c5a9e75c3f0) Importer(815301076,1909f56bfc062723c751e8b465ee728b) (PreviewImporter) -> (artifact id: '00000000000000000000000000000000') in 0.0005044 seconds
Import Error Code:(4)
Message: Build asset version error: assets/scripts/achievementtoast.cs in SourceAssetDB has modification time of '2026-01-01T00:09:57.3370932Z' while content on disk has modification time of '2026-01-01T00:10:00.5395182Z'
  ERROR: Build asset version error: assets/scripts/achievementtoast.cs in SourceAssetDB has modification time of '2026-01-01T00:09:57.3370932Z' while content on disk has modification time of '2026-01-01T00:10:00.5395182Z'
Number of updated asset objects reloaded before import = 0Number of asset objects unloaded after import = 0

========================================================================
Received Import Request.
  Time since last request: 0.000016 seconds.
  path: Assets/Scripts/AchievementToast.cs
  artifactKey: Guid(e5f35b464f4529f458653c5a9e75c3f0) Importer(815301076,1909f56bfc062723c751e8b465ee728b)
Start importing Assets/Scripts/AchievementToast.cs using Guid(e5f35b464f4529f458653c5a9e75c3f0) Importer(815301076,1909f56bfc062723c751e8b465ee728b) (PreviewImporter) -> (artifact id: '00000000000000000000000000000000') in 0.0005105 seconds
Import Error Code:(4)
Message: Build asset version error: assets/scripts/achievementtoast.cs in SourceAssetDB has modification time of '2026-01-01T00:09:57.3370932Z' while content on disk has modification time of '2026-01-01T00:10:00.5395182Z'
  ERROR: Build asset version error: assets/scripts/achievementtoast.cs in SourceAssetDB has modification time of '2026-01-01T00:09:57.3370932Z' while content on disk has modification time of '2026-01-01T00:10:00.5395182Z'
Number of updated asset objects reloaded before import = 0Number of asset objects unloaded after import = 0

========================================================================
Received Import Request.
  Time since last request: 0.000019 seconds.
  path: Assets/Scripts/AchievementToast.cs
  artifactKey: Guid(e5f35b464f4529f458653c5a9e75c3f0) Importer(815301076,1909f56bfc062723c751e8b465ee728b)
Start importing Assets/Scripts/AchievementToast.cs using Guid(e5f35b464f4529f458653c5a9e75c3f0) Importer(815301076,1909f56bfc062723c751e8b465ee728b) (PreviewImporter) -> (artifact id: '00000000000000000000000000000000') in 0.000516 seconds
Import Error Code:(4)
Message: Build asset version error: assets/scripts/achievementtoast.cs in SourceAssetDB has modification time of '2026-01-01T00:09:57.3370932Z' while content on disk has modification time of '2026-01-01T00:10:00.5395182Z'
  ERROR: Build asset version error: assets/scripts/achievementtoast.cs in SourceAssetDB has modification time of '2026-01-01T00:09:57.3370932Z' while content on disk has modification time of '2026-01-01T00:10:00.5395182Z'
Number of updated asset objects reloaded before import = 0Number of asset objects unloaded after import = 0

========================================================================
Received Import Request.
  Time since last request: 0.000014 seconds.
  path: Assets/Scripts/AchievementToast.cs
  artifactKey: Guid(e5f35b464f4529f458653c5a9e75c3f0) Importer(815301076,1909f56bfc062723c751e8b465ee728b)
Start importing Assets/Scripts/AchievementToast.cs using Guid(e5f35b464f4529f458653c5a9e75c3f0) Importer(815301076,1909f56bfc062723c751e8b465ee728b) (PreviewImporter) -> (artifact id: '00000000000000000000000000000000') in 0.0005721 seconds
Import Error Code:(4)
Message: Build asset version error: assets/scripts/achievementtoast.cs in SourceAssetDB has modification time of '2026-01-01T00:09:57.3370932Z' while content on disk has modification time of '2026-01-01T00:10:00.5395182Z'
  ERROR: Build asset version error: assets/scripts/achievementtoast.cs in SourceAssetDB has modification time of '2026-01-01T00:09:57.3370932Z' while content on disk has modification time of '2026-01-01T00:10:00.5395182Z'
Number of updated asset objects reloaded before import = 0Number of asset objects unloaded after import = 0

========================================================================
Received Import Request.
  Time since last request: 0.000015 seconds.
  path: Assets/Scripts/AchievementToast.cs
  artifactKey: Guid(e5f35b464f4529f458653c5a9e75c3f0) Importer(815301076,1909f56bfc062723c751e8b465ee728b)
Start importing Assets/Scripts/AchievementToast.cs using Guid(e5f35b464f4529f458653c5a9e75c3f0) Importer(815301076,1909f56bfc062723c751e8b465ee728b) (PreviewImporter) -> (artifact id: '00000000000000000000000000000000') in 0.0005267 seconds
Import Error Code:(4)
Message: Build asset version error: assets/scripts/achievementtoast.cs in SourceAssetDB has modification time of '2026-01-01T00:09:57.3370932Z' while content on disk has modification time of '2026-01-01T00:10:00.5395182Z'
  ERROR: Build asset version error: assets/scripts/achievementtoast.cs in SourceAssetDB has modification time of '2026-01-01T00:09:57.3370932Z' while content on disk has modification time of '2026-01-01T00:10:00.5395182Z'
Number of updated asset objects reloaded before import = 0Number of asset objects unloaded after import = 0

========================================================================
Received Import Request.
  Time since last request: 0.000015 seconds.
  path: Assets/Scripts/AchievementToast.cs
  artifactKey: Guid(e5f35b464f4529f458653c5a9e75c3f0) Importer(815301076,1909f56bfc062723c751e8b465ee728b)
Start importing Assets/Scripts/AchievementToast.cs using Guid(e5f35b464f4529f458653c5a9e75c3f0) Importer(815301076,1909f56bfc062723c751e8b465ee728b) (PreviewImporter) -> (artifact id: '00000000000000000000000000000000') in 0.0004917 seconds
Import Error Code:(4)
Message: Build asset version error: assets/scripts/achievementtoast.cs in SourceAssetDB has modification time of '2026-01-01T00:09:57.3370932Z' while content on disk has modification time of '2026-01-01T00:10:00.5395182Z'
  ERROR: Build asset version error: assets/scripts/achievementtoast.cs in SourceAssetDB has modification time of '2026-01-01T00:09:57.3370932Z' while content on disk has modification time of '2026-01-01T00:10:00.5395182Z'
Number of updated asset objects reloaded before import = 0Number of asset objects unloaded after import = 0

========================================================================
Received Import Request.
  Time since last request: 0.000017 seconds.
  path: Assets/Scripts/AchievementToast.cs
  artifactKey: Guid(e5f35b464f4529f458653c5a9e75c3f0) Importer(815301076,1909f56bfc062723c751e8b465ee728b)
Start importing Assets/Scripts/AchievementToast.cs using Guid(e5f35b464f4529f458653c5a9e75c3f0) Importer(815301076,1909f56bfc062723c751e8b465ee728b) (PreviewImporter) -> (artifact id: '00000000000000000000000000000000') in 0.0005223 seconds
Import Error Code:(4)
Message: Build asset version error: assets/scripts/achievementtoast.cs in SourceAssetDB has modification time of '2026-01-01T00:09:57.3370932Z' while content on disk has modification time of '2026-01-01T00:10:00.5395182Z'
  ERROR: Build asset version error: assets/scripts/achievementtoast.cs in SourceAssetDB has modification time of '2026-01-01T00:09:57.3370932Z' while content on disk has modification time of '2026-01-01T00:10:00.5395182Z'
Number of updated asset objects reloaded before import = 0Number of asset objects unloaded after import = 0

========================================================================
Received Import Request.
  Time since last request: 0.000026 seconds.
  path: Assets/Scripts/AchievementToast.cs
  artifactKey: Guid(e5f35b464f4529f458653c5a9e75c3f0) Importer(815301076,1909f56bfc062723c751e8b465ee728b)
Start importing Assets/Scripts/AchievementToast.cs using Guid(e5f35b464f4529f458653c5a9e75c3f0) Importer(815301076,1909f56bfc062723c751e8b465ee728b) (PreviewImporter) -> (artifact id: '00000000000000000000000000000000') in 0.0004916 seconds
Import Error Code:(4)
Message: Build asset version error: assets/scripts/achievementtoast.cs in SourceAssetDB has modification time of '2026-01-01T00:09:57.3370932Z' while content on disk has modification time of '2026-01-01T00:10:00.5395182Z'
  ERROR: Build asset version error: assets/scripts/achievementtoast.cs in SourceAssetDB has modification time of '2026-01-01T00:09:57.3370932Z' while content on disk has modification time of '2026-01-01T00:10:00.5395182Z'
Number of updated asset objects reloaded before import = 0Number of asset objects unloaded after import = 0

========================================================================
Received Import Request.
  Time since last request: 0.000015 seconds.
  path: Assets/Scripts/AchievementToast.cs
  artifactKey: Guid(e5f35b464f4529f458653c5a9e75c3f0) Importer(815301076,1909f56bfc062723c751e8b465ee728b)
Start importing Assets/Scripts/AchievementToast.cs using Guid(e5f35b464f4529f458653c5a9e75c3f0) Importer(815301076,1909f56bfc062723c751e8b465ee728b) (PreviewImporter) -> (artifact id: '00000000000000000000000000000000') in 0.0004549 seconds
Import Error Code:(4)
Message: Build asset version error: assets/scripts/achievementtoast.cs in SourceAssetDB has modification time of '2026-01-01T00:09:57.3370932Z' while content on disk has modification time of '2026-01-01T00:10:00.5395182Z'
  ERROR: Build asset version error: assets/scripts/achievementtoast.cs in SourceAssetDB has modification time of '2026-01-01T00:09:57.3370932Z' while content on disk has modification time of '2026-01-01T00:10:00.5395182Z'
Number of updated asset objects reloaded before import = 0Number of asset objects unloaded after import = 0

========================================================================
Received Import Request.
  Time since last request: 0.000017 seconds.
  path: Assets/Scripts/AchievementToast.cs
  artifactKey: Guid(e5f35b464f4529f458653c5a9e75c3f0) Importer(815301076,1909f56bfc062723c751e8b465ee728b)
Start importing Assets/Scripts/AchievementToast.cs using Guid(e5f35b464f4529f458653c5a9e75c3f0) Importer(815301076,1909f56bfc062723c751e8b465ee728b) (PreviewImporter) -> (artifact id: '00000000000000000000000000000000') in 0.0004895 seconds
Import Error Code:(4)
Message: Build asset version error: assets/scripts/achievementtoast.cs in SourceAssetDB has modification time of '2026-01-01T00:09:57.3370932Z' while content on disk has modification time of '2026-01-01T00:10:00.5395182Z'
  ERROR: Build asset version error: assets/scripts/achievementtoast.cs in SourceAssetDB has modification time of '2026-01-01T00:09:57.3370932Z' while content on disk has modification time of '2026-01-01T00:10:00.5395182Z'
Number of updated asset objects reloaded before import = 0Number of asset objects unloaded after import = 0

========================================================================
Received Import Request.
  Time since last request: 0.000016 seconds.
  path: Assets/Scripts/AchievementToast.cs
  artifactKey: Guid(e5f35b464f4529f458653c5a9e75c3f0) Importer(815301076,1909f56bfc062723c751e8b465ee728b)
Start importing Assets/Scripts/AchievementToast.cs using Guid(e5f35b464f4529f458653c5a9e75c3f0) Importer(815301076,1909f56bfc062723c751e8b465ee728b) (PreviewImporter) -> (artifact id: '00000000000000000000000000000000') in 0.0005111 seconds
Import Error Code:(4)
Message: Build asset version error: assets/scripts/achievementtoast.cs in SourceAssetDB has modification time of '2026-01-01T00:09:57.3370932Z' while content on disk has modification time of '2026-01-01T00:10:00.5395182Z'
  ERROR: Build asset version error: assets/scripts/achievementtoast.cs in SourceAssetDB has modification time of '2026-01-01T00:09:57.3370932Z' while content on disk has modification time of '2026-01-01T00:10:00.5395182Z'
Number of updated asset objects reloaded before import = 0Number of asset objects unloaded after import = 0

========================================================================
Received Import Request.
  Time since last request: 0.000013 seconds.
  path: Assets/Scripts/AchievementToast.cs
  artifactKey: Guid(e5f35b464f4529f458653c5a9e75c3f0) Importer(815301076,1909f56bfc062723c751e8b465ee728b)
Start importing Assets/Scripts/AchievementToast.cs using Guid(e5f35b464f4529f458653c5a9e75c3f0) Importer(815301076,1909f56bfc062723c751e8b465ee728b) (PreviewImporter) -> (artifact id: '00000000000000000000000000000000') in 0.0005052 seconds
Import Error Code:(4)
Message: Build asset version error: assets/scripts/achievementtoast.cs in SourceAssetDB has modification time of '2026-01-01T00:09:57.3370932Z' while content on disk has modification time of '2026-01-01T00:10:00.5395182Z'
  ERROR: Build asset version error: assets/scripts/achievementtoast.cs in SourceAssetDB has modification time of '2026-01-01T00:09:57.3370932Z' while content on disk has modification time of '2026-01-01T00:10:00.5395182Z'
Number of updated asset objects reloaded before import = 0Number of asset objects unloaded after import = 0

========================================================================
Received Import Request.
  Time since last request: 0.000015 seconds.
  path: Assets/Scripts/AchievementToast.cs
  artifactKey: Guid(e5f35b464f4529f458653c5a9e75c3f0) Importer(815301076,1909f56bfc062723c751e8b465ee728b)
Start importing Assets/Scripts/AchievementToast.cs using Guid(e5f35b464f4529f458653c5a9e75c3f0) Importer(815301076,1909f56bfc062723c751e8b465ee728b) (PreviewImporter) -> (artifact id: '00000000000000000000000000000000') in 0.0005299 seconds
Import Error Code:(4)
Message: Build asset version error: assets/scripts/achievementtoast.cs in SourceAssetDB has modification time of '2026-01-01T00:09:57.3370932Z' while content on disk has modification time of '2026-01-01T00:10:00.5395182Z'
  ERROR: Build asset version error: assets/scripts/achievementtoast.cs in SourceAssetDB has modification time of '2026-01-01T00:09:57.3370932Z' while content on disk has modification time of '2026-01-01T00:10:00.5395182Z'
Number of updated asset objects reloaded before import = 0Number of asset objects unloaded after import = 0

========================================================================
Received Import Request.
  Time since last request: 0.000017 seconds.
  path: Assets/Scripts/AchievementToast.cs
  artifactKey: Guid(e5f35b464f4529f458653c5a9e75c3f0) Importer(815301076,1909f56bfc062723c751e8b465ee728b)
Start importing Assets/Scripts/AchievementToast.cs using Guid(e5f35b464f4529f458653c5a9e75c3f0) Importer(815301076,1909f56bfc062723c751e8b465ee728b) (PreviewImporter) -> (artifact id: '00000000000000000000000000000000') in 0.000581 seconds
Import Error Code:(4)
Message: Build asset version error: assets/scripts/achievementtoast.cs in SourceAssetDB has modification time of '2026-01-01T00:09:57.3370932Z' while content on disk has modification time of '2026-01-01T00:10:00.5395182Z'
  ERROR: Build asset version error: assets/scripts/achievementtoast.cs in SourceAssetDB has modification time of '2026-01-01T00:09:57.3370932Z' while content on disk has modification time of '2026-01-01T00:10:00.5395182Z'
Number of updated asset objects reloaded before import = 0Number of asset objects unloaded after import = 0

========================================================================
Received Import Request.
  Time since last request: 0.000013 seconds.
  path: Assets/Scripts/AchievementToast.cs
  artifactKey: Guid(e5f35b464f4529f458653c5a9e75c3f0) Importer(815301076,1909f56bfc062723c751e8b465ee728b)
Start importing Assets/Scripts/AchievementToast.cs using Guid(e5f35b464f4529f458653c5a9e75c3f0) Importer(815301076,1909f56bfc062723c751e8b465ee728b) (PreviewImporter) -> (artifact id: '00000000000000000000000000000000') in 0.0004862 seconds
Import Error Code:(4)
Message: Build asset version error: assets/scripts/achievementtoast.cs in SourceAssetDB has modification time of '2026-01-01T00:09:57.3370932Z' while content on disk has modification time of '2026-01-01T00:10:00.5395182Z'
  ERROR: Build asset version error: assets/scripts/achievementtoast.cs in SourceAssetDB has modification time of '2026-01-01T00:09:57.3370932Z' while content on disk has modification time of '2026-01-01T00:10:00.5395182Z'
Number of updated asset objects reloaded before import = 0Number of asset objects unloaded after import = 0

========================================================================
Received Import Request.
  Time since last request: 0.001072 seconds.
  path: Assets/Scripts/AchievementToast.cs
  artifactKey: Guid(e5f35b464f4529f458653c5a9e75c3f0) Importer(815301076,1909f56bfc062723c751e8b465ee728b)
Start importing Assets/Scripts/AchievementToast.cs using Guid(e5f35b464f4529f458653c5a9e75c3f0) Importer(815301076,1909f56bfc062723c751e8b465ee728b) (PreviewImporter) -> (artifact id: '00000000000000000000000000000000') in 0.0005166 seconds
Import Error Code:(4)
Message: Build asset version error: assets/scripts/achievementtoast.cs in SourceAssetDB has modification time of '2026-01-01T00:09:57.3370932Z' while content on disk has modification time of '2026-01-01T00:10:00.5395182Z'
  ERROR: Build asset version error: assets/scripts/achievementtoast.cs in SourceAssetDB has modification time of '2026-01-01T00:09:57.3370932Z' while content on disk has modification time of '2026-01-01T00:10:00.5395182Z'
Number of updated asset objects reloaded before import = 0Number of asset objects unloaded after import = 0

========================================================================
Received Import Request.
  Time since last request: 0.000015 seconds.
  path: Assets/Scripts/AchievementToast.cs
  artifactKey: Guid(e5f35b464f4529f458653c5a9e75c3f0) Importer(815301076,1909f56bfc062723c751e8b465ee728b)
Start importing Assets/Scripts/AchievementToast.cs using Guid(e5f35b464f4529f458653c5a9e75c3f0) Importer(815301076,1909f56bfc062723c751e8b465ee728b) (PreviewImporter) -> (artifact id: '00000000000000000000000000000000') in 0.0004933 seconds
Import Error Code:(4)
Message: Build asset version error: assets/scripts/achievementtoast.cs in SourceAssetDB has modification time of '2026-01-01T00:09:57.3370932Z' while content on disk has modification time of '2026-01-01T00:10:00.5395182Z'
  ERROR: Build asset version error: assets/scripts/achievementtoast.cs in SourceAssetDB has modification time of '2026-01-01T00:09:57.3370932Z' while content on disk has modification time of '2026-01-01T00:10:00.5395182Z'
Number of updated asset objects reloaded before import = 0Number of asset objects unloaded after import = 0

========================================================================
Received Import Request.
  Time since last request: 0.000014 seconds.
  path: Assets/Scripts/AchievementToast.cs
  artifactKey: Guid(e5f35b464f4529f458653c5a9e75c3f0) Importer(815301076,1909f56bfc062723c751e8b465ee728b)
Start importing Assets/Scripts/AchievementToast.cs using Guid(e5f35b464f4529f458653c5a9e75c3f0) Importer(815301076,1909f56bfc062723c751e8b465ee728b) (PreviewImporter) -> (artifact id: '00000000000000000000000000000000') in 0.0006242 seconds
Import Error Code:(4)
Message: Build asset version error: assets/scripts/achievementtoast.cs in SourceAssetDB has modification time of '2026-01-01T00:09:57.3370932Z' while content on disk has modification time of '2026-01-01T00:10:00.5395182Z'
  ERROR: Build asset version error: assets/scripts/achievementtoast.cs in SourceAssetDB has modification time of '2026-01-01T00:09:57.3370932Z' while content on disk has modification time of '2026-01-01T00:10:00.5395182Z'
Number of updated asset objects reloaded before import = 0Number of asset objects unloaded after import = 0

========================================================================
Received Import Request.
  Time since last request: 0.000015 seconds.
  path: Assets/Scripts/AchievementToast.cs
  artifactKey: Guid(e5f35b464f4529f458653c5a9e75c3f0) Importer(815301076,1909f56bfc062723c751e8b465ee728b)
Start importing Assets/Scripts/AchievementToast.cs using Guid(e5f35b464f4529f458653c5a9e75c3f0) Importer(815301076,1909f56bfc062723c751e8b465ee728b) (PreviewImporter) -> (artifact id: '00000000000000000000000000000000') in 0.0005165 seconds
Import Error Code:(4)
Message: Build asset version error: assets/scripts/achievementtoast.cs in SourceAssetDB has modification time of '2026-01-01T00:09:57.3370932Z' while content on disk has modification time of '2026-01-01T00:10:00.5395182Z'
  ERROR: Build asset version error: assets/scripts/achievementtoast.cs in SourceAssetDB has modification time of '2026-01-01T00:09:57.3370932Z' while content on disk has modification time of '2026-01-01T00:10:00.5395182Z'
Number of updated asset objects reloaded before import = 0Number of asset objects unloaded after import = 0

========================================================================
Received Import Request.
  Time since last request: 0.000015 seconds.
  path: Assets/Scripts/AchievementToast.cs
  artifactKey: Guid(e5f35b464f4529f458653c5a9e75c3f0) Importer(815301076,1909f56bfc062723c751e8b465ee728b)
Start importing Assets/Scripts/AchievementToast.cs using Guid(e5f35b464f4529f458653c5a9e75c3f0) Importer(815301076,1909f56bfc062723c751e8b465ee728b) (PreviewImporter) -> (artifact id: '00000000000000000000000000000000') in 0.0005109 seconds
Import Error Code:(4)
Message: Build asset version error: assets/scripts/achievementtoast.cs in SourceAssetDB has modification time of '2026-01-01T00:09:57.3370932Z' while content on disk has modification time of '2026-01-01T00:10:00.5395182Z'
  ERROR: Build asset version error: assets/scripts/achievementtoast.cs in SourceAssetDB has modification time of '2026-01-01T00:09:57.3370932Z' while content on disk has modification time of '2026-01-01T00:10:00.5395182Z'
Number of updated asset objects reloaded before import = 0Number of asset objects unloaded after import = 0

========================================================================
Received Import Request.
  Time since last request: 0.000014 seconds.
  path: Assets/Scripts/AchievementToast.cs
  artifactKey: Guid(e5f35b464f4529f458653c5a9e75c3f0) Importer(815301076,1909f56bfc062723c751e8b465ee728b)
Start importing Assets/Scripts/AchievementToast.cs using Guid(e5f35b464f4529f458653c5a9e75c3f0) Importer(815301076,1909f56bfc062723c751e8b465ee728b) (PreviewImporter) -> (artifact id: '00000000000000000000000000000000') in 0.0005326 seconds
Import Error Code:(4)
Message: Build asset version error: assets/scripts/achievementtoast.cs in SourceAssetDB has modification time of '2026-01-01T00:09:57.3370932Z' while content on disk has modification time of '2026-01-01T00:10:00.5395182Z'
  ERROR: Build asset version error: assets/scripts/achievementtoast.cs in SourceAssetDB has modification time of '2026-01-01T00:09:57.3370932Z' while content on disk has modification time of '2026-01-01T00:10:00.5395182Z'
Number of updated asset objects reloaded before import = 0Number of asset objects unloaded after import = 0

========================================================================
Received Import Request.
  Time since last request: 0.000014 seconds.
  path: Assets/Scripts/AchievementToast.cs
  artifactKey: Guid(e5f35b464f4529f458653c5a9e75c3f0) Importer(815301076,1909f56bfc062723c751e8b465ee728b)
Start importing Assets/Scripts/AchievementToast.cs using Guid(e5f35b464f4529f458653c5a9e75c3f0) Importer(815301076,1909f56bfc062723c751e8b465ee728b) (PreviewImporter) -> (artifact id: '00000000000000000000000000000000') in 0.0005221 seconds
Import Error Code:(4)
Message: Build asset version error: assets/scripts/achievementtoast.cs in SourceAssetDB has modification time of '2026-01-01T00:09:57.3370932Z' while content on disk has modification time of '2026-01-01T00:10:00.5395182Z'
  ERROR: Build asset version error: assets/scripts/achievementtoast.cs in SourceAssetDB has modification time of '2026-01-01T00:09:57.3370932Z' while content on disk has modification time of '2026-01-01T00:10:00.5395182Z'
Number of updated asset objects reloaded before import = 0Number of asset objects unloaded after import = 0

========================================================================
Received Import Request.
  Time since last request: 0.000015 seconds.
  path: Assets/Scripts/AchievementToast.cs
  artifactKey: Guid(e5f35b464f4529f458653c5a9e75c3f0) Importer(815301076,1909f56bfc062723c751e8b465ee728b)
Start importing Assets/Scripts/AchievementToast.cs using Guid(e5f35b464f4529f458653c5a9e75c3f0) Importer(815301076,1909f56bfc062723c751e8b465ee728b) (PreviewImporter) -> (artifact id: '00000000000000000000000000000000') in 0.0004916 seconds
Import Error Code:(4)
Message: Build asset version error: assets/scripts/achievementtoast.cs in SourceAssetDB has modification time of '2026-01-01T00:09:57.3370932Z' while content on disk has modification time of '2026-01-01T00:10:00.5395182Z'
  ERROR: Build asset version error: assets/scripts/achievementtoast.cs in SourceAssetDB has modification time of '2026-01-01T00:09:57.3370932Z' while content on disk has modification time of '2026-01-01T00:10:00.5395182Z'
Number of updated asset objects reloaded before import = 0Number of asset objects unloaded after import = 0

========================================================================
Received Import Request.
  Time since last request: 0.000018 seconds.
  path: Assets/Scripts/AchievementToast.cs
  artifactKey: Guid(e5f35b464f4529f458653c5a9e75c3f0) Importer(815301076,1909f56bfc062723c751e8b465ee728b)
Start importing Assets/Scripts/AchievementToast.cs using Guid(e5f35b464f4529f458653c5a9e75c3f0) Importer(815301076,1909f56bfc062723c751e8b465ee728b) (PreviewImporter) -> (artifact id: '00000000000000000000000000000000') in 0.0004757 seconds
Import Error Code:(4)
Message: Build asset version error: assets/scripts/achievementtoast.cs in SourceAssetDB has modification time of '2026-01-01T00:09:57.3370932Z' while content on disk has modification time of '2026-01-01T00:10:00.5395182Z'
  ERROR: Build asset version error: assets/scripts/achievementtoast.cs in SourceAssetDB has modification time of '2026-01-01T00:09:57.3370932Z' while content on disk has modification time of '2026-01-01T00:10:00.5395182Z'
Number of updated asset objects reloaded before import = 0Number of asset objects unloaded after import = 0

========================================================================
Received Import Request.
  Time since last request: 0.000025 seconds.
  path: Assets/Scripts/AchievementToast.cs
  artifactKey: Guid(e5f35b464f4529f458653c5a9e75c3f0) Importer(815301076,1909f56bfc062723c751e8b465ee728b)
Start importing Assets/Scripts/AchievementToast.cs using Guid(e5f35b464f4529f458653c5a9e75c3f0) Importer(815301076,1909f56bfc062723c751e8b465ee728b) (PreviewImporter) -> (artifact id: '00000000000000000000000000000000') in 0.0004879 seconds
Import Error Code:(4)
Message: Build asset version error: assets/scripts/achievementtoast.cs in SourceAssetDB has modification time of '2026-01-01T00:09:57.3370932Z' while content on disk has modification time of '2026-01-01T00:10:00.5395182Z'
  ERROR: Build asset version error: assets/scripts/achievementtoast.cs in SourceAssetDB has modification time of '2026-01-01T00:09:57.3370932Z' while content on disk has modification time of '2026-01-01T00:10:00.5395182Z'
Number of updated asset objects reloaded before import = 0Number of asset objects unloaded after import = 0

========================================================================
Received Import Request.
  Time since last request: 0.000016 seconds.
  path: Assets/Scripts/AchievementToast.cs
  artifactKey: Guid(e5f35b464f4529f458653c5a9e75c3f0) Importer(815301076,1909f56bfc062723c751e8b465ee728b)
Start importing Assets/Scripts/AchievementToast.cs using Guid(e5f35b464f4529f458653c5a9e75c3f0) Importer(815301076,1909f56bfc062723c751e8b465ee728b) (PreviewImporter) -> (artifact id: '00000000000000000000000000000000') in 0.0006087 seconds
Import Error Code:(4)
Message: Build asset version error: assets/scripts/achievementtoast.cs in SourceAssetDB has modification time of '2026-01-01T00:09:57.3370932Z' while content on disk has modification time of '2026-01-01T00:10:00.5395182Z'
  ERROR: Build asset version error: assets/scripts/achievementtoast.cs in SourceAssetDB has modification time of '2026-01-01T00:09:57.3370932Z' while content on disk has modification time of '2026-01-01T00:10:00.5395182Z'
Number of updated asset objects reloaded before import = 0Number of asset objects unloaded after import = 0

========================================================================
Received Import Request.
  Time since last request: 0.000017 seconds.
  path: Assets/Scripts/AchievementToast.cs
  artifactKey: Guid(e5f35b464f4529f458653c5a9e75c3f0) Importer(815301076,1909f56bfc062723c751e8b465ee728b)
Start importing Assets/Scripts/AchievementToast.cs using Guid(e5f35b464f4529f458653c5a9e75c3f0) Importer(815301076,1909f56bfc062723c751e8b465ee728b) (PreviewImporter) -> (artifact id: '00000000000000000000000000000000') in 0.000559 seconds
Import Error Code:(4)
Message: Build asset version error: assets/scripts/achievementtoast.cs in SourceAssetDB has modification time of '2026-01-01T00:09:57.3370932Z' while content on disk has modification time of '2026-01-01T00:10:00.5395182Z'
  ERROR: Build asset version error: assets/scripts/achievementtoast.cs in SourceAssetDB has modification time of '2026-01-01T00:09:57.3370932Z' while content on disk has modification time of '2026-01-01T00:10:00.5395182Z'
Number of updated asset objects reloaded before import = 0Number of asset objects unloaded after import = 0

========================================================================
Received Import Request.
  Time since last request: 0.000016 seconds.
  path: Assets/Scripts/AchievementToast.cs
  artifactKey: Guid(e5f35b464f4529f458653c5a9e75c3f0) Importer(815301076,1909f56bfc062723c751e8b465ee728b)
Start importing Assets/Scripts/AchievementToast.cs using Guid(e5f35b464f4529f458653c5a9e75c3f0) Importer(815301076,1909f56bfc062723c751e8b465ee728b) (PreviewImporter) -> (artifact id: '00000000000000000000000000000000') in 0.0005296 seconds
Import Error Code:(4)
Message: Build asset version error: assets/scripts/achievementtoast.cs in SourceAssetDB has modification time of '2026-01-01T00:09:57.3370932Z' while content on disk has modification time of '2026-01-01T00:10:00.5395182Z'
  ERROR: Build asset version error: assets/scripts/achievementtoast.cs in SourceAssetDB has modification time of '2026-01-01T00:09:57.3370932Z' while content on disk has modification time of '2026-01-01T00:10:00.5395182Z'
Number of updated asset objects reloaded before import = 0Number of asset objects unloaded after import = 0

========================================================================
Received Import Request.
  Time since last request: 0.000016 seconds.
  path: Assets/Scripts/AchievementToast.cs
  artifactKey: Guid(e5f35b464f4529f458653c5a9e75c3f0) Importer(815301076,1909f56bfc062723c751e8b465ee728b)
Start importing Assets/Scripts/AchievementToast.cs using Guid(e5f35b464f4529f458653c5a9e75c3f0) Importer(815301076,1909f56bfc062723c751e8b465ee728b) (PreviewImporter) -> (artifact id: '00000000000000000000000000000000') in 0.0005035 seconds
Import Error Code:(4)
Message: Build asset version error: assets/scripts/achievementtoast.cs in SourceAssetDB has modification time of '2026-01-01T00:09:57.3370932Z' while content on disk has modification time of '2026-01-01T00:10:00.5395182Z'
  ERROR: Build asset version error: assets/scripts/achievementtoast.cs in SourceAssetDB has modification time of '2026-01-01T00:09:57.3370932Z' while content on disk has modification time of '2026-01-01T00:10:00.5395182Z'
Number of updated asset objects reloaded before import = 0Number of asset objects unloaded after import = 0

========================================================================
Received Import Request.
  Time since last request: 0.000015 seconds.
  path: Assets/Scripts/AchievementToast.cs
  artifactKey: Guid(e5f35b464f4529f458653c5a9e75c3f0) Importer(815301076,1909f56bfc062723c751e8b465ee728b)
Start importing Assets/Scripts/AchievementToast.cs using Guid(e5f35b464f4529f458653c5a9e75c3f0) Importer(815301076,1909f56bfc062723c751e8b465ee728b) (PreviewImporter) -> (artifact id: '00000000000000000000000000000000') in 0.0004754 seconds
Import Error Code:(4)
Message: Build asset version error: assets/scripts/achievementtoast.cs in SourceAssetDB has modification time of '2026-01-01T00:09:57.3370932Z' while content on disk has modification time of '2026-01-01T00:10:00.5395182Z'
  ERROR: Build asset version error: assets/scripts/achievementtoast.cs in SourceAssetDB has modification time of '2026-01-01T00:09:57.3370932Z' while content on disk has modification time of '2026-01-01T00:10:00.5395182Z'
Number of updated asset objects reloaded before import = 0Number of asset objects unloaded after import = 0

========================================================================
Received Import Request.
  Time since last request: 0.000015 seconds.
  path: Assets/Scripts/AchievementToast.cs
  artifactKey: Guid(e5f35b464f4529f458653c5a9e75c3f0) Importer(815301076,1909f56bfc062723c751e8b465ee728b)
Start importing Assets/Scripts/AchievementToast.cs using Guid(e5f35b464f4529f458653c5a9e75c3f0) Importer(815301076,1909f56bfc062723c751e8b465ee728b) (PreviewImporter) -> (artifact id: '00000000000000000000000000000000') in 0.0004771 seconds
Import Error Code:(4)
Message: Build asset version error: assets/scripts/achievementtoast.cs in SourceAssetDB has modification time of '2026-01-01T00:09:57.3370932Z' while content on disk has modification time of '2026-01-01T00:10:00.5395182Z'
  ERROR: Build asset version error: assets/scripts/achievementtoast.cs in SourceAssetDB has modification time of '2026-01-01T00:09:57.3370932Z' while content on disk has modification time of '2026-01-01T00:10:00.5395182Z'
Number of updated asset objects reloaded before import = 0Number of asset objects unloaded after import = 0

========================================================================
Received Import Request.
  Time since last request: 0.000015 seconds.
  path: Assets/Scripts/AchievementToast.cs
  artifactKey: Guid(e5f35b464f4529f458653c5a9e75c3f0) Importer(815301076,1909f56bfc062723c751e8b465ee728b)
Start importing Assets/Scripts/AchievementToast.cs using Guid(e5f35b464f4529f458653c5a9e75c3f0) Importer(815301076,1909f56bfc062723c751e8b465ee728b) (PreviewImporter) -> (artifact id: '00000000000000000000000000000000') in 0.0005088 seconds
Import Error Code:(4)
Message: Build asset version error: assets/scripts/achievementtoast.cs in SourceAssetDB has modification time of '2026-01-01T00:09:57.3370932Z' while content on disk has modification time of '2026-01-01T00:10:00.5395182Z'
  ERROR: Build asset version error: assets/scripts/achievementtoast.cs in SourceAssetDB has modification time of '2026-01-01T00:09:57.3370932Z' while content on disk has modification time of '2026-01-01T00:10:00.5395182Z'
Number of updated asset objects reloaded before import = 0Number of asset objects unloaded after import = 0

========================================================================
Received Import Request.
  Time since last request: 0.000016 seconds.
  path: Assets/Scripts/AchievementToast.cs
  artifactKey: Guid(e5f35b464f4529f458653c5a9e75c3f0) Importer(815301076,1909f56bfc062723c751e8b465ee728b)
Start importing Assets/Scripts/AchievementToast.cs using Guid(e5f35b464f4529f458653c5a9e75c3f0) Importer(815301076,1909f56bfc062723c751e8b465ee728b) (PreviewImporter) -> (artifact id: '00000000000000000000000000000000') in 0.0004961 seconds
Import Error Code:(4)
Message: Build asset version error: assets/scripts/achievementtoast.cs in SourceAssetDB has modification time of '2026-01-01T00:09:57.3370932Z' while content on disk has modification time of '2026-01-01T00:10:00.5395182Z'
  ERROR: Build asset version error: assets/scripts/achievementtoast.cs in SourceAssetDB has modification time of '2026-01-01T00:09:57.3370932Z' while content on disk has modification time of '2026-01-01T00:10:00.5395182Z'
Number of updated asset objects reloaded before import = 0Number of asset objects unloaded after import = 0

========================================================================
Received Import Request.
  Time since last request: 0.000021 seconds.
  path: Assets/Scripts/AchievementToast.cs
  artifactKey: Guid(e5f35b464f4529f458653c5a9e75c3f0) Importer(815301076,1909f56bfc062723c751e8b465ee728b)
Start importing Assets/Scripts/AchievementToast.cs using Guid(e5f35b464f4529f458653c5a9e75c3f0) Importer(815301076,1909f56bfc062723c751e8b465ee728b) (PreviewImporter) -> (artifact id: '00000000000000000000000000000000') in 0.0004615 seconds
Import Error Code:(4)
Message: Build asset version error: assets/scripts/achievementtoast.cs in SourceAssetDB has modification time of '2026-01-01T00:09:57.3370932Z' while content on disk has modification time of '2026-01-01T00:10:00.5395182Z'
  ERROR: Build asset version error: assets/scripts/achievementtoast.cs in SourceAssetDB has modification time of '2026-01-01T00:09:57.3370932Z' while content on disk has modification time of '2026-01-01T00:10:00.5395182Z'
Number of updated asset objects reloaded before import = 0Number of asset objects unloaded after import = 0

========================================================================
Received Import Request.
  Time since last request: 0.000027 seconds.
  path: Assets/Scripts/AchievementToast.cs
  artifactKey: Guid(e5f35b464f4529f458653c5a9e75c3f0) Importer(815301076,1909f56bfc062723c751e8b465ee728b)
Start importing Assets/Scripts/AchievementToast.cs using Guid(e5f35b464f4529f458653c5a9e75c3f0) Importer(815301076,1909f56bfc062723c751e8b465ee728b) (PreviewImporter) -> (artifact id: '00000000000000000000000000000000') in 0.0004966 seconds
Import Error Code:(4)
Message: Build asset version error: assets/scripts/achievementtoast.cs in SourceAssetDB has modification time of '2026-01-01T00:09:57.3370932Z' while content on disk has modification time of '2026-01-01T00:10:00.5395182Z'
  ERROR: Build asset version error: assets/scripts/achievementtoast.cs in SourceAssetDB has modification time of '2026-01-01T00:09:57.3370932Z' while content on disk has modification time of '2026-01-01T00:10:00.5395182Z'
Number of updated asset objects reloaded before import = 0Number of asset objects unloaded after import = 0

========================================================================
Received Import Request.
  Time since last request: 0.000015 seconds.
  path: Assets/Scripts/AchievementToast.cs
  artifactKey: Guid(e5f35b464f4529f458653c5a9e75c3f0) Importer(815301076,1909f56bfc062723c751e8b465ee728b)
Start importing Assets/Scripts/AchievementToast.cs using Guid(e5f35b464f4529f458653c5a9e75c3f0) Importer(815301076,1909f56bfc062723c751e8b465ee728b) (PreviewImporter) -> (artifact id: '00000000000000000000000000000000') in 0.0005254 seconds
Import Error Code:(4)
Message: Build asset version error: assets/scripts/achievementtoast.cs in SourceAssetDB has modification time of '2026-01-01T00:09:57.3370932Z' while content on disk has modification time of '2026-01-01T00:10:00.5395182Z'
  ERROR: Build asset version error: assets/scripts/achievementtoast.cs in SourceAssetDB has modification time of '2026-01-01T00:09:57.3370932Z' while content on disk has modification time of '2026-01-01T00:10:00.5395182Z'
Number of updated asset objects reloaded before import = 0Number of asset objects unloaded after import = 0

========================================================================
Received Import Request.
  Time since last request: 0.000015 seconds.
  path: Assets/Scripts/AchievementToast.cs
  artifactKey: Guid(e5f35b464f4529f458653c5a9e75c3f0) Importer(815301076,1909f56bfc062723c751e8b465ee728b)
Start importing Assets/Scripts/AchievementToast.cs using Guid(e5f35b464f4529f458653c5a9e75c3f0) Importer(815301076,1909f56bfc062723c751e8b465ee728b) (PreviewImporter) -> (artifact id: '00000000000000000000000000000000') in 0.0006998 seconds
Import Error Code:(4)
Message: Build asset version error: assets/scripts/achievementtoast.cs in SourceAssetDB has modification time of '2026-01-01T00:09:57.3370932Z' while content on disk has modification time of '2026-01-01T00:10:00.5395182Z'
  ERROR: Build asset version error: assets/scripts/achievementtoast.cs in SourceAssetDB has modification time of '2026-01-01T00:09:57.3370932Z' while content on disk has modification time of '2026-01-01T00:10:00.5395182Z'
Number of updated asset objects reloaded before import = 0Number of asset objects unloaded after import = 0

========================================================================
Received Import Request.
  Time since last request: 0.000014 seconds.
  path: Assets/Scripts/AchievementToast.cs
  artifactKey: Guid(e5f35b464f4529f458653c5a9e75c3f0) Importer(815301076,1909f56bfc062723c751e8b465ee728b)
Start importing Assets/Scripts/AchievementToast.cs using Guid(e5f35b464f4529f458653c5a9e75c3f0) Importer(815301076,1909f56bfc062723c751e8b465ee728b) (PreviewImporter) -> (artifact id: '00000000000000000000000000000000') in 0.0004648 seconds
Import Error Code:(4)
Message: Build asset version error: assets/scripts/achievementtoast.cs in SourceAssetDB has modification time of '2026-01-01T00:09:57.3370932Z' while content on disk has modification time of '2026-01-01T00:10:00.5395182Z'
  ERROR: Build asset version error: assets/scripts/achievementtoast.cs in SourceAssetDB has modification time of '2026-01-01T00:09:57.3370932Z' while content on disk has modification time of '2026-01-01T00:10:00.5395182Z'
Number of updated asset objects reloaded before import = 0Number of asset objects unloaded after import = 0

========================================================================
Received Import Request.
  Time since last request: 0.000016 seconds.
  path: Assets/Scripts/AchievementToast.cs
  artifactKey: Guid(e5f35b464f4529f458653c5a9e75c3f0) Importer(815301076,1909f56bfc062723c751e8b465ee728b)
Start importing Assets/Scripts/AchievementToast.cs using Guid(e5f35b464f4529f458653c5a9e75c3f0) Importer(815301076,1909f56bfc062723c751e8b465ee728b) (PreviewImporter) -> (artifact id: '00000000000000000000000000000000') in 0.0005039 seconds
Import Error Code:(4)
Message: Build asset version error: assets/scripts/achievementtoast.cs in SourceAssetDB has modification time of '2026-01-01T00:09:57.3370932Z' while content on disk has modification time of '2026-01-01T00:10:00.5395182Z'
  ERROR: Build asset version error: assets/scripts/achievementtoast.cs in SourceAssetDB has modification time of '2026-01-01T00:09:57.3370932Z' while content on disk has modification time of '2026-01-01T00:10:00.5395182Z'
Number of updated asset objects reloaded before import = 0Number of asset objects unloaded after import = 0

========================================================================
Received Import Request.
  Time since last request: 0.000015 seconds.
  path: Assets/Scripts/AchievementToast.cs
  artifactKey: Guid(e5f35b464f4529f458653c5a9e75c3f0) Importer(815301076,1909f56bfc062723c751e8b465ee728b)
Start importing Assets/Scripts/AchievementToast.cs using Guid(e5f35b464f4529f458653c5a9e75c3f0) Importer(815301076,1909f56bfc062723c751e8b465ee728b) (PreviewImporter) -> (artifact id: '00000000000000000000000000000000') in 0.0005941 seconds
Import Error Code:(4)
Message: Build asset version error: assets/scripts/achievementtoast.cs in SourceAssetDB has modification time of '2026-01-01T00:09:57.3370932Z' while content on disk has modification time of '2026-01-01T00:10:00.5395182Z'
  ERROR: Build asset version error: assets/scripts/achievementtoast.cs in SourceAssetDB has modification time of '2026-01-01T00:09:57.3370932Z' while content on disk has modification time of '2026-01-01T00:10:00.5395182Z'
Number of updated asset objects reloaded before import = 0Number of asset objects unloaded after import = 0

========================================================================
Received Import Request.
  Time since last request: 0.000017 seconds.
  path: Assets/Scripts/AchievementToast.cs
  artifactKey: Guid(e5f35b464f4529f458653c5a9e75c3f0) Importer(815301076,1909f56bfc062723c751e8b465ee728b)
Start importing Assets/Scripts/AchievementToast.cs using Guid(e5f35b464f4529f458653c5a9e75c3f0) Importer(815301076,1909f56bfc062723c751e8b465ee728b) (PreviewImporter) -> (artifact id: '00000000000000000000000000000000') in 0.0004917 seconds
Import Error Code:(4)
Message: Build asset version error: assets/scripts/achievementtoast.cs in SourceAssetDB has modification time of '2026-01-01T00:09:57.3370932Z' while content on disk has modification time of '2026-01-01T00:10:00.5395182Z'
  ERROR: Build asset version error: assets/scripts/achievementtoast.cs in SourceAssetDB has modification time of '2026-01-01T00:09:57.3370932Z' while content on disk has modification time of '2026-01-01T00:10:00.5395182Z'
Number of updated asset objects reloaded before import = 0Number of asset objects unloaded after import = 0

========================================================================
Received Import Request.
  Time since last request: 0.000017 seconds.
  path: Assets/Scripts/AchievementToast.cs
  artifactKey: Guid(e5f35b464f4529f458653c5a9e75c3f0) Importer(815301076,1909f56bfc062723c751e8b465ee728b)
Start importing Assets/Scripts/AchievementToast.cs using Guid(e5f35b464f4529f458653c5a9e75c3f0) Importer(815301076,1909f56bfc062723c751e8b465ee728b) (PreviewImporter) -> (artifact id: '00000000000000000000000000000000') in 0.0006135 seconds
Import Error Code:(4)
Message: Build asset version error: assets/scripts/achievementtoast.cs in SourceAssetDB has modification time of '2026-01-01T00:09:57.3370932Z' while content on disk has modification time of '2026-01-01T00:10:00.5395182Z'
  ERROR: Build asset version error: assets/scripts/achievementtoast.cs in SourceAssetDB has modification time of '2026-01-01T00:09:57.3370932Z' while content on disk has modification time of '2026-01-01T00:10:00.5395182Z'
Number of updated asset objects reloaded before import = 0Number of asset objects unloaded after import = 0

========================================================================
Received Import Request.
  Time since last request: 0.000016 seconds.
  path: Assets/Scripts/AchievementToast.cs
  artifactKey: Guid(e5f35b464f4529f458653c5a9e75c3f0) Importer(815301076,1909f56bfc062723c751e8b465ee728b)
Start importing Assets/Scripts/AchievementToast.cs using Guid(e5f35b464f4529f458653c5a9e75c3f0) Importer(815301076,1909f56bfc062723c751e8b465ee728b) (PreviewImporter) -> (artifact id: '00000000000000000000000000000000') in 0.0004686 seconds
Import Error Code:(4)
Message: Build asset version error: assets/scripts/achievementtoast.cs in SourceAssetDB has modification time of '2026-01-01T00:09:57.3370932Z' while content on disk has modification time of '2026-01-01T00:10:00.5395182Z'
  ERROR: Build asset version error: assets/scripts/achievementtoast.cs in SourceAssetDB has modification time of '2026-01-01T00:09:57.3370932Z' while content on disk has modification time of '2026-01-01T00:10:00.5395182Z'
Number of updated asset objects reloaded before import = 0Number of asset objects unloaded after import = 0

========================================================================
Received Import Request.
  Time since last request: 0.000024 seconds.
  path: Assets/Scripts/AchievementToast.cs
  artifactKey: Guid(e5f35b464f4529f458653c5a9e75c3f0) Importer(815301076,1909f56bfc062723c751e8b465ee728b)
Start importing Assets/Scripts/AchievementToast.cs using Guid(e5f35b464f4529f458653c5a9e75c3f0) Importer(815301076,1909f56bfc062723c751e8b465ee728b) (PreviewImporter) -> (artifact id: '00000000000000000000000000000000') in 0.000552 seconds
Import Error Code:(4)
Message: Build asset version error: assets/scripts/achievementtoast.cs in SourceAssetDB has modification time of '2026-01-01T00:09:57.3370932Z' while content on disk has modification time of '2026-01-01T00:10:00.5395182Z'
  ERROR: Build asset version error: assets/scripts/achievementtoast.cs in SourceAssetDB has modification time of '2026-01-01T00:09:57.3370932Z' while content on disk has modification time of '2026-01-01T00:10:00.5395182Z'
Number of updated asset objects reloaded before import = 0Number of asset objects unloaded after import = 0

========================================================================
Received Import Request.
  Time since last request: 0.000018 seconds.
  path: Assets/Scripts/AchievementToast.cs
  artifactKey: Guid(e5f35b464f4529f458653c5a9e75c3f0) Importer(815301076,1909f56bfc062723c751e8b465ee728b)
Start importing Assets/Scripts/AchievementToast.cs using Guid(e5f35b464f4529f458653c5a9e75c3f0) Importer(815301076,1909f56bfc062723c751e8b465ee728b) (PreviewImporter) -> (artifact id: '00000000000000000000000000000000') in 0.0005001 seconds
Import Error Code:(4)
Message: Build asset version error: assets/scripts/achievementtoast.cs in SourceAssetDB has modification time of '2026-01-01T00:09:57.3370932Z' while content on disk has modification time of '2026-01-01T00:10:00.5395182Z'
  ERROR: Build asset version error: assets/scripts/achievementtoast.cs in SourceAssetDB has modification time of '2026-01-01T00:09:57.3370932Z' while content on disk has modification time of '2026-01-01T00:10:00.5395182Z'
Number of updated asset objects reloaded before import = 0Number of asset objects unloaded after import = 0

========================================================================
Received Import Request.
  Time since last request: 0.000015 seconds.
  path: Assets/Scripts/AchievementToast.cs
  artifactKey: Guid(e5f35b464f4529f458653c5a9e75c3f0) Importer(815301076,1909f56bfc062723c751e8b465ee728b)
Start importing Assets/Scripts/AchievementToast.cs using Guid(e5f35b464f4529f458653c5a9e75c3f0) Importer(815301076,1909f56bfc062723c751e8b465ee728b) (PreviewImporter) -> (artifact id: '00000000000000000000000000000000') in 0.000549 seconds
Import Error Code:(4)
Message: Build asset version error: assets/scripts/achievementtoast.cs in SourceAssetDB has modification time of '2026-01-01T00:09:57.3370932Z' while content on disk has modification time of '2026-01-01T00:10:00.5395182Z'
  ERROR: Build asset version error: assets/scripts/achievementtoast.cs in SourceAssetDB has modification time of '2026-01-01T00:09:57.3370932Z' while content on disk has modification time of '2026-01-01T00:10:00.5395182Z'
Number of updated asset objects reloaded before import = 0Number of asset objects unloaded after import = 0

========================================================================
Received Import Request.
  Time since last request: 0.000016 seconds.
  path: Assets/Scripts/AchievementToast.cs
  artifactKey: Guid(e5f35b464f4529f458653c5a9e75c3f0) Importer(815301076,1909f56bfc062723c751e8b465ee728b)
Start importing Assets/Scripts/AchievementToast.cs using Guid(e5f35b464f4529f458653c5a9e75c3f0) Importer(815301076,1909f56bfc062723c751e8b465ee728b) (PreviewImporter) -> (artifact id: '00000000000000000000000000000000') in 0.0005112 seconds
Import Error Code:(4)
Message: Build asset version error: assets/scripts/achievementtoast.cs in SourceAssetDB has modification time of '2026-01-01T00:09:57.3370932Z' while content on disk has modification time of '2026-01-01T00:10:00.5395182Z'
  ERROR: Build asset version error: assets/scripts/achievementtoast.cs in SourceAssetDB has modification time of '2026-01-01T00:09:57.3370932Z' while content on disk has modification time of '2026-01-01T00:10:00.5395182Z'
Number of updated asset objects reloaded before import = 0Number of asset objects unloaded after import = 0

========================================================================
Received Import Request.
  Time since last request: 0.000015 seconds.
  path: Assets/Scripts/AchievementToast.cs
  artifactKey: Guid(e5f35b464f4529f458653c5a9e75c3f0) Importer(815301076,1909f56bfc062723c751e8b465ee728b)
Start importing Assets/Scripts/AchievementToast.cs using Guid(e5f35b464f4529f458653c5a9e75c3f0) Importer(815301076,1909f56bfc062723c751e8b465ee728b) (PreviewImporter) -> (artifact id: '00000000000000000000000000000000') in 0.0004768 seconds
Import Error Code:(4)
Message: Build asset version error: assets/scripts/achievementtoast.cs in SourceAssetDB has modification time of '2026-01-01T00:09:57.3370932Z' while content on disk has modification time of '2026-01-01T00:10:00.5395182Z'
  ERROR: Build asset version error: assets/scripts/achievementtoast.cs in SourceAssetDB has modification time of '2026-01-01T00:09:57.3370932Z' while content on disk has modification time of '2026-01-01T00:10:00.5395182Z'
Number of updated asset objects reloaded before import = 0Number of asset objects unloaded after import = 0

========================================================================
Received Import Request.
  Time since last request: 0.000014 seconds.
  path: Assets/Scripts/AchievementToast.cs
  artifactKey: Guid(e5f35b464f4529f458653c5a9e75c3f0) Importer(815301076,1909f56bfc062723c751e8b465ee728b)
Start importing Assets/Scripts/AchievementToast.cs using Guid(e5f35b464f4529f458653c5a9e75c3f0) Importer(815301076,1909f56bfc062723c751e8b465ee728b) (PreviewImporter) -> (artifact id: '00000000000000000000000000000000') in 0.0004509 seconds
Import Error Code:(4)
Message: Build asset version error: assets/scripts/achievementtoast.cs in SourceAssetDB has modification time of '2026-01-01T00:09:57.3370932Z' while content on disk has modification time of '2026-01-01T00:10:00.5395182Z'
  ERROR: Build asset version error: assets/scripts/achievementtoast.cs in SourceAssetDB has modification time of '2026-01-01T00:09:57.3370932Z' while content on disk has modification time of '2026-01-01T00:10:00.5395182Z'
Number of updated asset objects reloaded before import = 0Number of asset objects unloaded after import = 0

========================================================================
Received Import Request.
  Time since last request: 0.000017 seconds.
  path: Assets/Scripts/AchievementToast.cs
  artifactKey: Guid(e5f35b464f4529f458653c5a9e75c3f0) Importer(815301076,1909f56bfc062723c751e8b465ee728b)
Start importing Assets/Scripts/AchievementToast.cs using Guid(e5f35b464f4529f458653c5a9e75c3f0) Importer(815301076,1909f56bfc062723c751e8b465ee728b) (PreviewImporter) -> (artifact id: '00000000000000000000000000000000') in 0.0005331 seconds
Import Error Code:(4)
Message: Build asset version error: assets/scripts/achievementtoast.cs in SourceAssetDB has modification time of '2026-01-01T00:09:57.3370932Z' while content on disk has modification time of '2026-01-01T00:10:00.5395182Z'
  ERROR: Build asset version error: assets/scripts/achievementtoast.cs in SourceAssetDB has modification time of '2026-01-01T00:09:57.3370932Z' while content on disk has modification time of '2026-01-01T00:10:00.5395182Z'
Number of updated asset objects reloaded before import = 0Number of asset objects unloaded after import = 0

========================================================================
Received Import Request.
  Time since last request: 0.000019 seconds.
  path: Assets/Scripts/AchievementToast.cs
  artifactKey: Guid(e5f35b464f4529f458653c5a9e75c3f0) Importer(815301076,1909f56bfc062723c751e8b465ee728b)
Start importing Assets/Scripts/AchievementToast.cs using Guid(e5f35b464f4529f458653c5a9e75c3f0) Importer(815301076,1909f56bfc062723c751e8b465ee728b) (PreviewImporter) -> (artifact id: '00000000000000000000000000000000') in 0.0005617 seconds
Import Error Code:(4)
Message: Build asset version error: assets/scripts/achievementtoast.cs in SourceAssetDB has modification time of '2026-01-01T00:09:57.3370932Z' while content on disk has modification time of '2026-01-01T00:10:00.5395182Z'
  ERROR: Build asset version error: assets/scripts/achievementtoast.cs in SourceAssetDB has modification time of '2026-01-01T00:09:57.3370932Z' while content on disk has modification time of '2026-01-01T00:10:00.5395182Z'
Number of updated asset objects reloaded before import = 0Number of asset objects unloaded after import = 0

========================================================================
Received Import Request.
  Time since last request: 0.000018 seconds.
  path: Assets/Scripts/AchievementToast.cs
  artifactKey: Guid(e5f35b464f4529f458653c5a9e75c3f0) Importer(815301076,1909f56bfc062723c751e8b465ee728b)
Start importing Assets/Scripts/AchievementToast.cs using Guid(e5f35b464f4529f458653c5a9e75c3f0) Importer(815301076,1909f56bfc062723c751e8b465ee728b) (PreviewImporter) -> (artifact id: '00000000000000000000000000000000') in 0.0004752 seconds
Import Error Code:(4)
Message: Build asset version error: assets/scripts/achievementtoast.cs in SourceAssetDB has modification time of '2026-01-01T00:09:57.3370932Z' while content on disk has modification time of '2026-01-01T00:10:00.5395182Z'
  ERROR: Build asset version error: assets/scripts/achievementtoast.cs in SourceAssetDB has modification time of '2026-01-01T00:09:57.3370932Z' while content on disk has modification time of '2026-01-01T00:10:00.5395182Z'
Number of updated asset objects reloaded before import = 0Number of asset objects unloaded after import = 0

========================================================================
Received Import Request.
  Time since last request: 0.000019 seconds.
  path: Assets/Scripts/AchievementToast.cs
  artifactKey: Guid(e5f35b464f4529f458653c5a9e75c3f0) Importer(815301076,1909f56bfc062723c751e8b465ee728b)
Start importing Assets/Scripts/AchievementToast.cs using Guid(e5f35b464f4529f458653c5a9e75c3f0) Importer(815301076,1909f56bfc062723c751e8b465ee728b) (PreviewImporter) -> (artifact id: '00000000000000000000000000000000') in 0.0005511 seconds
Import Error Code:(4)
Message: Build asset version error: assets/scripts/achievementtoast.cs in SourceAssetDB has modification time of '2026-01-01T00:09:57.3370932Z' while content on disk has modification time of '2026-01-01T00:10:00.5395182Z'
  ERROR: Build asset version error: assets/scripts/achievementtoast.cs in SourceAssetDB has modification time of '2026-01-01T00:09:57.3370932Z' while content on disk has modification time of '2026-01-01T00:10:00.5395182Z'
Number of updated asset objects reloaded before import = 0Number of asset objects unloaded after import = 0

========================================================================
Received Import Request.
  Time since last request: 0.000024 seconds.
  path: Assets/Scripts/AchievementToast.cs
  artifactKey: Guid(e5f35b464f4529f458653c5a9e75c3f0) Importer(815301076,1909f56bfc062723c751e8b465ee728b)
Start importing Assets/Scripts/AchievementToast.cs using Guid(e5f35b464f4529f458653c5a9e75c3f0) Importer(815301076,1909f56bfc062723c751e8b465ee728b) (PreviewImporter) -> (artifact id: '00000000000000000000000000000000') in 0.000485 seconds
Import Error Code:(4)
Message: Build asset version error: assets/scripts/achievementtoast.cs in SourceAssetDB has modification time of '2026-01-01T00:09:57.3370932Z' while content on disk has modification time of '2026-01-01T00:10:00.5395182Z'
  ERROR: Build asset version error: assets/scripts/achievementtoast.cs in SourceAssetDB has modification time of '2026-01-01T00:09:57.3370932Z' while content on disk has modification time of '2026-01-01T00:10:00.5395182Z'
Number of updated asset objects reloaded before import = 0Number of asset objects unloaded after import = 0

========================================================================
Received Import Request.
  Time since last request: 0.000016 seconds.
  path: Assets/Scripts/AchievementToast.cs
  artifactKey: Guid(e5f35b464f4529f458653c5a9e75c3f0) Importer(815301076,1909f56bfc062723c751e8b465ee728b)
Start importing Assets/Scripts/AchievementToast.cs using Guid(e5f35b464f4529f458653c5a9e75c3f0) Importer(815301076,1909f56bfc062723c751e8b465ee728b) (PreviewImporter) -> (artifact id: '00000000000000000000000000000000') in 0.0004563 seconds
Import Error Code:(4)
Message: Build asset version error: assets/scripts/achievementtoast.cs in SourceAssetDB has modification time of '2026-01-01T00:09:57.3370932Z' while content on disk has modification time of '2026-01-01T00:10:00.5395182Z'
  ERROR: Build asset version error: assets/scripts/achievementtoast.cs in SourceAssetDB has modification time of '2026-01-01T00:09:57.3370932Z' while content on disk has modification time of '2026-01-01T00:10:00.5395182Z'
Number of updated asset objects reloaded before import = 0Number of asset objects unloaded after import = 0

========================================================================
Received Import Request.
  Time since last request: 0.000015 seconds.
  path: Assets/Scripts/AchievementToast.cs
  artifactKey: Guid(e5f35b464f4529f458653c5a9e75c3f0) Importer(815301076,1909f56bfc062723c751e8b465ee728b)
Start importing Assets/Scripts/AchievementToast.cs using Guid(e5f35b464f4529f458653c5a9e75c3f0) Importer(815301076,1909f56bfc062723c751e8b465ee728b) (PreviewImporter) -> (artifact id: '00000000000000000000000000000000') in 0.0004806 seconds
Import Error Code:(4)
Message: Build asset version error: assets/scripts/achievementtoast.cs in SourceAssetDB has modification time of '2026-01-01T00:09:57.3370932Z' while content on disk has modification time of '2026-01-01T00:10:00.5395182Z'
  ERROR: Build asset version error: assets/scripts/achievementtoast.cs in SourceAssetDB has modification time of '2026-01-01T00:09:57.3370932Z' while content on disk has modification time of '2026-01-01T00:10:00.5395182Z'
Number of updated asset objects reloaded before import = 0Number of asset objects unloaded after import = 0

========================================================================
Received Import Request.
  Time since last request: 0.000016 seconds.
  path: Assets/Scripts/AchievementToast.cs
  artifactKey: Guid(e5f35b464f4529f458653c5a9e75c3f0) Importer(815301076,1909f56bfc062723c751e8b465ee728b)
Start importing Assets/Scripts/AchievementToast.cs using Guid(e5f35b464f4529f458653c5a9e75c3f0) Importer(815301076,1909f56bfc062723c751e8b465ee728b) (PreviewImporter) -> (artifact id: '00000000000000000000000000000000') in 0.0005188 seconds
Import Error Code:(4)
Message: Build asset version error: assets/scripts/achievementtoast.cs in SourceAssetDB has modification time of '2026-01-01T00:09:57.3370932Z' while content on disk has modification time of '2026-01-01T00:10:00.5395182Z'
  ERROR: Build asset version error: assets/scripts/achievementtoast.cs in SourceAssetDB has modification time of '2026-01-01T00:09:57.3370932Z' while content on disk has modification time of '2026-01-01T00:10:00.5395182Z'
Number of updated asset objects reloaded before import = 0Number of asset objects unloaded after import = 0

========================================================================
Received Import Request.
  Time since last request: 0.000016 seconds.
  path: Assets/Scripts/AchievementToast.cs
  artifactKey: Guid(e5f35b464f4529f458653c5a9e75c3f0) Importer(815301076,1909f56bfc062723c751e8b465ee728b)
Start importing Assets/Scripts/AchievementToast.cs using Guid(e5f35b464f4529f458653c5a9e75c3f0) Importer(815301076,1909f56bfc062723c751e8b465ee728b) (PreviewImporter) -> (artifact id: '00000000000000000000000000000000') in 0.0005082 seconds
Import Error Code:(4)
Message: Build asset version error: assets/scripts/achievementtoast.cs in SourceAssetDB has modification time of '2026-01-01T00:09:57.3370932Z' while content on disk has modification time of '2026-01-01T00:10:00.5395182Z'
  ERROR: Build asset version error: assets/scripts/achievementtoast.cs in SourceAssetDB has modification time of '2026-01-01T00:09:57.3370932Z' while content on disk has modification time of '2026-01-01T00:10:00.5395182Z'
Number of updated asset objects reloaded before import = 0Number of asset objects unloaded after import = 0

========================================================================
Received Import Request.
  Time since last request: 0.000016 seconds.
  path: Assets/Scripts/AchievementToast.cs
  artifactKey: Guid(e5f35b464f4529f458653c5a9e75c3f0) Importer(815301076,1909f56bfc062723c751e8b465ee728b)
Start importing Assets/Scripts/AchievementToast.cs using Guid(e5f35b464f4529f458653c5a9e75c3f0) Importer(815301076,1909f56bfc062723c751e8b465ee728b) (PreviewImporter) -> (artifact id: '00000000000000000000000000000000') in 0.0005884 seconds
Import Error Code:(4)
Message: Build asset version error: assets/scripts/achievementtoast.cs in SourceAssetDB has modification time of '2026-01-01T00:09:57.3370932Z' while content on disk has modification time of '2026-01-01T00:10:00.5395182Z'
  ERROR: Build asset version error: assets/scripts/achievementtoast.cs in SourceAssetDB has modification time of '2026-01-01T00:09:57.3370932Z' while content on disk has modification time of '2026-01-01T00:10:00.5395182Z'
Number of updated asset objects reloaded before import = 0Number of asset objects unloaded after import = 0

========================================================================
Received Import Request.
  Time since last request: 0.000017 seconds.
  path: Assets/Scripts/AchievementToast.cs
  artifactKey: Guid(e5f35b464f4529f458653c5a9e75c3f0) Importer(815301076,1909f56bfc062723c751e8b465ee728b)
Start importing Assets/Scripts/AchievementToast.cs using Guid(e5f35b464f4529f458653c5a9e75c3f0) Importer(815301076,1909f56bfc062723c751e8b465ee728b) (PreviewImporter) -> (artifact id: '00000000000000000000000000000000') in 0.0005212 seconds
Import Error Code:(4)
Message: Build asset version error: assets/scripts/achievementtoast.cs in SourceAssetDB has modification time of '2026-01-01T00:09:57.3370932Z' while content on disk has modification time of '2026-01-01T00:10:00.5395182Z'
  ERROR: Build asset version error: assets/scripts/achievementtoast.cs in SourceAssetDB has modification time of '2026-01-01T00:09:57.3370932Z' while content on disk has modification time of '2026-01-01T00:10:00.5395182Z'
Number of updated asset objects reloaded before import = 0Number of asset objects unloaded after import = 0

========================================================================
Received Import Request.
  Time since last request: 0.000016 seconds.
  path: Assets/Scripts/AchievementToast.cs
  artifactKey: Guid(e5f35b464f4529f458653c5a9e75c3f0) Importer(815301076,1909f56bfc062723c751e8b465ee728b)
Start importing Assets/Scripts/AchievementToast.cs using Guid(e5f35b464f4529f458653c5a9e75c3f0) Importer(815301076,1909f56bfc062723c751e8b465ee728b) (PreviewImporter) -> (artifact id: '00000000000000000000000000000000') in 0.0005531 seconds
Import Error Code:(4)
Message: Build asset version error: assets/scripts/achievementtoast.cs in SourceAssetDB has modification time of '2026-01-01T00:09:57.3370932Z' while content on disk has modification time of '2026-01-01T00:10:00.5395182Z'
  ERROR: Build asset version error: assets/scripts/achievementtoast.cs in SourceAssetDB has modification time of '2026-01-01T00:09:57.3370932Z' while content on disk has modification time of '2026-01-01T00:10:00.5395182Z'
Number of updated asset objects reloaded before import = 0Number of asset objects unloaded after import = 0

========================================================================
Received Import Request.
  Time since last request: 0.000017 seconds.
  path: Assets/Scripts/AchievementToast.cs
  artifactKey: Guid(e5f35b464f4529f458653c5a9e75c3f0) Importer(815301076,1909f56bfc062723c751e8b465ee728b)
Start importing Assets/Scripts/AchievementToast.cs using Guid(e5f35b464f4529f458653c5a9e75c3f0) Importer(815301076,1909f56bfc062723c751e8b465ee728b) (PreviewImporter) -> (artifact id: '00000000000000000000000000000000') in 0.0004761 seconds
Import Error Code:(4)
Message: Build asset version error: assets/scripts/achievementtoast.cs in SourceAssetDB has modification time of '2026-01-01T00:09:57.3370932Z' while content on disk has modification time of '2026-01-01T00:10:00.5395182Z'
  ERROR: Build asset version error: assets/scripts/achievementtoast.cs in SourceAssetDB has modification time of '2026-01-01T00:09:57.3370932Z' while content on disk has modification time of '2026-01-01T00:10:00.5395182Z'
Number of updated asset objects reloaded before import = 0Number of asset objects unloaded after import = 0

========================================================================
Received Import Request.
  Time since last request: 0.000019 seconds.
  path: Assets/Scripts/AchievementToast.cs
  artifactKey: Guid(e5f35b464f4529f458653c5a9e75c3f0) Importer(815301076,1909f56bfc062723c751e8b465ee728b)
Start importing Assets/Scripts/AchievementToast.cs using Guid(e5f35b464f4529f458653c5a9e75c3f0) Importer(815301076,1909f56bfc062723c751e8b465ee728b) (PreviewImporter) -> (artifact id: '00000000000000000000000000000000') in 0.000488 seconds
Import Error Code:(4)
Message: Build asset version error: assets/scripts/achievementtoast.cs in SourceAssetDB has modification time of '2026-01-01T00:09:57.3370932Z' while content on disk has modification time of '2026-01-01T00:10:00.5395182Z'
  ERROR: Build asset version error: assets/scripts/achievementtoast.cs in SourceAssetDB has modification time of '2026-01-01T00:09:57.3370932Z' while content on disk has modification time of '2026-01-01T00:10:00.5395182Z'
Number of updated asset objects reloaded before import = 0Number of asset objects unloaded after import = 0

========================================================================
Received Import Request.
  Time since last request: 0.000030 seconds.
  path: Assets/Scripts/AchievementToast.cs
  artifactKey: Guid(e5f35b464f4529f458653c5a9e75c3f0) Importer(815301076,1909f56bfc062723c751e8b465ee728b)
Start importing Assets/Scripts/AchievementToast.cs using Guid(e5f35b464f4529f458653c5a9e75c3f0) Importer(815301076,1909f56bfc062723c751e8b465ee728b) (PreviewImporter) -> (artifact id: '00000000000000000000000000000000') in 0.0005269 seconds
Import Error Code:(4)
Message: Build asset version error: assets/scripts/achievementtoast.cs in SourceAssetDB has modification time of '2026-01-01T00:09:57.3370932Z' while content on disk has modification time of '2026-01-01T00:10:00.5395182Z'
  ERROR: Build asset version error: assets/scripts/achievementtoast.cs in SourceAssetDB has modification time of '2026-01-01T00:09:57.3370932Z' while content on disk has modification time of '2026-01-01T00:10:00.5395182Z'
Number of updated asset objects reloaded before import = 0Number of asset objects unloaded after import = 0

========================================================================
Received Import Request.
  Time since last request: 0.000017 seconds.
  path: Assets/Scripts/AchievementToast.cs
  artifactKey: Guid(e5f35b464f4529f458653c5a9e75c3f0) Importer(815301076,1909f56bfc062723c751e8b465ee728b)
Start importing Assets/Scripts/AchievementToast.cs using Guid(e5f35b464f4529f458653c5a9e75c3f0) Importer(815301076,1909f56bfc062723c751e8b465ee728b) (PreviewImporter) -> (artifact id: '00000000000000000000000000000000') in 0.0005827 seconds
Import Error Code:(4)
Message: Build asset version error: assets/scripts/achievementtoast.cs in SourceAssetDB has modification time of '2026-01-01T00:09:57.3370932Z' while content on disk has modification time of '2026-01-01T00:10:00.5395182Z'
  ERROR: Build asset version error: assets/scripts/achievementtoast.cs in SourceAssetDB has modification time of '2026-01-01T00:09:57.3370932Z' while content on disk has modification time of '2026-01-01T00:10:00.5395182Z'
Number of updated asset objects reloaded before import = 0Number of asset objects unloaded after import = 0

========================================================================
Received Import Request.
  Time since last request: 0.000016 seconds.
  path: Assets/Scripts/AchievementToast.cs
  artifactKey: Guid(e5f35b464f4529f458653c5a9e75c3f0) Importer(815301076,1909f56bfc062723c751e8b465ee728b)
Start importing Assets/Scripts/AchievementToast.cs using Guid(e5f35b464f4529f458653c5a9e75c3f0) Importer(815301076,1909f56bfc062723c751e8b465ee728b) (PreviewImporter) -> (artifact id: '00000000000000000000000000000000') in 0.0006021 seconds
Import Error Code:(4)
Message: Build asset version error: assets/scripts/achievementtoast.cs in SourceAssetDB has modification time of '2026-01-01T00:09:57.3370932Z' while content on disk has modification time of '2026-01-01T00:10:00.5395182Z'
  ERROR: Build asset version error: assets/scripts/achievementtoast.cs in SourceAssetDB has modification time of '2026-01-01T00:09:57.3370932Z' while content on disk has modification time of '2026-01-01T00:10:00.5395182Z'
Number of updated asset objects reloaded before import = 0Number of asset objects unloaded after import = 0

========================================================================
Received Import Request.
  Time since last request: 0.000019 seconds.
  path: Assets/Scripts/AchievementToast.cs
  artifactKey: Guid(e5f35b464f4529f458653c5a9e75c3f0) Importer(815301076,1909f56bfc062723c751e8b465ee728b)
Start importing Assets/Scripts/AchievementToast.cs using Guid(e5f35b464f4529f458653c5a9e75c3f0) Importer(815301076,1909f56bfc062723c751e8b465ee728b) (PreviewImporter) -> (artifact id: '00000000000000000000000000000000') in 0.0005224 seconds
Import Error Code:(4)
Message: Build asset version error: assets/scripts/achievementtoast.cs in SourceAssetDB has modification time of '2026-01-01T00:09:57.3370932Z' while content on disk has modification time of '2026-01-01T00:10:00.5395182Z'
  ERROR: Build asset version error: assets/scripts/achievementtoast.cs in SourceAssetDB has modification time of '2026-01-01T00:09:57.3370932Z' while content on disk has modification time of '2026-01-01T00:10:00.5395182Z'
Number of updated asset objects reloaded before import = 0Number of asset objects unloaded after import = 0

========================================================================
Received Import Request.
  Time since last request: 0.000018 seconds.
  path: Assets/Scripts/AchievementToast.cs
  artifactKey: Guid(e5f35b464f4529f458653c5a9e75c3f0) Importer(815301076,1909f56bfc062723c751e8b465ee728b)
Start importing Assets/Scripts/AchievementToast.cs using Guid(e5f35b464f4529f458653c5a9e75c3f0) Importer(815301076,1909f56bfc062723c751e8b465ee728b) (PreviewImporter) -> (artifact id: '00000000000000000000000000000000') in 0.0004745 seconds
Import Error Code:(4)
Message: Build asset version error: assets/scripts/achievementtoast.cs in SourceAssetDB has modification time of '2026-01-01T00:09:57.3370932Z' while content on disk has modification time of '2026-01-01T00:10:00.5395182Z'
  ERROR: Build asset version error: assets/scripts/achievementtoast.cs in SourceAssetDB has modification time of '2026-01-01T00:09:57.3370932Z' while content on disk has modification time of '2026-01-01T00:10:00.5395182Z'
Number of updated asset objects reloaded before import = 0Number of asset objects unloaded after import = 0

========================================================================
Received Import Request.
  Time since last request: 0.053484 seconds.
  path: Assets/Scripts/AchievementToast.cs
  artifactKey: Guid(e5f35b464f4529f458653c5a9e75c3f0) Importer(815301076,1909f56bfc062723c751e8b465ee728b)
Start importing Assets/Scripts/AchievementToast.cs using Guid(e5f35b464f4529f458653c5a9e75c3f0) Importer(815301076,1909f56bfc062723c751e8b465ee728b) (PreviewImporter) -> (artifact id: '00000000000000000000000000000000') in 0.0004396 seconds
Import Error Code:(4)
Message: Build asset version error: assets/scripts/achievementtoast.cs in SourceAssetDB has modification time of '2026-01-01T00:09:57.3370932Z' while content on disk has modification time of '2026-01-01T00:10:00.5395182Z'
  ERROR: Build asset version error: assets/scripts/achievementtoast.cs in SourceAssetDB has modification time of '2026-01-01T00:09:57.3370932Z' while content on disk has modification time of '2026-01-01T00:10:00.5395182Z'
Number of updated asset objects reloaded before import = 0Number of asset objects unloaded after import = 0

========================================================================
Received Import Request.
  Time since last request: 0.053507 seconds.
  path: Assets/Scripts/AchievementToast.cs
  artifactKey: Guid(e5f35b464f4529f458653c5a9e75c3f0) Importer(815301076,1909f56bfc062723c751e8b465ee728b)
Start importing Assets/Scripts/AchievementToast.cs using Guid(e5f35b464f4529f458653c5a9e75c3f0) Importer(815301076,1909f56bfc062723c751e8b465ee728b) (PreviewImporter) -> (artifact id: '00000000000000000000000000000000') in 0.0004483 seconds
Import Error Code:(4)
Message: Build asset version error: assets/scripts/achievementtoast.cs in SourceAssetDB has modification time of '2026-01-01T00:09:57.3370932Z' while content on disk has modification time of '2026-01-01T00:10:00.5395182Z'
  ERROR: Build asset version error: assets/scripts/achievementtoast.cs in SourceAssetDB has modification time of '2026-01-01T00:09:57.3370932Z' while content on disk has modification time of '2026-01-01T00:10:00.5395182Z'
Number of updated asset objects reloaded before import = 0Number of asset objects unloaded after import = 0

========================================================================
Received Import Request.
  Time since last request: 0.020525 seconds.
  path: Assets/Scripts/AchievementToast.cs
  artifactKey: Guid(e5f35b464f4529f458653c5a9e75c3f0) Importer(815301076,1909f56bfc062723c751e8b465ee728b)
Start importing Assets/Scripts/AchievementToast.cs using Guid(e5f35b464f4529f458653c5a9e75c3f0) Importer(815301076,1909f56bfc062723c751e8b465ee728b) (PreviewImporter) -> (artifact id: '00000000000000000000000000000000') in 0.0004999 seconds
Import Error Code:(4)
Message: Build asset version error: assets/scripts/achievementtoast.cs in SourceAssetDB has modification time of '2026-01-01T00:09:57.3370932Z' while content on disk has modification time of '2026-01-01T00:10:00.5395182Z'
  ERROR: Build asset version error: assets/scripts/achievementtoast.cs in SourceAssetDB has modification time of '2026-01-01T00:09:57.3370932Z' while content on disk has modification time of '2026-01-01T00:10:00.5395182Z'
Number of updated asset objects reloaded before import = 0Number of asset objects unloaded after import = 0

========================================================================
Received Import Request.
  Time since last request: 0.000015 seconds.
  path: Assets/Scripts/AchievementToast.cs
  artifactKey: Guid(e5f35b464f4529f458653c5a9e75c3f0) Importer(815301076,1909f56bfc062723c751e8b465ee728b)
Start importing Assets/Scripts/AchievementToast.cs using Guid(e5f35b464f4529f458653c5a9e75c3f0) Importer(815301076,1909f56bfc062723c751e8b465ee728b) (PreviewImporter) -> (artifact id: '00000000000000000000000000000000') in 0.0007992 seconds
Import Error Code:(4)
Message: Build asset version error: assets/scripts/achievementtoast.cs in SourceAssetDB has modification time of '2026-01-01T00:09:57.3370932Z' while content on disk has modification time of '2026-01-01T00:10:00.5395182Z'
  ERROR: Build asset version error: assets/scripts/achievementtoast.cs in SourceAssetDB has modification time of '2026-01-01T00:09:57.3370932Z' while content on disk has modification time of '2026-01-01T00:10:00.5395182Z'
Number of updated asset objects reloaded before import = 0Number of asset objects unloaded after import = 0

========================================================================
Received Import Request.
  Time since last request: 0.000017 seconds.
  path: Assets/Scripts/AchievementToast.cs
  artifactKey: Guid(e5f35b464f4529f458653c5a9e75c3f0) Importer(815301076,1909f56bfc062723c751e8b465ee728b)
Start importing Assets/Scripts/AchievementToast.cs using Guid(e5f35b464f4529f458653c5a9e75c3f0) Importer(815301076,1909f56bfc062723c751e8b465ee728b) (PreviewImporter) -> (artifact id: '00000000000000000000000000000000') in 0.0004935 seconds
Import Error Code:(4)
Message: Build asset version error: assets/scripts/achievementtoast.cs in SourceAssetDB has modification time of '2026-01-01T00:09:57.3370932Z' while content on disk has modification time of '2026-01-01T00:10:00.5395182Z'
  ERROR: Build asset version error: assets/scripts/achievementtoast.cs in SourceAssetDB has modification time of '2026-01-01T00:09:57.3370932Z' while content on disk has modification time of '2026-01-01T00:10:00.5395182Z'
Number of updated asset objects reloaded before import = 0Number of asset objects unloaded after import = 0

========================================================================
Received Import Request.
  Time since last request: 0.051980 seconds.
  path: Assets/Scripts/AchievementToast.cs
  artifactKey: Guid(e5f35b464f4529f458653c5a9e75c3f0) Importer(815301076,1909f56bfc062723c751e8b465ee728b)
Start importing Assets/Scripts/AchievementToast.cs using Guid(e5f35b464f4529f458653c5a9e75c3f0) Importer(815301076,1909f56bfc062723c751e8b465ee728b) (PreviewImporter) -> (artifact id: '00000000000000000000000000000000') in 0.0004599 seconds
Import Error Code:(4)
Message: Build asset version error: assets/scripts/achievementtoast.cs in SourceAssetDB has modification time of '2026-01-01T00:09:57.3370932Z' while content on disk has modification time of '2026-01-01T00:10:00.5395182Z'
  ERROR: Build asset version error: assets/scripts/achievementtoast.cs in SourceAssetDB has modification time of '2026-01-01T00:09:57.3370932Z' while content on disk has modification time of '2026-01-01T00:10:00.5395182Z'
Number of updated asset objects reloaded before import = 0Number of asset objects unloaded after import = 0

========================================================================
Received Import Request.
  Time since last request: 0.055191 seconds.
  path: Assets/Scripts/AchievementToast.cs
  artifactKey: Guid(e5f35b464f4529f458653c5a9e75c3f0) Importer(815301076,1909f56bfc062723c751e8b465ee728b)
Start importing Assets/Scripts/AchievementToast.cs using Guid(e5f35b464f4529f458653c5a9e75c3f0) Importer(815301076,1909f56bfc062723c751e8b465ee728b) (PreviewImporter) -> (artifact id: '00000000000000000000000000000000') in 0.0005536 seconds
Import Error Code:(4)
Message: Build asset version error: assets/scripts/achievementtoast.cs in SourceAssetDB has modification time of '2026-01-01T00:09:57.3370932Z' while content on disk has modification time of '2026-01-01T00:10:00.5395182Z'
  ERROR: Build asset version error: assets/scripts/achievementtoast.cs in SourceAssetDB has modification time of '2026-01-01T00:09:57.3370932Z' while content on disk has modification time of '2026-01-01T00:10:00.5395182Z'
Number of updated asset objects reloaded before import = 0Number of asset objects unloaded after import = 0

========================================================================
Received Import Request.
  Time since last request: 0.057871 seconds.
  path: Assets/Scripts/AchievementToast.cs
  artifactKey: Guid(e5f35b464f4529f458653c5a9e75c3f0) Importer(815301076,1909f56bfc062723c751e8b465ee728b)
Start importing Assets/Scripts/AchievementToast.cs using Guid(e5f35b464f4529f458653c5a9e75c3f0) Importer(815301076,1909f56bfc062723c751e8b465ee728b) (PreviewImporter) -> (artifact id: '00000000000000000000000000000000') in 0.0005809 seconds
Import Error Code:(4)
Message: Build asset version error: assets/scripts/achievementtoast.cs in SourceAssetDB has modification time of '2026-01-01T00:09:57.3370932Z' while content on disk has modification time of '2026-01-01T00:10:00.5395182Z'
  ERROR: Build asset version error: assets/scripts/achievementtoast.cs in SourceAssetDB has modification time of '2026-01-01T00:09:57.3370932Z' while content on disk has modification time of '2026-01-01T00:10:00.5395182Z'
Number of updated asset objects reloaded before import = 0Number of asset objects unloaded after import = 0

========================================================================
Received Import Request.
  Time since last request: 0.054406 seconds.
  path: Assets/Scripts/AchievementToast.cs
  artifactKey: Guid(e5f35b464f4529f458653c5a9e75c3f0) Importer(815301076,1909f56bfc062723c751e8b465ee728b)
Start importing Assets/Scripts/AchievementToast.cs using Guid(e5f35b464f4529f458653c5a9e75c3f0) Importer(815301076,1909f56bfc062723c751e8b465ee728b) (PreviewImporter) -> (artifact id: '00000000000000000000000000000000') in 0.0004326 seconds
Import Error Code:(4)
Message: Build asset version error: assets/scripts/achievementtoast.cs in SourceAssetDB has modification time of '2026-01-01T00:09:57.3370932Z' while content on disk has modification time of '2026-01-01T00:10:00.5395182Z'
  ERROR: Build asset version error: assets/scripts/achievementtoast.cs in SourceAssetDB has modification time of '2026-01-01T00:09:57.3370932Z' while content on disk has modification time of '2026-01-01T00:10:00.5395182Z'
Number of updated asset objects reloaded before import = 0Number of asset objects unloaded after import = 0

========================================================================
Received Import Request.
  Time since last request: 0.054540 seconds.
  path: Assets/Scripts/AchievementToast.cs
  artifactKey: Guid(e5f35b464f4529f458653c5a9e75c3f0) Importer(815301076,1909f56bfc062723c751e8b465ee728b)
Start importing Assets/Scripts/AchievementToast.cs using Guid(e5f35b464f4529f458653c5a9e75c3f0) Importer(815301076,1909f56bfc062723c751e8b465ee728b) (PreviewImporter) -> (artifact id: '00000000000000000000000000000000') in 0.0004814 seconds
Import Error Code:(4)
Message: Build asset version error: assets/scripts/achievementtoast.cs in SourceAssetDB has modification time of '2026-01-01T00:09:57.3370932Z' while content on disk has modification time of '2026-01-01T00:10:00.5395182Z'
  ERROR: Build asset version error: assets/scripts/achievementtoast.cs in SourceAssetDB has modification time of '2026-01-01T00:09:57.3370932Z' while content on disk has modification time of '2026-01-01T00:10:00.5395182Z'
Number of updated asset objects reloaded before import = 0Number of asset objects unloaded after import = 0

========================================================================
Received Import Request.
  Time since last request: 0.041913 seconds.
  path: Assets/Scripts/AchievementToast.cs
  artifactKey: Guid(e5f35b464f4529f458653c5a9e75c3f0) Importer(815301076,1909f56bfc062723c751e8b465ee728b)
Start importing Assets/Scripts/AchievementToast.cs using Guid(e5f35b464f4529f458653c5a9e75c3f0) Importer(815301076,1909f56bfc062723c751e8b465ee728b) (PreviewImporter) -> (artifact id: '00000000000000000000000000000000') in 0.0004652 seconds
Import Error Code:(4)
Message: Build asset version error: assets/scripts/achievementtoast.cs in SourceAssetDB has modification time of '2026-01-01T00:09:57.3370932Z' while content on disk has modification time of '2026-01-01T00:10:00.5395182Z'
  ERROR: Build asset version error: assets/scripts/achievementtoast.cs in SourceAssetDB has modification time of '2026-01-01T00:09:57.3370932Z' while content on disk has modification time of '2026-01-01T00:10:00.5395182Z'
Number of updated asset objects reloaded before import = 0Number of asset objects unloaded after import = 0

========================================================================
Received Import Request.
  Time since last request: 0.042033 seconds.
  path: Assets/Scripts/AchievementToast.cs
  artifactKey: Guid(e5f35b464f4529f458653c5a9e75c3f0) Importer(815301076,1909f56bfc062723c751e8b465ee728b)
Start importing Assets/Scripts/AchievementToast.cs using Guid(e5f35b464f4529f458653c5a9e75c3f0) Importer(815301076,1909f56bfc062723c751e8b465ee728b) (PreviewImporter) -> (artifact id: '00000000000000000000000000000000') in 0.0006283 seconds
Import Error Code:(4)
Message: Build asset version error: assets/scripts/achievementtoast.cs in SourceAssetDB has modification time of '2026-01-01T00:09:57.3370932Z' while content on disk has modification time of '2026-01-01T00:10:00.5395182Z'
  ERROR: Build asset version error: assets/scripts/achievementtoast.cs in SourceAssetDB has modification time of '2026-01-01T00:09:57.3370932Z' while content on disk has modification time of '2026-01-01T00:10:00.5395182Z'
Number of updated asset objects reloaded before import = 0Number of asset objects unloaded after import = 0

========================================================================
Received Import Request.
  Time since last request: 0.053037 seconds.
  path: Assets/Scripts/AchievementToast.cs
  artifactKey: Guid(e5f35b464f4529f458653c5a9e75c3f0) Importer(815301076,1909f56bfc062723c751e8b465ee728b)
Start importing Assets/Scripts/AchievementToast.cs using Guid(e5f35b464f4529f458653c5a9e75c3f0) Importer(815301076,1909f56bfc062723c751e8b465ee728b) (PreviewImporter) -> (artifact id: '00000000000000000000000000000000') in 0.000433 seconds
Import Error Code:(4)
Message: Build asset version error: assets/scripts/achievementtoast.cs in SourceAssetDB has modification time of '2026-01-01T00:09:57.3370932Z' while content on disk has modification time of '2026-01-01T00:10:00.5395182Z'
  ERROR: Build asset version error: assets/scripts/achievementtoast.cs in SourceAssetDB has modification time of '2026-01-01T00:09:57.3370932Z' while content on disk has modification time of '2026-01-01T00:10:00.5395182Z'
Number of updated asset objects reloaded before import = 0Number of asset objects unloaded after import = 0

========================================================================
Received Import Request.
  Time since last request: 0.042520 seconds.
  path: Assets/Scripts/AchievementToast.cs
  artifactKey: Guid(e5f35b464f4529f458653c5a9e75c3f0) Importer(815301076,1909f56bfc062723c751e8b465ee728b)
Start importing Assets/Scripts/AchievementToast.cs using Guid(e5f35b464f4529f458653c5a9e75c3f0) Importer(815301076,1909f56bfc062723c751e8b465ee728b) (PreviewImporter) -> (artifact id: '00000000000000000000000000000000') in 0.0004428 seconds
Import Error Code:(4)
Message: Build asset version error: assets/scripts/achievementtoast.cs in SourceAssetDB has modification time of '2026-01-01T00:09:57.3370932Z' while content on disk has modification time of '2026-01-01T00:10:00.5395182Z'
  ERROR: Build asset version error: assets/scripts/achievementtoast.cs in SourceAssetDB has modification time of '2026-01-01T00:09:57.3370932Z' while content on disk has modification time of '2026-01-01T00:10:00.5395182Z'
Number of updated asset objects reloaded before import = 0Number of asset objects unloaded after import = 0

========================================================================
Received Import Request.
  Time since last request: 0.041557 seconds.
  path: Assets/Scripts/AchievementToast.cs
  artifactKey: Guid(e5f35b464f4529f458653c5a9e75c3f0) Importer(815301076,1909f56bfc062723c751e8b465ee728b)
Start importing Assets/Scripts/AchievementToast.cs using Guid(e5f35b464f4529f458653c5a9e75c3f0) Importer(815301076,1909f56bfc062723c751e8b465ee728b) (PreviewImporter) -> (artifact id: '00000000000000000000000000000000') in 0.0004922 seconds
Import Error Code:(4)
Message: Build asset version error: assets/scripts/achievementtoast.cs in SourceAssetDB has modification time of '2026-01-01T00:09:57.3370932Z' while content on disk has modification time of '2026-01-01T00:10:00.5395182Z'
  ERROR: Build asset version error: assets/scripts/achievementtoast.cs in SourceAssetDB has modification time of '2026-01-01T00:09:57.3370932Z' while content on disk has modification time of '2026-01-01T00:10:00.5395182Z'
Number of updated asset objects reloaded before import = 0Number of asset objects unloaded after import = 0

========================================================================
Received Import Request.
  Time since last request: 0.039375 seconds.
  path: Assets/Scripts/AchievementToast.cs
  artifactKey: Guid(e5f35b464f4529f458653c5a9e75c3f0) Importer(815301076,1909f56bfc062723c751e8b465ee728b)
Start importing Assets/Scripts/AchievementToast.cs using Guid(e5f35b464f4529f458653c5a9e75c3f0) Importer(815301076,1909f56bfc062723c751e8b465ee728b) (PreviewImporter) -> (artifact id: '00000000000000000000000000000000') in 0.0004529 seconds
Import Error Code:(4)
Message: Build asset version error: assets/scripts/achievementtoast.cs in SourceAssetDB has modification time of '2026-01-01T00:09:57.3370932Z' while content on disk has modification time of '2026-01-01T00:10:00.5395182Z'
  ERROR: Build asset version error: assets/scripts/achievementtoast.cs in SourceAssetDB has modification time of '2026-01-01T00:09:57.3370932Z' while content on disk has modification time of '2026-01-01T00:10:00.5395182Z'
Number of updated asset objects reloaded before import = 0Number of asset objects unloaded after import = 0

========================================================================
Received Import Request.
  Time since last request: 0.040249 seconds.
  path: Assets/Scripts/AchievementToast.cs
  artifactKey: Guid(e5f35b464f4529f458653c5a9e75c3f0) Importer(815301076,1909f56bfc062723c751e8b465ee728b)
Start importing Assets/Scripts/AchievementToast.cs using Guid(e5f35b464f4529f458653c5a9e75c3f0) Importer(815301076,1909f56bfc062723c751e8b465ee728b) (PreviewImporter) -> (artifact id: '00000000000000000000000000000000') in 0.0004703 seconds
Import Error Code:(4)
Message: Build asset version error: assets/scripts/achievementtoast.cs in SourceAssetDB has modification time of '2026-01-01T00:09:57.3370932Z' while content on disk has modification time of '2026-01-01T00:10:00.5395182Z'
  ERROR: Build asset version error: assets/scripts/achievementtoast.cs in SourceAssetDB has modification time of '2026-01-01T00:09:57.3370932Z' while content on disk has modification time of '2026-01-01T00:10:00.5395182Z'
Number of updated asset objects reloaded before import = 0Number of asset objects unloaded after import = 0

========================================================================
Received Import Request.
  Time since last request: 0.000016 seconds.
  path: Assets/Scripts/AchievementToast.cs
  artifactKey: Guid(e5f35b464f4529f458653c5a9e75c3f0) Importer(815301076,1909f56bfc062723c751e8b465ee728b)
Start importing Assets/Scripts/AchievementToast.cs using Guid(e5f35b464f4529f458653c5a9e75c3f0) Importer(815301076,1909f56bfc062723c751e8b465ee728b) (PreviewImporter) -> (artifact id: '00000000000000000000000000000000') in 0.0004544 seconds
Import Error Code:(4)
Message: Build asset version error: assets/scripts/achievementtoast.cs in SourceAssetDB has modification time of '2026-01-01T00:09:57.3370932Z' while content on disk has modification time of '2026-01-01T00:10:00.5395182Z'
  ERROR: Build asset version error: assets/scripts/achievementtoast.cs in SourceAssetDB has modification time of '2026-01-01T00:09:57.3370932Z' while content on disk has modification time of '2026-01-01T00:10:00.5395182Z'
Number of updated asset objects reloaded before import = 0Number of asset objects unloaded after import = 0

========================================================================
Received Import Request.
  Time since last request: 0.000015 seconds.
  path: Assets/Scripts/AchievementToast.cs
  artifactKey: Guid(e5f35b464f4529f458653c5a9e75c3f0) Importer(815301076,1909f56bfc062723c751e8b465ee728b)
Start importing Assets/Scripts/AchievementToast.cs using Guid(e5f35b464f4529f458653c5a9e75c3f0) Importer(815301076,1909f56bfc062723c751e8b465ee728b) (PreviewImporter) -> (artifact id: '00000000000000000000000000000000') in 0.0005054 seconds
Import Error Code:(4)
Message: Build asset version error: assets/scripts/achievementtoast.cs in SourceAssetDB has modification time of '2026-01-01T00:09:57.3370932Z' while content on disk has modification time of '2026-01-01T00:10:00.5395182Z'
  ERROR: Build asset version error: assets/scripts/achievementtoast.cs in SourceAssetDB has modification time of '2026-01-01T00:09:57.3370932Z' while content on disk has modification time of '2026-01-01T00:10:00.5395182Z'
Number of updated asset objects reloaded before import = 0Number of asset objects unloaded after import = 0

========================================================================
Received Import Request.
  Time since last request: 0.000017 seconds.
  path: Assets/Scripts/AchievementToast.cs
  artifactKey: Guid(e5f35b464f4529f458653c5a9e75c3f0) Importer(815301076,1909f56bfc062723c751e8b465ee728b)
Start importing Assets/Scripts/AchievementToast.cs using Guid(e5f35b464f4529f458653c5a9e75c3f0) Importer(815301076,1909f56bfc062723c751e8b465ee728b) (PreviewImporter) -> (artifact id: '00000000000000000000000000000000') in 0.0005221 seconds
Import Error Code:(4)
Message: Build asset version error: assets/scripts/achievementtoast.cs in SourceAssetDB has modification time of '2026-01-01T00:09:57.3370932Z' while content on disk has modification time of '2026-01-01T00:10:00.5395182Z'
  ERROR: Build asset version error: assets/scripts/achievementtoast.cs in SourceAssetDB has modification time of '2026-01-01T00:09:57.3370932Z' while content on disk has modification time of '2026-01-01T00:10:00.5395182Z'
Number of updated asset objects reloaded before import = 0Number of asset objects unloaded after import = 0

========================================================================
Received Import Request.
  Time since last request: 0.000024 seconds.
  path: Assets/Scripts/AchievementToast.cs
  artifactKey: Guid(e5f35b464f4529f458653c5a9e75c3f0) Importer(815301076,1909f56bfc062723c751e8b465ee728b)
Start importing Assets/Scripts/AchievementToast.cs using Guid(e5f35b464f4529f458653c5a9e75c3f0) Importer(815301076,1909f56bfc062723c751e8b465ee728b) (PreviewImporter) -> (artifact id: '00000000000000000000000000000000') in 0.0005481 seconds
Import Error Code:(4)
Message: Build asset version error: assets/scripts/achievementtoast.cs in SourceAssetDB has modification time of '2026-01-01T00:09:57.3370932Z' while content on disk has modification time of '2026-01-01T00:10:00.5395182Z'
  ERROR: Build asset version error: assets/scripts/achievementtoast.cs in SourceAssetDB has modification time of '2026-01-01T00:09:57.3370932Z' while content on disk has modification time of '2026-01-01T00:10:00.5395182Z'
Number of updated asset objects reloaded before import = 0Number of asset objects unloaded after import = 0

========================================================================
Received Import Request.
  Time since last request: 0.000013 seconds.
  path: Assets/Scripts/AchievementToast.cs
  artifactKey: Guid(e5f35b464f4529f458653c5a9e75c3f0) Importer(815301076,1909f56bfc062723c751e8b465ee728b)
Start importing Assets/Scripts/AchievementToast.cs using Guid(e5f35b464f4529f458653c5a9e75c3f0) Importer(815301076,1909f56bfc062723c751e8b465ee728b) (PreviewImporter) -> (artifact id: '00000000000000000000000000000000') in 0.0004508 seconds
Import Error Code:(4)
Message: Build asset version error: assets/scripts/achievementtoast.cs in SourceAssetDB has modification time of '2026-01-01T00:09:57.3370932Z' while content on disk has modification time of '2026-01-01T00:10:00.5395182Z'
  ERROR: Build asset version error: assets/scripts/achievementtoast.cs in SourceAssetDB has modification time of '2026-01-01T00:09:57.3370932Z' while content on disk has modification time of '2026-01-01T00:10:00.5395182Z'
Number of updated asset objects reloaded before import = 0Number of asset objects unloaded after import = 0

========================================================================
Received Import Request.
  Time since last request: 0.000016 seconds.
  path: Assets/Scripts/AchievementToast.cs
  artifactKey: Guid(e5f35b464f4529f458653c5a9e75c3f0) Importer(815301076,1909f56bfc062723c751e8b465ee728b)
Start importing Assets/Scripts/AchievementToast.cs using Guid(e5f35b464f4529f458653c5a9e75c3f0) Importer(815301076,1909f56bfc062723c751e8b465ee728b) (PreviewImporter) -> (artifact id: '00000000000000000000000000000000') in 0.0005946 seconds
Import Error Code:(4)
Message: Build asset version error: assets/scripts/achievementtoast.cs in SourceAssetDB has modification time of '2026-01-01T00:09:57.3370932Z' while content on disk has modification time of '2026-01-01T00:10:00.5395182Z'
  ERROR: Build asset version error: assets/scripts/achievementtoast.cs in SourceAssetDB has modification time of '2026-01-01T00:09:57.3370932Z' while content on disk has modification time of '2026-01-01T00:10:00.5395182Z'
Number of updated asset objects reloaded before import = 0Number of asset objects unloaded after import = 0

========================================================================
Received Import Request.
  Time since last request: 0.000015 seconds.
  path: Assets/Scripts/AchievementToast.cs
  artifactKey: Guid(e5f35b464f4529f458653c5a9e75c3f0) Importer(815301076,1909f56bfc062723c751e8b465ee728b)
Start importing Assets/Scripts/AchievementToast.cs using Guid(e5f35b464f4529f458653c5a9e75c3f0) Importer(815301076,1909f56bfc062723c751e8b465ee728b) (PreviewImporter) -> (artifact id: '00000000000000000000000000000000') in 0.0005223 seconds
Import Error Code:(4)
Message: Build asset version error: assets/scripts/achievementtoast.cs in SourceAssetDB has modification time of '2026-01-01T00:09:57.3370932Z' while content on disk has modification time of '2026-01-01T00:10:00.5395182Z'
  ERROR: Build asset version error: assets/scripts/achievementtoast.cs in SourceAssetDB has modification time of '2026-01-01T00:09:57.3370932Z' while content on disk has modification time of '2026-01-01T00:10:00.5395182Z'
Number of updated asset objects reloaded before import = 0Number of asset objects unloaded after import = 0

========================================================================
Received Import Request.
  Time since last request: 0.000019 seconds.
  path: Assets/Scripts/AchievementToast.cs
  artifactKey: Guid(e5f35b464f4529f458653c5a9e75c3f0) Importer(815301076,1909f56bfc062723c751e8b465ee728b)
Start importing Assets/Scripts/AchievementToast.cs using Guid(e5f35b464f4529f458653c5a9e75c3f0) Importer(815301076,1909f56bfc062723c751e8b465ee728b) (PreviewImporter) -> (artifact id: '00000000000000000000000000000000') in 0.0004964 seconds
Import Error Code:(4)
Message: Build asset version error: assets/scripts/achievementtoast.cs in SourceAssetDB has modification time of '2026-01-01T00:09:57.3370932Z' while content on disk has modification time of '2026-01-01T00:10:00.5395182Z'
  ERROR: Build asset version error: assets/scripts/achievementtoast.cs in SourceAssetDB has modification time of '2026-01-01T00:09:57.3370932Z' while content on disk has modification time of '2026-01-01T00:10:00.5395182Z'
Number of updated asset objects reloaded before import = 0Number of asset objects unloaded after import = 0

========================================================================
Received Import Request.
  Time since last request: 0.000015 seconds.
  path: Assets/Scripts/AchievementToast.cs
  artifactKey: Guid(e5f35b464f4529f458653c5a9e75c3f0) Importer(815301076,1909f56bfc062723c751e8b465ee728b)
Start importing Assets/Scripts/AchievementToast.cs using Guid(e5f35b464f4529f458653c5a9e75c3f0) Importer(815301076,1909f56bfc062723c751e8b465ee728b) (PreviewImporter) -> (artifact id: '00000000000000000000000000000000') in 0.0004917 seconds
Import Error Code:(4)
Message: Build asset version error: assets/scripts/achievementtoast.cs in SourceAssetDB has modification time of '2026-01-01T00:09:57.3370932Z' while content on disk has modification time of '2026-01-01T00:10:00.5395182Z'
  ERROR: Build asset version error: assets/scripts/achievementtoast.cs in SourceAssetDB has modification time of '2026-01-01T00:09:57.3370932Z' while content on disk has modification time of '2026-01-01T00:10:00.5395182Z'
Number of updated asset objects reloaded before import = 0Number of asset objects unloaded after import = 0

========================================================================
Received Import Request.
  Time since last request: 0.000015 seconds.
  path: Assets/Scripts/AchievementToast.cs
  artifactKey: Guid(e5f35b464f4529f458653c5a9e75c3f0) Importer(815301076,1909f56bfc062723c751e8b465ee728b)
Start importing Assets/Scripts/AchievementToast.cs using Guid(e5f35b464f4529f458653c5a9e75c3f0) Importer(815301076,1909f56bfc062723c751e8b465ee728b) (PreviewImporter) -> (artifact id: '00000000000000000000000000000000') in 0.0005168 seconds
Import Error Code:(4)
Message: Build asset version error: assets/scripts/achievementtoast.cs in SourceAssetDB has modification time of '2026-01-01T00:09:57.3370932Z' while content on disk has modification time of '2026-01-01T00:10:00.5395182Z'
  ERROR: Build asset version error: assets/scripts/achievementtoast.cs in SourceAssetDB has modification time of '2026-01-01T00:09:57.3370932Z' while content on disk has modification time of '2026-01-01T00:10:00.5395182Z'
Number of updated asset objects reloaded before import = 0Number of asset objects unloaded after import = 0

========================================================================
Received Import Request.
  Time since last request: 0.000015 seconds.
  path: Assets/Scripts/AchievementToast.cs
  artifactKey: Guid(e5f35b464f4529f458653c5a9e75c3f0) Importer(815301076,1909f56bfc062723c751e8b465ee728b)
Start importing Assets/Scripts/AchievementToast.cs using Guid(e5f35b464f4529f458653c5a9e75c3f0) Importer(815301076,1909f56bfc062723c751e8b465ee728b) (PreviewImporter) -> (artifact id: '00000000000000000000000000000000') in 0.0004486 seconds
Import Error Code:(4)
Message: Build asset version error: assets/scripts/achievementtoast.cs in SourceAssetDB has modification time of '2026-01-01T00:09:57.3370932Z' while content on disk has modification time of '2026-01-01T00:10:00.5395182Z'
  ERROR: Build asset version error: assets/scripts/achievementtoast.cs in SourceAssetDB has modification time of '2026-01-01T00:09:57.3370932Z' while content on disk has modification time of '2026-01-01T00:10:00.5395182Z'
Number of updated asset objects reloaded before import = 0Number of asset objects unloaded after import = 0

========================================================================
Received Import Request.
  Time since last request: 0.000020 seconds.
  path: Assets/Scripts/AchievementToast.cs
  artifactKey: Guid(e5f35b464f4529f458653c5a9e75c3f0) Importer(815301076,1909f56bfc062723c751e8b465ee728b)
Start importing Assets/Scripts/AchievementToast.cs using Guid(e5f35b464f4529f458653c5a9e75c3f0) Importer(815301076,1909f56bfc062723c751e8b465ee728b) (PreviewImporter) -> (artifact id: '00000000000000000000000000000000') in 0.0005237 seconds
Import Error Code:(4)
Message: Build asset version error: assets/scripts/achievementtoast.cs in SourceAssetDB has modification time of '2026-01-01T00:09:57.3370932Z' while content on disk has modification time of '2026-01-01T00:10:00.5395182Z'
  ERROR: Build asset version error: assets/scripts/achievementtoast.cs in SourceAssetDB has modification time of '2026-01-01T00:09:57.3370932Z' while content on disk has modification time of '2026-01-01T00:10:00.5395182Z'
Number of updated asset objects reloaded before import = 0Number of asset objects unloaded after import = 0

========================================================================
Received Import Request.
  Time since last request: 0.000017 seconds.
  path: Assets/Scripts/AchievementToast.cs
  artifactKey: Guid(e5f35b464f4529f458653c5a9e75c3f0) Importer(815301076,1909f56bfc062723c751e8b465ee728b)
Start importing Assets/Scripts/AchievementToast.cs using Guid(e5f35b464f4529f458653c5a9e75c3f0) Importer(815301076,1909f56bfc062723c751e8b465ee728b) (PreviewImporter) -> (artifact id: '00000000000000000000000000000000') in 0.0005196 seconds
Import Error Code:(4)
Message: Build asset version error: assets/scripts/achievementtoast.cs in SourceAssetDB has modification time of '2026-01-01T00:09:57.3370932Z' while content on disk has modification time of '2026-01-01T00:10:00.5395182Z'
  ERROR: Build asset version error: assets/scripts/achievementtoast.cs in SourceAssetDB has modification time of '2026-01-01T00:09:57.3370932Z' while content on disk has modification time of '2026-01-01T00:10:00.5395182Z'
Number of updated asset objects reloaded before import = 0Number of asset objects unloaded after import = 0

========================================================================
Received Import Request.
  Time since last request: 0.000026 seconds.
  path: Assets/Scripts/AchievementToast.cs
  artifactKey: Guid(e5f35b464f4529f458653c5a9e75c3f0) Importer(815301076,1909f56bfc062723c751e8b465ee728b)
Start importing Assets/Scripts/AchievementToast.cs using Guid(e5f35b464f4529f458653c5a9e75c3f0) Importer(815301076,1909f56bfc062723c751e8b465ee728b) (PreviewImporter) -> (artifact id: '00000000000000000000000000000000') in 0.0004529 seconds
Import Error Code:(4)
Message: Build asset version error: assets/scripts/achievementtoast.cs in SourceAssetDB has modification time of '2026-01-01T00:09:57.3370932Z' while content on disk has modification time of '2026-01-01T00:10:00.5395182Z'
  ERROR: Build asset version error: assets/scripts/achievementtoast.cs in SourceAssetDB has modification time of '2026-01-01T00:09:57.3370932Z' while content on disk has modification time of '2026-01-01T00:10:00.5395182Z'
Number of updated asset objects reloaded before import = 0Number of asset objects unloaded after import = 0

========================================================================
Received Import Request.
  Time since last request: 0.000015 seconds.
  path: Assets/Scripts/AchievementToast.cs
  artifactKey: Guid(e5f35b464f4529f458653c5a9e75c3f0) Importer(815301076,1909f56bfc062723c751e8b465ee728b)
Start importing Assets/Scripts/AchievementToast.cs using Guid(e5f35b464f4529f458653c5a9e75c3f0) Importer(815301076,1909f56bfc062723c751e8b465ee728b) (PreviewImporter) -> (artifact id: '00000000000000000000000000000000') in 0.0004587 seconds
Import Error Code:(4)
Message: Build asset version error: assets/scripts/achievementtoast.cs in SourceAssetDB has modification time of '2026-01-01T00:09:57.3370932Z' while content on disk has modification time of '2026-01-01T00:10:00.5395182Z'
  ERROR: Build asset version error: assets/scripts/achievementtoast.cs in SourceAssetDB has modification time of '2026-01-01T00:09:57.3370932Z' while content on disk has modification time of '2026-01-01T00:10:00.5395182Z'
Number of updated asset objects reloaded before import = 0Number of asset objects unloaded after import = 0

========================================================================
Received Import Request.
  Time since last request: 0.000016 seconds.
  path: Assets/Scripts/AchievementToast.cs
  artifactKey: Guid(e5f35b464f4529f458653c5a9e75c3f0) Importer(815301076,1909f56bfc062723c751e8b465ee728b)
Start importing Assets/Scripts/AchievementToast.cs using Guid(e5f35b464f4529f458653c5a9e75c3f0) Importer(815301076,1909f56bfc062723c751e8b465ee728b) (PreviewImporter) -> (artifact id: '00000000000000000000000000000000') in 0.0005504 seconds
Import Error Code:(4)
Message: Build asset version error: assets/scripts/achievementtoast.cs in SourceAssetDB has modification time of '2026-01-01T00:09:57.3370932Z' while content on disk has modification time of '2026-01-01T00:10:00.5395182Z'
  ERROR: Build asset version error: assets/scripts/achievementtoast.cs in SourceAssetDB has modification time of '2026-01-01T00:09:57.3370932Z' while content on disk has modification time of '2026-01-01T00:10:00.5395182Z'
Number of updated asset objects reloaded before import = 0Number of asset objects unloaded after import = 0

========================================================================
Received Import Request.
  Time since last request: 0.000014 seconds.
  path: Assets/Scripts/AchievementToast.cs
  artifactKey: Guid(e5f35b464f4529f458653c5a9e75c3f0) Importer(815301076,1909f56bfc062723c751e8b465ee728b)
Start importing Assets/Scripts/AchievementToast.cs using Guid(e5f35b464f4529f458653c5a9e75c3f0) Importer(815301076,1909f56bfc062723c751e8b465ee728b) (PreviewImporter) -> (artifact id: '00000000000000000000000000000000') in 0.0004568 seconds
Import Error Code:(4)
Message: Build asset version error: assets/scripts/achievementtoast.cs in SourceAssetDB has modification time of '2026-01-01T00:09:57.3370932Z' while content on disk has modification time of '2026-01-01T00:10:00.5395182Z'
  ERROR: Build asset version error: assets/scripts/achievementtoast.cs in SourceAssetDB has modification time of '2026-01-01T00:09:57.3370932Z' while content on disk has modification time of '2026-01-01T00:10:00.5395182Z'
Number of updated asset objects reloaded before import = 0Number of asset objects unloaded after import = 0

========================================================================
Received Import Request.
  Time since last request: 0.000017 seconds.
  path: Assets/Scripts/AchievementToast.cs
  artifactKey: Guid(e5f35b464f4529f458653c5a9e75c3f0) Importer(815301076,1909f56bfc062723c751e8b465ee728b)
Start importing Assets/Scripts/AchievementToast.cs using Guid(e5f35b464f4529f458653c5a9e75c3f0) Importer(815301076,1909f56bfc062723c751e8b465ee728b) (PreviewImporter) -> (artifact id: '00000000000000000000000000000000') in 0.000489 seconds
Import Error Code:(4)
Message: Build asset version error: assets/scripts/achievementtoast.cs in SourceAssetDB has modification time of '2026-01-01T00:09:57.3370932Z' while content on disk has modification time of '2026-01-01T00:10:00.5395182Z'
  ERROR: Build asset version error: assets/scripts/achievementtoast.cs in SourceAssetDB has modification time of '2026-01-01T00:09:57.3370932Z' while content on disk has modification time of '2026-01-01T00:10:00.5395182Z'
Number of updated asset objects reloaded before import = 0Number of asset objects unloaded after import = 0

========================================================================
Received Prepare
Begin MonoManager ReloadAssembly
- Loaded All Assemblies, in  0.666 seconds
Refreshing native plugins compatible for Editor in 0.89 ms, found 4 plugins.
Native extension for WindowsStandalone target not found
[Package Manager] Failed to launch server process. Reason: Unity was launched with the -noUpm command-line argument
[Package Manager] Unable to send message (not connected to server process).
[Package Manager] Cannot connect to Unity Package Manager local server
Mono: successfully reloaded assembly
- Finished resetting the current domain, in  0.675 seconds
Domain Reload Profiling: 1345ms
	BeginReloadAssembly (199ms)
		ExecutionOrderSort (0ms)
		DisableScriptedObjects (14ms)
		BackupInstance (0ms)
		ReleaseScriptingObjects (0ms)
		CreateAndSetChildDomain (42ms)
	RebuildCommonClasses (34ms)
	RebuildNativeTypeToScriptingClass (12ms)
	initialDomainReloadingComplete (25ms)
	LoadAllAssembliesAndSetupDomain (401ms)
		LoadAssemblies (304ms)
		RebuildTransferFunctionScriptingTraits (0ms)
		AnalyzeDomain (191ms)
			TypeCache.Refresh (6ms)
				TypeCache.ScanAssembly (0ms)
			BuildScriptInfoCaches (169ms)
			ResolveRequiredComponents (11ms)
	FinalizeReload (675ms)
		ReleaseScriptCaches (0ms)
		RebuildScriptCaches (0ms)
		SetupLoadedEditorAssemblies (534ms)
			LogAssemblyErrors (0ms)
			InitializePlatformSupportModulesInManaged (2ms)
			SetLoadedEditorAssemblies (6ms)
			BeforeProcessingInitializeOnLoad (124ms)
			ProcessInitializeOnLoadAttributes (347ms)
			ProcessInitializeOnLoadMethodAttributes (51ms)
			AfterProcessingInitializeOnLoad (4ms)
			EditorAssembliesLoaded (0ms)
		ExecutionOrderSort2 (0ms)
		AwakeInstancesAfterBackupRestoration (13ms)
Refreshing native plugins compatible for Editor in 1.09 ms, found 4 plugins.
Preloading 0 native plugins for Editor in 0.00 ms.
Unloading 30 Unused Serialized files (Serialized files now loaded: 0)
Unloading 6722 unused Assets / (6.5 MB). Loaded Objects now: 7494.
Memory consumption went from 158.5 MB to 152.0 MB.
Total: 8.310500 ms (FindLiveObjects: 0.568900 ms CreateObjectMapping: 0.553300 ms MarkObjects: 4.168100 ms  DeleteObjects: 3.018600 ms)

Prepare: number of updated asset objects reloaded= 0
========================================================================
Received Import Request.
  Time since last request: 42.606629 seconds.
  path: Assets/Scripts/AchievementToast.cs
  artifactKey: Guid(e5f35b464f4529f458653c5a9e75c3f0) Importer(2089858483,192608db42251d675da83286b1cce702)
Start importing Assets/Scripts/AchievementToast.cs using Guid(e5f35b464f4529f458653c5a9e75c3f0) Importer(2089858483,192608db42251d675da83286b1cce702) (ScriptedImporter) -> (artifact id: '410a7f9daab9d75cc2d906a5d38834e1') in 0.1648691 seconds
Number of updated asset objects reloaded before import = 0Number of asset objects unloaded after import = 0

========================================================================
Received Prepare
Refreshing native plugins compatible for Editor in 1.20 ms, found 4 plugins.
Preloading 0 native plugins for Editor in 0.00 ms.
Unloading 30 Unused Serialized files (Serialized files now loaded: 0)
Unloading 6712 unused Assets / (6.2 MB). Loaded Objects now: 7495.
Memory consumption went from 158.7 MB to 152.5 MB.
Total: 8.679800 ms (FindLiveObjects: 0.616100 ms CreateObjectMapping: 0.568500 ms MarkObjects: 4.508800 ms  DeleteObjects: 2.985100 ms)

Prepare: number of updated asset objects reloaded= 0
========================================================================
Received Import Request.
  Time since last request: 7.963207 seconds.
  path: Assets/Scripts/AchievementToastManager.cs
  artifactKey: Guid(f61aebe03b0514141a3e8efa6c260bf6) Importer(815301076,1909f56bfc062723c751e8b465ee728b)
Start importing Assets/Scripts/AchievementToastManager.cs using Guid(f61aebe03b0514141a3e8efa6c260bf6) Importer(815301076,1909f56bfc062723c751e8b465ee728b) (PreviewImporter) -> (artifact id: '3b871c0e3299d1887c11d659a82d3763') in 0.0031718 seconds
Number of updated asset objects reloaded before import = 0Number of asset objects unloaded after import = 0

========================================================================
Received Import Request.
  Time since last request: 0.727982 seconds.
  path: Assets/Scripts/AchievementToastManager.cs
  artifactKey: Guid(f61aebe03b0514141a3e8efa6c260bf6) Importer(2089858483,192608db42251d675da83286b1cce702)
Start importing Assets/Scripts/AchievementToastManager.cs using Guid(f61aebe03b0514141a3e8efa6c260bf6) Importer(2089858483,192608db42251d675da83286b1cce702) (ScriptedImporter) -> (artifact id: '6d8212af9536efd46925de072e32650b') in 0.019419 seconds
Number of updated asset objects reloaded before import = 0Number of asset objects unloaded after import = 0

========================================================================
Received Prepare
Begin MonoManager ReloadAssembly
- Loaded All Assemblies, in  0.838 seconds
Refreshing native plugins compatible for Editor in 1.25 ms, found 4 plugins.
Native extension for WindowsStandalone target not found
[Package Manager] Failed to launch server process. Reason: Unity was launched with the -noUpm command-line argument
[Package Manager] Unable to send message (not connected to server process).
[Package Manager] Cannot connect to Unity Package Manager local server
Mono: successfully reloaded assembly
- Finished resetting the current domain, in  0.846 seconds
Domain Reload Profiling: 1689ms
	BeginReloadAssembly (337ms)
		ExecutionOrderSort (0ms)
		DisableScriptedObjects (26ms)
		BackupInstance (0ms)
		ReleaseScriptingObjects (0ms)
		CreateAndSetChildDomain (80ms)
	RebuildCommonClasses (53ms)
	RebuildNativeTypeToScriptingClass (21ms)
	initialDomainReloadingComplete (29ms)
	LoadAllAssembliesAndSetupDomain (401ms)
		LoadAssemblies (361ms)
		RebuildTransferFunctionScriptingTraits (0ms)
		AnalyzeDomain (194ms)
			TypeCache.Refresh (9ms)
				TypeCache.ScanAssembly (0ms)
			BuildScriptInfoCaches (169ms)
			ResolveRequiredComponents (11ms)
	FinalizeReload (848ms)
		ReleaseScriptCaches (0ms)
		RebuildScriptCaches (0ms)
		SetupLoadedEditorAssemblies (639ms)
			LogAssemblyErrors (0ms)
			InitializePlatformSupportModulesInManaged (2ms)
			SetLoadedEditorAssemblies (5ms)
			BeforeProcessingInitializeOnLoad (125ms)
			ProcessInitializeOnLoadAttributes (435ms)
			ProcessInitializeOnLoadMethodAttributes (70ms)
			AfterProcessingInitializeOnLoad (2ms)
			EditorAssembliesLoaded (0ms)
		ExecutionOrderSort2 (0ms)
		AwakeInstancesAfterBackupRestoration (17ms)
Refreshing native plugins compatible for Editor in 1.71 ms, found 4 plugins.
Preloading 0 native plugins for Editor in 0.00 ms.
Unloading 30 Unused Serialized files (Serialized files now loaded: 0)
Unloading 6723 unused Assets / (5.7 MB). Loaded Objects now: 7497.
Memory consumption went from 158.6 MB to 152.9 MB.
Total: 10.065700 ms (FindLiveObjects: 0.955400 ms CreateObjectMapping: 0.644000 ms MarkObjects: 5.217900 ms  DeleteObjects: 3.246700 ms)

Prepare: number of updated asset objects reloaded= 0
========================================================================
Received Prepare
Refreshing native plugins compatible for Editor in 1.30 ms, found 4 plugins.
Preloading 0 native plugins for Editor in 0.00 ms.
Unloading 30 Unused Serialized files (Serialized files now loaded: 0)
Unloading 6712 unused Assets / (6.7 MB). Loaded Objects now: 7497.
Memory consumption went from 158.7 MB to 152.1 MB.
Total: 9.581200 ms (FindLiveObjects: 0.585600 ms CreateObjectMapping: 0.597100 ms MarkObjects: 4.737000 ms  DeleteObjects: 3.660200 ms)

Prepare: number of updated asset objects reloaded= 0
========================================================================
Received Prepare
Begin MonoManager ReloadAssembly
- Loaded All Assemblies, in  0.686 seconds
Refreshing native plugins compatible for Editor in 1.05 ms, found 4 plugins.
Native extension for WindowsStandalone target not found
[Package Manager] Failed to launch server process. Reason: Unity was launched with the -noUpm command-line argument
[Package Manager] Unable to send message (not connected to server process).
[Package Manager] Cannot connect to Unity Package Manager local server
Mono: successfully reloaded assembly
- Finished resetting the current domain, in  0.690 seconds
Domain Reload Profiling: 1380ms
	BeginReloadAssembly (200ms)
		ExecutionOrderSort (0ms)
		DisableScriptedObjects (14ms)
		BackupInstance (0ms)
		ReleaseScriptingObjects (0ms)
		CreateAndSetChildDomain (41ms)
	RebuildCommonClasses (36ms)
	RebuildNativeTypeToScriptingClass (13ms)
	initialDomainReloadingComplete (24ms)
	LoadAllAssembliesAndSetupDomain (415ms)
		LoadAssemblies (298ms)
		RebuildTransferFunctionScriptingTraits (0ms)
		AnalyzeDomain (208ms)
			TypeCache.Refresh (9ms)
				TypeCache.ScanAssembly (1ms)
			BuildScriptInfoCaches (181ms)
			ResolveRequiredComponents (12ms)
	FinalizeReload (691ms)
		ReleaseScriptCaches (0ms)
		RebuildScriptCaches (0ms)
		SetupLoadedEditorAssemblies (550ms)
			LogAssemblyErrors (0ms)
			InitializePlatformSupportModulesInManaged (2ms)
			SetLoadedEditorAssemblies (5ms)
			BeforeProcessingInitializeOnLoad (118ms)
			ProcessInitializeOnLoadAttributes (363ms)
			ProcessInitializeOnLoadMethodAttributes (60ms)
			AfterProcessingInitializeOnLoad (2ms)
			EditorAssembliesLoaded (0ms)
		ExecutionOrderSort2 (0ms)
		AwakeInstancesAfterBackupRestoration (13ms)
Refreshing native plugins compatible for Editor in 1.84 ms, found 4 plugins.
Preloading 0 native plugins for Editor in 0.00 ms.
Unloading 30 Unused Serialized files (Serialized files now loaded: 0)
Unloading 6723 unused Assets / (7.0 MB). Loaded Objects now: 7499.
Memory consumption went from 158.6 MB to 151.6 MB.
Total: 10.090200 ms (FindLiveObjects: 0.608200 ms CreateObjectMapping: 0.592100 ms MarkObjects: 5.041900 ms  DeleteObjects: 3.846500 ms)

Prepare: number of updated asset objects reloaded= 0
========================================================================
Received Prepare
Begin MonoManager ReloadAssembly
- Loaded All Assemblies, in  0.635 seconds
Refreshing native plugins compatible for Editor in 1.01 ms, found 4 plugins.
Native extension for WindowsStandalone target not found
[Package Manager] Failed to launch server process. Reason: Unity was launched with the -noUpm command-line argument
[Package Manager] Unable to send message (not connected to server process).
[Package Manager] Cannot connect to Unity Package Manager local server
Mono: successfully reloaded assembly
- Finished resetting the current domain, in  0.653 seconds
Domain Reload Profiling: 1292ms
	BeginReloadAssembly (183ms)
		ExecutionOrderSort (0ms)
		DisableScriptedObjects (12ms)
		BackupInstance (0ms)
		ReleaseScriptingObjects (0ms)
		CreateAndSetChildDomain (38ms)
	RebuildCommonClasses (33ms)
	RebuildNativeTypeToScriptingClass (13ms)
	initialDomainReloadingComplete (24ms)
	LoadAllAssembliesAndSetupDomain (385ms)
		LoadAssemblies (286ms)
		RebuildTransferFunctionScriptingTraits (0ms)
		AnalyzeDomain (184ms)
			TypeCache.Refresh (8ms)
				TypeCache.ScanAssembly (0ms)
			BuildScriptInfoCaches (161ms)
			ResolveRequiredComponents (10ms)
	FinalizeReload (654ms)
		ReleaseScriptCaches (0ms)
		RebuildScriptCaches (0ms)
		SetupLoadedEditorAssemblies (516ms)
			LogAssemblyErrors (0ms)
			InitializePlatformSupportModulesInManaged (2ms)
			SetLoadedEditorAssemblies (5ms)
			BeforeProcessingInitializeOnLoad (118ms)
			ProcessInitializeOnLoadAttributes (332ms)
			ProcessInitializeOnLoadMethodAttributes (57ms)
			AfterProcessingInitializeOnLoad (2ms)
			EditorAssembliesLoaded (0ms)
		ExecutionOrderSort2 (0ms)
		AwakeInstancesAfterBackupRestoration (13ms)
Refreshing native plugins compatible for Editor in 1.08 ms, found 4 plugins.
Preloading 0 native plugins for Editor in 0.00 ms.
Unloading 30 Unused Serialized files (Serialized files now loaded: 0)
Unloading 6723 unused Assets / (6.7 MB). Loaded Objects now: 7501.
Memory consumption went from 158.7 MB to 151.9 MB.
Total: 9.342000 ms (FindLiveObjects: 0.659200 ms CreateObjectMapping: 0.544700 ms MarkObjects: 4.650300 ms  DeleteObjects: 3.460000 ms)

Prepare: number of updated asset objects reloaded= 0
========================================================================
Received Import Request.
  Time since last request: 88.824856 seconds.
  path: Assets/Scripts/AchievementToast.cs
  artifactKey: Guid(e5f35b464f4529f458653c5a9e75c3f0) Importer(815301076,1909f56bfc062723c751e8b465ee728b)
Start importing Assets/Scripts/AchievementToast.cs using Guid(e5f35b464f4529f458653c5a9e75c3f0) Importer(815301076,1909f56bfc062723c751e8b465ee728b) (PreviewImporter) -> (artifact id: '3a8e23a2cd4a336b4238a72803cc978a') in 0.0123791 seconds
Number of updated asset objects reloaded before import = 0Number of asset objects unloaded after import = 0

========================================================================
Received Prepare
Begin MonoManager ReloadAssembly
- Loaded All Assemblies, in  0.652 seconds
Refreshing native plugins compatible for Editor in 1.25 ms, found 4 plugins.
Native extension for WindowsStandalone target not found
[Package Manager] Failed to launch server process. Reason: Unity was launched with the -noUpm command-line argument
[Package Manager] Unable to send message (not connected to server process).
[Package Manager] Cannot connect to Unity Package Manager local server
Mono: successfully reloaded assembly
- Finished resetting the current domain, in  0.702 seconds
Domain Reload Profiling: 1358ms
	BeginReloadAssembly (193ms)
		ExecutionOrderSort (0ms)
		DisableScriptedObjects (14ms)
		BackupInstance (0ms)
		ReleaseScriptingObjects (0ms)
		CreateAndSetChildDomain (45ms)
	RebuildCommonClasses (34ms)
	RebuildNativeTypeToScriptingClass (11ms)
	initialDomainReloadingComplete (22ms)
	LoadAllAssembliesAndSetupDomain (395ms)
		LoadAssemblies (289ms)
		RebuildTransferFunctionScriptingTraits (0ms)
		AnalyzeDomain (192ms)
			TypeCache.Refresh (8ms)
				TypeCache.ScanAssembly (0ms)
			BuildScriptInfoCaches (168ms)
			ResolveRequiredComponents (11ms)
	FinalizeReload (703ms)
		ReleaseScriptCaches (0ms)
		RebuildScriptCaches (0ms)
		SetupLoadedEditorAssemblies (558ms)
			LogAssemblyErrors (0ms)
			InitializePlatformSupportModulesInManaged (2ms)
			SetLoadedEditorAssemblies (5ms)
			BeforeProcessingInitializeOnLoad (129ms)
			ProcessInitializeOnLoadAttributes (363ms)
			ProcessInitializeOnLoadMethodAttributes (58ms)
			AfterProcessingInitializeOnLoad (2ms)
			EditorAssembliesLoaded (0ms)
		ExecutionOrderSort2 (0ms)
		AwakeInstancesAfterBackupRestoration (13ms)
Refreshing native plugins compatible for Editor in 1.17 ms, found 4 plugins.
Preloading 0 native plugins for Editor in 0.00 ms.
Unloading 30 Unused Serialized files (Serialized files now loaded: 0)
Unloading 6723 unused Assets / (6.7 MB). Loaded Objects now: 7503.
Memory consumption went from 158.7 MB to 152.0 MB.
Total: 9.588400 ms (FindLiveObjects: 0.693800 ms CreateObjectMapping: 1.037900 ms MarkObjects: 4.393200 ms  DeleteObjects: 3.462400 ms)

Prepare: number of updated asset objects reloaded= 0
========================================================================
Received Prepare
Begin MonoManager ReloadAssembly
- Loaded All Assemblies, in  0.659 seconds
Refreshing native plugins compatible for Editor in 1.02 ms, found 4 plugins.
Native extension for WindowsStandalone target not found
[Package Manager] Failed to launch server process. Reason: Unity was launched with the -noUpm command-line argument
[Package Manager] Unable to send message (not connected to server process).
[Package Manager] Cannot connect to Unity Package Manager local server
Mono: successfully reloaded assembly
- Finished resetting the current domain, in  0.677 seconds
Domain Reload Profiling: 1340ms
	BeginReloadAssembly (191ms)
		ExecutionOrderSort (0ms)
		DisableScriptedObjects (13ms)
		BackupInstance (0ms)
		ReleaseScriptingObjects (0ms)
		CreateAndSetChildDomain (42ms)
	RebuildCommonClasses (35ms)
	RebuildNativeTypeToScriptingClass (13ms)
	initialDomainReloadingComplete (24ms)
	LoadAllAssembliesAndSetupDomain (401ms)
		LoadAssemblies (297ms)
		RebuildTransferFunctionScriptingTraits (0ms)
		AnalyzeDomain (188ms)
			TypeCache.Refresh (7ms)
				TypeCache.ScanAssembly (0ms)
			BuildScriptInfoCaches (165ms)
			ResolveRequiredComponents (11ms)
	FinalizeReload (677ms)
		ReleaseScriptCaches (0ms)
		RebuildScriptCaches (0ms)
		SetupLoadedEditorAssemblies (534ms)
			LogAssemblyErrors (0ms)
			InitializePlatformSupportModulesInManaged (2ms)
			SetLoadedEditorAssemblies (5ms)
			BeforeProcessingInitializeOnLoad (119ms)
			ProcessInitializeOnLoadAttributes (349ms)
			ProcessInitializeOnLoadMethodAttributes (57ms)
			AfterProcessingInitializeOnLoad (2ms)
			EditorAssembliesLoaded (0ms)
		ExecutionOrderSort2 (0ms)
		AwakeInstancesAfterBackupRestoration (12ms)
Refreshing native plugins compatible for Editor in 1.01 ms, found 4 plugins.
Preloading 0 native plugins for Editor in 0.00 ms.
Unloading 30 Unused Serialized files (Serialized files now loaded: 0)
Unloading 6723 unused Assets / (6.6 MB). Loaded Objects now: 7505.
Memory consumption went from 158.7 MB to 152.0 MB.
Total: 9.926100 ms (FindLiveObjects: 0.550600 ms CreateObjectMapping: 0.493600 ms MarkObjects: 5.801400 ms  DeleteObjects: 3.078700 ms)

Prepare: number of updated asset objects reloaded= 0
========================================================================
Received Prepare
Begin MonoManager ReloadAssembly
- Loaded All Assemblies, in  0.638 seconds
Refreshing native plugins compatible for Editor in 0.88 ms, found 4 plugins.
Native extension for WindowsStandalone target not found
[Package Manager] Failed to launch server process. Reason: Unity was launched with the -noUpm command-line argument
[Package Manager] Unable to send message (not connected to server process).
[Package Manager] Cannot connect to Unity Package Manager local server
Mono: successfully reloaded assembly
- Finished resetting the current domain, in  0.661 seconds
Domain Reload Profiling: 1302ms
	BeginReloadAssembly (197ms)
		ExecutionOrderSort (0ms)
		DisableScriptedObjects (13ms)
		BackupInstance (0ms)
		ReleaseScriptingObjects (0ms)
		CreateAndSetChildDomain (43ms)
	RebuildCommonClasses (35ms)
	RebuildNativeTypeToScriptingClass (12ms)
	initialDomainReloadingComplete (23ms)
	LoadAllAssembliesAndSetupDomain (373ms)
		LoadAssemblies (288ms)
		RebuildTransferFunctionScriptingTraits (0ms)
		AnalyzeDomain (178ms)
			TypeCache.Refresh (9ms)
				TypeCache.ScanAssembly (0ms)
			BuildScriptInfoCaches (156ms)
			ResolveRequiredComponents (9ms)
	FinalizeReload (661ms)
		ReleaseScriptCaches (0ms)
		RebuildScriptCaches (0ms)
		SetupLoadedEditorAssemblies (527ms)
			LogAssemblyErrors (0ms)
			InitializePlatformSupportModulesInManaged (2ms)
			SetLoadedEditorAssemblies (4ms)
			BeforeProcessingInitializeOnLoad (119ms)
			ProcessInitializeOnLoadAttributes (344ms)
			ProcessInitializeOnLoadMethodAttributes (55ms)
			AfterProcessingInitializeOnLoad (3ms)
			EditorAssembliesLoaded (0ms)
		ExecutionOrderSort2 (0ms)
		AwakeInstancesAfterBackupRestoration (12ms)
Refreshing native plugins compatible for Editor in 1.18 ms, found 4 plugins.
Preloading 0 native plugins for Editor in 0.00 ms.
Unloading 30 Unused Serialized files (Serialized files now loaded: 0)
Unloading 6723 unused Assets / (6.6 MB). Loaded Objects now: 7507.
Memory consumption went from 158.8 MB to 152.2 MB.
Total: 8.665600 ms (FindLiveObjects: 0.578600 ms CreateObjectMapping: 0.572300 ms MarkObjects: 4.472600 ms  DeleteObjects: 3.040500 ms)

Prepare: number of updated asset objects reloaded= 0
========================================================================
Received Prepare
Begin MonoManager ReloadAssembly
- Loaded All Assemblies, in  0.621 seconds
Refreshing native plugins compatible for Editor in 0.98 ms, found 4 plugins.
Native extension for WindowsStandalone target not found
[Package Manager] Failed to launch server process. Reason: Unity was launched with the -noUpm command-line argument
[Package Manager] Unable to send message (not connected to server process).
[Package Manager] Cannot connect to Unity Package Manager local server
Mono: successfully reloaded assembly
- Finished resetting the current domain, in  0.669 seconds
Domain Reload Profiling: 1294ms
	BeginReloadAssembly (183ms)
		ExecutionOrderSort (0ms)
		DisableScriptedObjects (12ms)
		BackupInstance (0ms)
		ReleaseScriptingObjects (0ms)
		CreateAndSetChildDomain (37ms)
	RebuildCommonClasses (35ms)
	RebuildNativeTypeToScriptingClass (12ms)
	initialDomainReloadingComplete (23ms)
	LoadAllAssembliesAndSetupDomain (372ms)
		LoadAssemblies (280ms)
		RebuildTransferFunctionScriptingTraits (0ms)
		AnalyzeDomain (179ms)
			TypeCache.Refresh (6ms)
				TypeCache.ScanAssembly (0ms)
			BuildScriptInfoCaches (157ms)
			ResolveRequiredComponents (10ms)
	FinalizeReload (670ms)
		ReleaseScriptCaches (0ms)
		RebuildScriptCaches (0ms)
		SetupLoadedEditorAssemblies (529ms)
			LogAssemblyErrors (0ms)
			InitializePlatformSupportModulesInManaged (2ms)
			SetLoadedEditorAssemblies (4ms)
			BeforeProcessingInitializeOnLoad (119ms)
			ProcessInitializeOnLoadAttributes (341ms)
			ProcessInitializeOnLoadMethodAttributes (60ms)
			AfterProcessingInitializeOnLoad (2ms)
			EditorAssembliesLoaded (0ms)
		ExecutionOrderSort2 (0ms)
		AwakeInstancesAfterBackupRestoration (13ms)
Refreshing native plugins compatible for Editor in 1.09 ms, found 4 plugins.
Preloading 0 native plugins for Editor in 0.00 ms.
Unloading 30 Unused Serialized files (Serialized files now loaded: 0)
Unloading 6723 unused Assets / (7.1 MB). Loaded Objects now: 7509.
Memory consumption went from 158.8 MB to 151.7 MB.
Total: 9.546400 ms (FindLiveObjects: 0.612600 ms CreateObjectMapping: 0.580300 ms MarkObjects: 4.355900 ms  DeleteObjects: 3.996500 ms)

Prepare: number of updated asset objects reloaded= 0
========================================================================
Received Prepare
Refreshing native plugins compatible for Editor in 1.64 ms, found 4 plugins.
Preloading 0 native plugins for Editor in 0.00 ms.
Unloading 30 Unused Serialized files (Serialized files now loaded: 0)
Unloading 6712 unused Assets / (6.8 MB). Loaded Objects now: 7509.
Memory consumption went from 159.0 MB to 152.2 MB.
Total: 11.152400 ms (FindLiveObjects: 0.610100 ms CreateObjectMapping: 0.549800 ms MarkObjects: 6.602400 ms  DeleteObjects: 3.388600 ms)

Prepare: number of updated asset objects reloaded= 0
========================================================================
Received Prepare
Refreshing native plugins compatible for Editor in 1.57 ms, found 4 plugins.
Preloading 0 native plugins for Editor in 0.00 ms.
Unloading 30 Unused Serialized files (Serialized files now loaded: 0)
Unloading 6712 unused Assets / (6.7 MB). Loaded Objects now: 7509.
Memory consumption went from 159.0 MB to 152.3 MB.
Total: 12.586900 ms (FindLiveObjects: 0.796800 ms CreateObjectMapping: 0.647400 ms MarkObjects: 5.969200 ms  DeleteObjects: 5.171500 ms)

Prepare: number of updated asset objects reloaded= 0
========================================================================
Received Prepare
Begin MonoManager ReloadAssembly
- Loaded All Assemblies, in  0.655 seconds
Refreshing native plugins compatible for Editor in 1.15 ms, found 4 plugins.
Native extension for WindowsStandalone target not found
[Package Manager] Failed to launch server process. Reason: Unity was launched with the -noUpm command-line argument
[Package Manager] Unable to send message (not connected to server process).
[Package Manager] Cannot connect to Unity Package Manager local server
Mono: successfully reloaded assembly
- Finished resetting the current domain, in  0.716 seconds
Domain Reload Profiling: 1375ms
	BeginReloadAssembly (191ms)
		ExecutionOrderSort (0ms)
		DisableScriptedObjects (14ms)
		BackupInstance (0ms)
		ReleaseScriptingObjects (0ms)
		CreateAndSetChildDomain (41ms)
	RebuildCommonClasses (32ms)
	RebuildNativeTypeToScriptingClass (11ms)
	initialDomainReloadingComplete (23ms)
	LoadAllAssembliesAndSetupDomain (402ms)
		LoadAssemblies (298ms)
		RebuildTransferFunctionScriptingTraits (0ms)
		AnalyzeDomain (190ms)
			TypeCache.Refresh (9ms)
				TypeCache.ScanAssembly (0ms)
			BuildScriptInfoCaches (165ms)
			ResolveRequiredComponents (11ms)
	FinalizeReload (716ms)
		ReleaseScriptCaches (0ms)
		RebuildScriptCaches (0ms)
		SetupLoadedEditorAssemblies (570ms)
			LogAssemblyErrors (0ms)
			InitializePlatformSupportModulesInManaged (2ms)
			SetLoadedEditorAssemblies (5ms)
			BeforeProcessingInitializeOnLoad (124ms)
			ProcessInitializeOnLoadAttributes (373ms)
			ProcessInitializeOnLoadMethodAttributes (62ms)
			AfterProcessingInitializeOnLoad (2ms)
			EditorAssembliesLoaded (0ms)
		ExecutionOrderSort2 (0ms)
		AwakeInstancesAfterBackupRestoration (15ms)
Refreshing native plugins compatible for Editor in 1.23 ms, found 4 plugins.
Preloading 0 native plugins for Editor in 0.00 ms.
Unloading 30 Unused Serialized files (Serialized files now loaded: 0)
Unloading 6723 unused Assets / (7.2 MB). Loaded Objects now: 7511.
Memory consumption went from 158.8 MB to 151.6 MB.
Total: 10.414800 ms (FindLiveObjects: 0.894300 ms CreateObjectMapping: 0.594000 ms MarkObjects: 4.682300 ms  DeleteObjects: 4.242400 ms)

Prepare: number of updated asset objects reloaded= 0
========================================================================
Received Prepare
Begin MonoManager ReloadAssembly
- Loaded All Assemblies, in  0.648 seconds
Refreshing native plugins compatible for Editor in 1.05 ms, found 4 plugins.
Native extension for WindowsStandalone target not found
[Package Manager] Failed to launch server process. Reason: Unity was launched with the -noUpm command-line argument
[Package Manager] Unable to send message (not connected to server process).
[Package Manager] Cannot connect to Unity Package Manager local server
Mono: successfully reloaded assembly
- Finished resetting the current domain, in  0.695 seconds
Domain Reload Profiling: 1347ms
	BeginReloadAssembly (185ms)
		ExecutionOrderSort (0ms)
		DisableScriptedObjects (13ms)
		BackupInstance (0ms)
		ReleaseScriptingObjects (0ms)
		CreateAndSetChildDomain (37ms)
	RebuildCommonClasses (33ms)
	RebuildNativeTypeToScriptingClass (12ms)
	initialDomainReloadingComplete (25ms)
	LoadAllAssembliesAndSetupDomain (396ms)
		LoadAssemblies (289ms)
		RebuildTransferFunctionScriptingTraits (0ms)
		AnalyzeDomain (194ms)
			TypeCache.Refresh (7ms)
				TypeCache.ScanAssembly (0ms)
			BuildScriptInfoCaches (170ms)
			ResolveRequiredComponents (11ms)
	FinalizeReload (696ms)
		ReleaseScriptCaches (0ms)
		RebuildScriptCaches (0ms)
		SetupLoadedEditorAssemblies (548ms)
			LogAssemblyErrors (0ms)
			InitializePlatformSupportModulesInManaged (2ms)
			SetLoadedEditorAssemblies (5ms)
			BeforeProcessingInitializeOnLoad (121ms)
			ProcessInitializeOnLoadAttributes (364ms)
			ProcessInitializeOnLoadMethodAttributes (53ms)
			AfterProcessingInitializeOnLoad (2ms)
			EditorAssembliesLoaded (0ms)
		ExecutionOrderSort2 (0ms)
		AwakeInstancesAfterBackupRestoration (12ms)
Refreshing native plugins compatible for Editor in 1.24 ms, found 4 plugins.
Preloading 0 native plugins for Editor in 0.00 ms.
Unloading 30 Unused Serialized files (Serialized files now loaded: 0)
Unloading 6723 unused Assets / (6.9 MB). Loaded Objects now: 7513.
Memory consumption went from 158.9 MB to 152.0 MB.
Total: 10.505800 ms (FindLiveObjects: 0.595100 ms CreateObjectMapping: 0.630700 ms MarkObjects: 4.938800 ms  DeleteObjects: 4.339900 ms)

Prepare: number of updated asset objects reloaded= 0
========================================================================
Received Prepare
Refreshing native plugins compatible for Editor in 1.29 ms, found 4 plugins.
Preloading 0 native plugins for Editor in 0.00 ms.
Unloading 30 Unused Serialized files (Serialized files now loaded: 0)
Unloading 6712 unused Assets / (6.5 MB). Loaded Objects now: 7513.
Memory consumption went from 159.0 MB to 152.5 MB.
Total: 10.228200 ms (FindLiveObjects: 0.626300 ms CreateObjectMapping: 0.577600 ms MarkObjects: 5.735700 ms  DeleteObjects: 3.287100 ms)

Prepare: number of updated asset objects reloaded= 0
========================================================================
Received Prepare
Begin MonoManager ReloadAssembly
- Loaded All Assemblies, in  0.659 seconds
Refreshing native plugins compatible for Editor in 0.87 ms, found 4 plugins.
Native extension for WindowsStandalone target not found
[Package Manager] Failed to launch server process. Reason: Unity was launched with the -noUpm command-line argument
[Package Manager] Unable to send message (not connected to server process).
[Package Manager] Cannot connect to Unity Package Manager local server
Mono: successfully reloaded assembly
- Finished resetting the current domain, in  0.683 seconds
Domain Reload Profiling: 1346ms
	BeginReloadAssembly (189ms)
		ExecutionOrderSort (0ms)
		DisableScriptedObjects (13ms)
		BackupInstance (0ms)
		ReleaseScriptingObjects (0ms)
		CreateAndSetChildDomain (41ms)
	RebuildCommonClasses (36ms)
	RebuildNativeTypeToScriptingClass (12ms)
	initialDomainReloadingComplete (25ms)
	LoadAllAssembliesAndSetupDomain (400ms)
		LoadAssemblies (294ms)
		RebuildTransferFunctionScriptingTraits (0ms)
		AnalyzeDomain (194ms)
			TypeCache.Refresh (10ms)
				TypeCache.ScanAssembly (0ms)
			BuildScriptInfoCaches (167ms)
			ResolveRequiredComponents (11ms)
	FinalizeReload (684ms)
		ReleaseScriptCaches (0ms)
		RebuildScriptCaches (0ms)
		SetupLoadedEditorAssemblies (544ms)
			LogAssemblyErrors (0ms)
			InitializePlatformSupportModulesInManaged (2ms)
			SetLoadedEditorAssemblies (5ms)
			BeforeProcessingInitializeOnLoad (129ms)
			ProcessInitializeOnLoadAttributes (352ms)
			ProcessInitializeOnLoadMethodAttributes (53ms)
			AfterProcessingInitializeOnLoad (2ms)
			EditorAssembliesLoaded (0ms)
		ExecutionOrderSort2 (0ms)
		AwakeInstancesAfterBackupRestoration (12ms)
Refreshing native plugins compatible for Editor in 1.01 ms, found 4 plugins.
Preloading 0 native plugins for Editor in 0.00 ms.
Unloading 30 Unused Serialized files (Serialized files now loaded: 0)
Unloading 6723 unused Assets / (6.4 MB). Loaded Objects now: 7515.
Memory consumption went from 158.8 MB to 152.4 MB.
Total: 8.168500 ms (FindLiveObjects: 0.593600 ms CreateObjectMapping: 0.531000 ms MarkObjects: 4.208900 ms  DeleteObjects: 2.833900 ms)

Prepare: number of updated asset objects reloaded= 0
========================================================================
Received Prepare
Begin MonoManager ReloadAssembly
- Loaded All Assemblies, in  0.634 seconds
Refreshing native plugins compatible for Editor in 0.78 ms, found 4 plugins.
Native extension for WindowsStandalone target not found
[Package Manager] Failed to launch server process. Reason: Unity was launched with the -noUpm command-line argument
[Package Manager] Unable to send message (not connected to server process).
[Package Manager] Cannot connect to Unity Package Manager local server
Mono: successfully reloaded assembly
- Finished resetting the current domain, in  0.682 seconds
Domain Reload Profiling: 1320ms
	BeginReloadAssembly (185ms)
		ExecutionOrderSort (0ms)
		DisableScriptedObjects (14ms)
		BackupInstance (0ms)
		ReleaseScriptingObjects (0ms)
		CreateAndSetChildDomain (39ms)
	RebuildCommonClasses (34ms)
	RebuildNativeTypeToScriptingClass (12ms)
	initialDomainReloadingComplete (22ms)
	LoadAllAssembliesAndSetupDomain (385ms)
		LoadAssemblies (277ms)
		RebuildTransferFunctionScriptingTraits (0ms)
		AnalyzeDomain (191ms)
			TypeCache.Refresh (8ms)
				TypeCache.ScanAssembly (0ms)
			BuildScriptInfoCaches (166ms)
			ResolveRequiredComponents (11ms)
	FinalizeReload (682ms)
		ReleaseScriptCaches (0ms)
		RebuildScriptCaches (0ms)
		SetupLoadedEditorAssemblies (541ms)
			LogAssemblyErrors (0ms)
			InitializePlatformSupportModulesInManaged (2ms)
			SetLoadedEditorAssemblies (5ms)
			BeforeProcessingInitializeOnLoad (119ms)
			ProcessInitializeOnLoadAttributes (360ms)
			ProcessInitializeOnLoadMethodAttributes (52ms)
			AfterProcessingInitializeOnLoad (2ms)
			EditorAssembliesLoaded (0ms)
		ExecutionOrderSort2 (0ms)
		AwakeInstancesAfterBackupRestoration (13ms)
Refreshing native plugins compatible for Editor in 1.31 ms, found 4 plugins.
Preloading 0 native plugins for Editor in 0.00 ms.
Unloading 30 Unused Serialized files (Serialized files now loaded: 0)
Unloading 6723 unused Assets / (6.4 MB). Loaded Objects now: 7517.
Memory consumption went from 158.9 MB to 152.5 MB.
Total: 9.503500 ms (FindLiveObjects: 0.657900 ms CreateObjectMapping: 0.699700 ms MarkObjects: 4.802700 ms  DeleteObjects: 3.341700 ms)

Prepare: number of updated asset objects reloaded= 0
========================================================================
Received Prepare
Begin MonoManager ReloadAssembly
- Loaded All Assemblies, in  0.618 seconds
Refreshing native plugins compatible for Editor in 0.89 ms, found 4 plugins.
Native extension for WindowsStandalone target not found
[Package Manager] Failed to launch server process. Reason: Unity was launched with the -noUpm command-line argument
[Package Manager] Unable to send message (not connected to server process).
[Package Manager] Cannot connect to Unity Package Manager local server
Mono: successfully reloaded assembly
- Finished resetting the current domain, in  0.659 seconds
Domain Reload Profiling: 1280ms
	BeginReloadAssembly (179ms)
		ExecutionOrderSort (0ms)
		DisableScriptedObjects (12ms)
		BackupInstance (0ms)
		ReleaseScriptingObjects (0ms)
		CreateAndSetChildDomain (37ms)
	RebuildCommonClasses (33ms)
	RebuildNativeTypeToScriptingClass (11ms)
	initialDomainReloadingComplete (24ms)
	LoadAllAssembliesAndSetupDomain (375ms)
		LoadAssemblies (274ms)
		RebuildTransferFunctionScriptingTraits (0ms)
		AnalyzeDomain (182ms)
			TypeCache.Refresh (6ms)
				TypeCache.ScanAssembly (0ms)
			BuildScriptInfoCaches (159ms)
			ResolveRequiredComponents (11ms)
	FinalizeReload (659ms)
		ReleaseScriptCaches (0ms)
		RebuildScriptCaches (0ms)
		SetupLoadedEditorAssemblies (524ms)
			LogAssemblyErrors (0ms)
			InitializePlatformSupportModulesInManaged (2ms)
			SetLoadedEditorAssemblies (5ms)
			BeforeProcessingInitializeOnLoad (116ms)
			ProcessInitializeOnLoadAttributes (345ms)
			ProcessInitializeOnLoadMethodAttributes (54ms)
			AfterProcessingInitializeOnLoad (2ms)
			EditorAssembliesLoaded (0ms)
		ExecutionOrderSort2 (0ms)
		AwakeInstancesAfterBackupRestoration (12ms)
Refreshing native plugins compatible for Editor in 1.44 ms, found 4 plugins.
Preloading 0 native plugins for Editor in 0.00 ms.
Unloading 30 Unused Serialized files (Serialized files now loaded: 0)
Unloading 6723 unused Assets / (6.6 MB). Loaded Objects now: 7519.
Memory consumption went from 159.0 MB to 152.4 MB.
Total: 8.830900 ms (FindLiveObjects: 0.669900 ms CreateObjectMapping: 0.531300 ms MarkObjects: 4.339600 ms  DeleteObjects: 3.288300 ms)

Prepare: number of updated asset objects reloaded= 0
========================================================================
Received Prepare
Refreshing native plugins compatible for Editor in 1.11 ms, found 4 plugins.
Preloading 0 native plugins for Editor in 0.00 ms.
Unloading 30 Unused Serialized files (Serialized files now loaded: 0)
Unloading 6712 unused Assets / (6.6 MB). Loaded Objects now: 7519.
Memory consumption went from 159.1 MB to 152.6 MB.
Total: 10.820000 ms (FindLiveObjects: 0.613700 ms CreateObjectMapping: 0.519200 ms MarkObjects: 6.185800 ms  DeleteObjects: 3.499600 ms)

Prepare: number of updated asset objects reloaded= 0
========================================================================
Received Prepare
Begin MonoManager ReloadAssembly
- Loaded All Assemblies, in  0.640 seconds
Refreshing native plugins compatible for Editor in 0.94 ms, found 4 plugins.
Native extension for WindowsStandalone target not found
[Package Manager] Failed to launch server process. Reason: Unity was launched with the -noUpm command-line argument
[Package Manager] Unable to send message (not connected to server process).
[Package Manager] Cannot connect to Unity Package Manager local server
Mono: successfully reloaded assembly
- Finished resetting the current domain, in  0.703 seconds
Domain Reload Profiling: 1346ms
	BeginReloadAssembly (184ms)
		ExecutionOrderSort (0ms)
		DisableScriptedObjects (14ms)
		BackupInstance (0ms)
		ReleaseScriptingObjects (0ms)
		CreateAndSetChildDomain (38ms)
	RebuildCommonClasses (36ms)
	RebuildNativeTypeToScriptingClass (13ms)
	initialDomainReloadingComplete (23ms)
	LoadAllAssembliesAndSetupDomain (388ms)
		LoadAssemblies (288ms)
		RebuildTransferFunctionScriptingTraits (0ms)
		AnalyzeDomain (186ms)
			TypeCache.Refresh (9ms)
				TypeCache.ScanAssembly (0ms)
			BuildScriptInfoCaches (160ms)
			ResolveRequiredComponents (11ms)
	FinalizeReload (703ms)
		ReleaseScriptCaches (0ms)
		RebuildScriptCaches (0ms)
		SetupLoadedEditorAssemblies (552ms)
			LogAssemblyErrors (0ms)
			InitializePlatformSupportModulesInManaged (2ms)
			SetLoadedEditorAssemblies (5ms)
			BeforeProcessingInitializeOnLoad (124ms)
			ProcessInitializeOnLoadAttributes (355ms)
			ProcessInitializeOnLoadMethodAttributes (64ms)
			AfterProcessingInitializeOnLoad (2ms)
			EditorAssembliesLoaded (0ms)
		ExecutionOrderSort2 (0ms)
		AwakeInstancesAfterBackupRestoration (16ms)
Refreshing native plugins compatible for Editor in 1.47 ms, found 4 plugins.
Preloading 0 native plugins for Editor in 0.00 ms.
Unloading 30 Unused Serialized files (Serialized files now loaded: 0)
Unloading 6723 unused Assets / (6.6 MB). Loaded Objects now: 7521.
Memory consumption went from 159.0 MB to 152.3 MB.
Total: 10.403200 ms (FindLiveObjects: 0.737100 ms CreateObjectMapping: 0.657200 ms MarkObjects: 5.160000 ms  DeleteObjects: 3.847500 ms)

Prepare: number of updated asset objects reloaded= 0
========================================================================
Received Prepare
Begin MonoManager ReloadAssembly
- Loaded All Assemblies, in  0.637 seconds
Refreshing native plugins compatible for Editor in 0.86 ms, found 4 plugins.
Native extension for WindowsStandalone target not found
[Package Manager] Failed to launch server process. Reason: Unity was launched with the -noUpm command-line argument
[Package Manager] Unable to send message (not connected to server process).
[Package Manager] Cannot connect to Unity Package Manager local server
Mono: successfully reloaded assembly
- Finished resetting the current domain, in  0.669 seconds
Domain Reload Profiling: 1309ms
	BeginReloadAssembly (183ms)
		ExecutionOrderSort (0ms)
		DisableScriptedObjects (14ms)
		BackupInstance (0ms)
		ReleaseScriptingObjects (0ms)
		CreateAndSetChildDomain (36ms)
	RebuildCommonClasses (33ms)
	RebuildNativeTypeToScriptingClass (13ms)
	initialDomainReloadingComplete (25ms)
	LoadAllAssembliesAndSetupDomain (386ms)
		LoadAssemblies (282ms)
		RebuildTransferFunctionScriptingTraits (0ms)
		AnalyzeDomain (189ms)
			TypeCache.Refresh (7ms)
				TypeCache.ScanAssembly (0ms)
			BuildScriptInfoCaches (164ms)
			ResolveRequiredComponents (12ms)
	FinalizeReload (669ms)
		ReleaseScriptCaches (0ms)
		RebuildScriptCaches (0ms)
		SetupLoadedEditorAssemblies (530ms)
			LogAssemblyErrors (0ms)
			InitializePlatformSupportModulesInManaged (2ms)
			SetLoadedEditorAssemblies (6ms)
			BeforeProcessingInitializeOnLoad (116ms)
			ProcessInitializeOnLoadAttributes (351ms)
			ProcessInitializeOnLoadMethodAttributes (53ms)
			AfterProcessingInitializeOnLoad (2ms)
			EditorAssembliesLoaded (0ms)
		ExecutionOrderSort2 (0ms)
		AwakeInstancesAfterBackupRestoration (12ms)
Refreshing native plugins compatible for Editor in 1.07 ms, found 4 plugins.
Preloading 0 native plugins for Editor in 0.00 ms.
Unloading 30 Unused Serialized files (Serialized files now loaded: 0)
Unloading 6723 unused Assets / (6.4 MB). Loaded Objects now: 7523.
Memory consumption went from 159.0 MB to 152.6 MB.
Total: 8.689800 ms (FindLiveObjects: 0.622300 ms CreateObjectMapping: 0.523000 ms MarkObjects: 4.383900 ms  DeleteObjects: 3.159300 ms)

Prepare: number of updated asset objects reloaded= 0
========================================================================
Received Prepare
Begin MonoManager ReloadAssembly
- Loaded All Assemblies, in  0.627 seconds
Refreshing native plugins compatible for Editor in 0.97 ms, found 4 plugins.
Native extension for WindowsStandalone target not found
[Package Manager] Failed to launch server process. Reason: Unity was launched with the -noUpm command-line argument
[Package Manager] Unable to send message (not connected to server process).
[Package Manager] Cannot connect to Unity Package Manager local server
Mono: successfully reloaded assembly
- Finished resetting the current domain, in  0.663 seconds
Domain Reload Profiling: 1294ms
	BeginReloadAssembly (181ms)
		ExecutionOrderSort (0ms)
		DisableScriptedObjects (13ms)
		BackupInstance (0ms)
		ReleaseScriptingObjects (0ms)
		CreateAndSetChildDomain (38ms)
	RebuildCommonClasses (32ms)
	RebuildNativeTypeToScriptingClass (11ms)
	initialDomainReloadingComplete (24ms)
	LoadAllAssembliesAndSetupDomain (382ms)
		LoadAssemblies (285ms)
		RebuildTransferFunctionScriptingTraits (0ms)
		AnalyzeDomain (179ms)
			TypeCache.Refresh (8ms)
				TypeCache.ScanAssembly (0ms)
			BuildScriptInfoCaches (155ms)
			ResolveRequiredComponents (10ms)
	FinalizeReload (664ms)
		ReleaseScriptCaches (0ms)
		RebuildScriptCaches (0ms)
		SetupLoadedEditorAssemblies (525ms)
			LogAssemblyErrors (0ms)
			InitializePlatformSupportModulesInManaged (2ms)
			SetLoadedEditorAssemblies (5ms)
			BeforeProcessingInitializeOnLoad (116ms)
			ProcessInitializeOnLoadAttributes (340ms)
			ProcessInitializeOnLoadMethodAttributes (57ms)
			AfterProcessingInitializeOnLoad (3ms)
			EditorAssembliesLoaded (0ms)
		ExecutionOrderSort2 (0ms)
		AwakeInstancesAfterBackupRestoration (13ms)
Refreshing native plugins compatible for Editor in 1.18 ms, found 4 plugins.
Preloading 0 native plugins for Editor in 0.00 ms.
Unloading 30 Unused Serialized files (Serialized files now loaded: 0)
Unloading 6723 unused Assets / (6.4 MB). Loaded Objects now: 7525.
Memory consumption went from 159.0 MB to 152.6 MB.
Total: 8.826500 ms (FindLiveObjects: 0.611000 ms CreateObjectMapping: 0.515700 ms MarkObjects: 4.527600 ms  DeleteObjects: 3.170800 ms)

Prepare: number of updated asset objects reloaded= 0
========================================================================
Received Import Request.
  Time since last request: 1682.386039 seconds.
  path: Assets/Scripts/AchievementToastManager.cs
  artifactKey: Guid(f61aebe03b0514141a3e8efa6c260bf6) Importer(2089858483,192608db42251d675da83286b1cce702)
Start importing Assets/Scripts/AchievementToastManager.cs using Guid(f61aebe03b0514141a3e8efa6c260bf6) Importer(2089858483,192608db42251d675da83286b1cce702) (ScriptedImporter) -> (artifact id: 'f168c25d6fc59c31de99e233c19a3df9') in 0.2783122 seconds
Number of updated asset objects reloaded before import = 0Number of asset objects unloaded after import = 0

========================================================================
Received Import Request.
  Time since last request: 0.000028 seconds.
  path: Assets/Scenes/SampleScene.unity
  artifactKey: Guid(8c9cfa26abfee488c85f1582747f6a02) Importer(2089858483,192608db42251d675da83286b1cce702)
Start importing Assets/Scenes/SampleScene.unity using Guid(8c9cfa26abfee488c85f1582747f6a02) Importer(2089858483,192608db42251d675da83286b1cce702) (ScriptedImporter) -> (artifact id: 'ea20def0767e6999654e8189b25b1017') in 0.0271712 seconds
Number of updated asset objects reloaded before import = 0Number of asset objects unloaded after import = 1

========================================================================
Received Import Request.
  Time since last request: 7.192985 seconds.
  path: Assets/Scripts/AchievementsRelated
  artifactKey: Guid(f87d33e34fa70944faf2665a5b05e694) Importer(815301076,1909f56bfc062723c751e8b465ee728b)
Start importing Assets/Scripts/AchievementsRelated using Guid(f87d33e34fa70944faf2665a5b05e694) Importer(815301076,1909f56bfc062723c751e8b465ee728b) (PreviewImporter) -> (artifact id: 'abcb58dba9b255086b5067a2f3577949') in 0.0005865 seconds
Number of updated asset objects reloaded before import = 0Number of asset objects unloaded after import = 0

========================================================================
Received Import Request.
  Time since last request: 0.950156 seconds.
  path: Assets/Scripts/AchievementsRelated
  artifactKey: Guid(f87d33e34fa70944faf2665a5b05e694) Importer(2089858483,192608db42251d675da83286b1cce702)
Start importing Assets/Scripts/AchievementsRelated using Guid(f87d33e34fa70944faf2665a5b05e694) Importer(2089858483,192608db42251d675da83286b1cce702) (ScriptedImporter) -> (artifact id: 'e90b6bc3f4dde8dcb9af8e5d0ff1ca7e') in 0.0140648 seconds
Number of updated asset objects reloaded before import = 0Number of asset objects unloaded after import = 1

========================================================================
Received Prepare
Begin MonoManager ReloadAssembly
- Loaded All Assemblies, in  0.664 seconds
Refreshing native plugins compatible for Editor in 0.94 ms, found 4 plugins.
Native extension for WindowsStandalone target not found
[Package Manager] Failed to launch server process. Reason: Unity was launched with the -noUpm command-line argument
[Package Manager] Unable to send message (not connected to server process).
[Package Manager] Cannot connect to Unity Package Manager local server
Mono: successfully reloaded assembly
- Finished resetting the current domain, in  0.674 seconds
Domain Reload Profiling: 1342ms
	BeginReloadAssembly (210ms)
		ExecutionOrderSort (0ms)
		DisableScriptedObjects (14ms)
		BackupInstance (0ms)
		ReleaseScriptingObjects (0ms)
		CreateAndSetChildDomain (58ms)
	RebuildCommonClasses (32ms)
	RebuildNativeTypeToScriptingClass (12ms)
	initialDomainReloadingComplete (23ms)
	LoadAllAssembliesAndSetupDomain (390ms)
		LoadAssemblies (295ms)
		RebuildTransferFunctionScriptingTraits (0ms)
		AnalyzeDomain (182ms)
			TypeCache.Refresh (7ms)
				TypeCache.ScanAssembly (0ms)
			BuildScriptInfoCaches (161ms)
			ResolveRequiredComponents (9ms)
	FinalizeReload (675ms)
		ReleaseScriptCaches (0ms)
		RebuildScriptCaches (0ms)
		SetupLoadedEditorAssemblies (536ms)
			LogAssemblyErrors (0ms)
			InitializePlatformSupportModulesInManaged (2ms)
			SetLoadedEditorAssemblies (5ms)
			BeforeProcessingInitializeOnLoad (115ms)
			ProcessInitializeOnLoadAttributes (356ms)
			ProcessInitializeOnLoadMethodAttributes (55ms)
			AfterProcessingInitializeOnLoad (2ms)
			EditorAssembliesLoaded (0ms)
		ExecutionOrderSort2 (0ms)
		AwakeInstancesAfterBackupRestoration (14ms)
Refreshing native plugins compatible for Editor in 1.57 ms, found 4 plugins.
Preloading 0 native plugins for Editor in 0.00 ms.
Unloading 30 Unused Serialized files (Serialized files now loaded: 0)
Unloading 6723 unused Assets / (6.9 MB). Loaded Objects now: 7527.
Memory consumption went from 159.1 MB to 152.3 MB.
Total: 10.462100 ms (FindLiveObjects: 0.686800 ms CreateObjectMapping: 0.628500 ms MarkObjects: 4.808500 ms  DeleteObjects: 4.336600 ms)

Prepare: number of updated asset objects reloaded= 0
========================================================================
Received Prepare
Begin MonoManager ReloadAssembly
- Loaded All Assemblies, in  0.636 seconds
Refreshing native plugins compatible for Editor in 0.78 ms, found 4 plugins.
Native extension for WindowsStandalone target not found
[Package Manager] Failed to launch server process. Reason: Unity was launched with the -noUpm command-line argument
[Package Manager] Unable to send message (not connected to server process).
[Package Manager] Cannot connect to Unity Package Manager local server
Mono: successfully reloaded assembly
- Finished resetting the current domain, in  0.668 seconds
Domain Reload Profiling: 1308ms
	BeginReloadAssembly (184ms)
		ExecutionOrderSort (0ms)
		DisableScriptedObjects (13ms)
		BackupInstance (0ms)
		ReleaseScriptingObjects (0ms)
		CreateAndSetChildDomain (43ms)
	RebuildCommonClasses (32ms)
	RebuildNativeTypeToScriptingClass (11ms)
	initialDomainReloadingComplete (23ms)
	LoadAllAssembliesAndSetupDomain (390ms)
		LoadAssemblies (281ms)
		RebuildTransferFunctionScriptingTraits (0ms)
		AnalyzeDomain (190ms)
			TypeCache.Refresh (8ms)
				TypeCache.ScanAssembly (0ms)
			BuildScriptInfoCaches (169ms)
			ResolveRequiredComponents (9ms)
	FinalizeReload (668ms)
		ReleaseScriptCaches (0ms)
		RebuildScriptCaches (0ms)
		SetupLoadedEditorAssemblies (533ms)
			LogAssemblyErrors (0ms)
			InitializePlatformSupportModulesInManaged (2ms)
			SetLoadedEditorAssemblies (6ms)
			BeforeProcessingInitializeOnLoad (115ms)
			ProcessInitializeOnLoadAttributes (351ms)
			ProcessInitializeOnLoadMethodAttributes (57ms)
			AfterProcessingInitializeOnLoad (2ms)
			EditorAssembliesLoaded (0ms)
		ExecutionOrderSort2 (0ms)
		AwakeInstancesAfterBackupRestoration (12ms)
Refreshing native plugins compatible for Editor in 1.62 ms, found 4 plugins.
Preloading 0 native plugins for Editor in 0.00 ms.
Unloading 30 Unused Serialized files (Serialized files now loaded: 0)
Unloading 6723 unused Assets / (6.6 MB). Loaded Objects now: 7529.
Memory consumption went from 159.2 MB to 152.6 MB.
Total: 10.408800 ms (FindLiveObjects: 0.639000 ms CreateObjectMapping: 0.571200 ms MarkObjects: 5.535800 ms  DeleteObjects: 3.661300 ms)

Prepare: number of updated asset objects reloaded= 0
========================================================================
Received Prepare
Begin MonoManager ReloadAssembly
- Loaded All Assemblies, in  0.658 seconds
Refreshing native plugins compatible for Editor in 0.98 ms, found 4 plugins.
Native extension for WindowsStandalone target not found
[Package Manager] Failed to launch server process. Reason: Unity was launched with the -noUpm command-line argument
[Package Manager] Unable to send message (not connected to server process).
[Package Manager] Cannot connect to Unity Package Manager local server
Mono: successfully reloaded assembly
- Finished resetting the current domain, in  0.694 seconds
Domain Reload Profiling: 1356ms
	BeginReloadAssembly (190ms)
		ExecutionOrderSort (0ms)
		DisableScriptedObjects (14ms)
		BackupInstance (0ms)
		ReleaseScriptingObjects (0ms)
		CreateAndSetChildDomain (41ms)
	RebuildCommonClasses (35ms)
	RebuildNativeTypeToScriptingClass (13ms)
	initialDomainReloadingComplete (24ms)
	LoadAllAssembliesAndSetupDomain (400ms)
		LoadAssemblies (292ms)
		RebuildTransferFunctionScriptingTraits (0ms)
		AnalyzeDomain (196ms)
			TypeCache.Refresh (8ms)
				TypeCache.ScanAssembly (0ms)
			BuildScriptInfoCaches (173ms)
			ResolveRequiredComponents (11ms)
	FinalizeReload (694ms)
		ReleaseScriptCaches (0ms)
		RebuildScriptCaches (0ms)
		SetupLoadedEditorAssemblies (548ms)
			LogAssemblyErrors (0ms)
			InitializePlatformSupportModulesInManaged (2ms)
			SetLoadedEditorAssemblies (5ms)
			BeforeProcessingInitializeOnLoad (117ms)
			ProcessInitializeOnLoadAttributes (359ms)
			ProcessInitializeOnLoadMethodAttributes (62ms)
			AfterProcessingInitializeOnLoad (2ms)
			EditorAssembliesLoaded (0ms)
		ExecutionOrderSort2 (0ms)
		AwakeInstancesAfterBackupRestoration (15ms)
Refreshing native plugins compatible for Editor in 1.30 ms, found 4 plugins.
Preloading 0 native plugins for Editor in 0.00 ms.
Unloading 30 Unused Serialized files (Serialized files now loaded: 0)
Unloading 6723 unused Assets / (6.7 MB). Loaded Objects now: 7531.
Memory consumption went from 159.2 MB to 152.5 MB.
Total: 9.225100 ms (FindLiveObjects: 0.590500 ms CreateObjectMapping: 0.560400 ms MarkObjects: 4.769900 ms  DeleteObjects: 3.302800 ms)

Prepare: number of updated asset objects reloaded= 0
========================================================================
Received Import Request.
  Time since last request: 7503.564099 seconds.
  path: Assets/ChatGPT Image 2025年12月31日 21_45_42.png
  artifactKey: Guid(618282cc327252c4182d4063f68cb7c1) Importer(815301076,1909f56bfc062723c751e8b465ee728b)
Start importing Assets/ChatGPT Image 2025年12月31日 21_45_42.png using Guid(618282cc327252c4182d4063f68cb7c1) Importer(815301076,1909f56bfc062723c751e8b465ee728b) (PreviewImporter) -> (artifact id: '7f2bbd8506cd30809de7f6b9dbcdb282') in 0.1232344 seconds
Number of updated asset objects reloaded before import = 0Number of asset objects unloaded after import = 3

========================================================================
Received Import Request.
  Time since last request: 67.008832 seconds.
  path: Assets/ChatGPT Image 2025年12月31日 21_45_42.png
  artifactKey: Guid(618282cc327252c4182d4063f68cb7c1) Importer(815301076,1909f56bfc062723c751e8b465ee728b)
Start importing Assets/ChatGPT Image 2025年12月31日 21_45_42.png using Guid(618282cc327252c4182d4063f68cb7c1) Importer(815301076,1909f56bfc062723c751e8b465ee728b) (PreviewImporter) -> (artifact id: '57c06106911f0fbe6ea2cbdd0c790798') in 0.0278629 seconds
Number of updated asset objects reloaded before import = 0Number of asset objects unloaded after import = 3

========================================================================
Received Import Request.
  Time since last request: 230.636566 seconds.
  path: Assets/ChatGPT Image 2025年12月31日 21_45_42.png
  artifactKey: Guid(618282cc327252c4182d4063f68cb7c1) Importer(2089858483,192608db42251d675da83286b1cce702)
Start importing Assets/ChatGPT Image 2025年12月31日 21_45_42.png using Guid(618282cc327252c4182d4063f68cb7c1) Importer(2089858483,192608db42251d675da83286b1cce702) (ScriptedImporter) -> (artifact id: 'd62f08ce43029347b62312317a1bae6d') in 0.1942974 seconds
Number of updated asset objects reloaded before import = 0Number of asset objects unloaded after import = 3

========================================================================
Received Prepare
Refreshing native plugins compatible for Editor in 1.42 ms, found 4 plugins.
Preloading 0 native plugins for Editor in 0.00 ms.
Unloading 30 Unused Serialized files (Serialized files now loaded: 0)
Unloading 6713 unused Assets / (6.6 MB). Loaded Objects now: 7541.
Memory consumption went from 164.5 MB to 157.9 MB.
Total: 10.609000 ms (FindLiveObjects: 0.645000 ms CreateObjectMapping: 0.580700 ms MarkObjects: 5.978000 ms  DeleteObjects: 3.403900 ms)

Prepare: number of updated asset objects reloaded= 0
========================================================================
Received Import Request.
  Time since last request: 4.273148 seconds.
  path: Assets/Scripts/AchievementsRelated/ClickStar.cs
  artifactKey: Guid(78edf53148414da4bb50f312d00d0935) Importer(815301076,1909f56bfc062723c751e8b465ee728b)
Start importing Assets/Scripts/AchievementsRelated/ClickStar.cs using Guid(78edf53148414da4bb50f312d00d0935) Importer(815301076,1909f56bfc062723c751e8b465ee728b) (PreviewImporter) -> (artifact id: '37f67541321af6b31acb0e357d16413b') in 0.005508 seconds
Number of updated asset objects reloaded before import = 0Number of asset objects unloaded after import = 0

========================================================================
Received Import Request.
  Time since last request: 0.683072 seconds.
  path: Assets/Scripts/AchievementsRelated/ClickStar.cs
  artifactKey: Guid(78edf53148414da4bb50f312d00d0935) Importer(2089858483,192608db42251d675da83286b1cce702)
Start importing Assets/Scripts/AchievementsRelated/ClickStar.cs using Guid(78edf53148414da4bb50f312d00d0935) Importer(2089858483,192608db42251d675da83286b1cce702) (ScriptedImporter) -> (artifact id: 'b6ebed047259450595360794b96df22c') in 0.015525 seconds
Number of updated asset objects reloaded before import = 0Number of asset objects unloaded after import = 0

========================================================================
Received Prepare
Begin MonoManager ReloadAssembly
- Loaded All Assemblies, in  1.070 seconds
Refreshing native plugins compatible for Editor in 3.28 ms, found 4 plugins.
Native extension for WindowsStandalone target not found
[Package Manager] Failed to launch server process. Reason: Unity was launched with the -noUpm command-line argument
[Package Manager] Unable to send message (not connected to server process).
[Package Manager] Cannot connect to Unity Package Manager local server
Mono: successfully reloaded assembly
- Finished resetting the current domain, in  1.360 seconds
Domain Reload Profiling: 2433ms
	BeginReloadAssembly (312ms)
		ExecutionOrderSort (0ms)
		DisableScriptedObjects (25ms)
		BackupInstance (0ms)
		ReleaseScriptingObjects (0ms)
		CreateAndSetChildDomain (76ms)
	RebuildCommonClasses (51ms)
	RebuildNativeTypeToScriptingClass (21ms)
	initialDomainReloadingComplete (38ms)
	LoadAllAssembliesAndSetupDomain (650ms)
		LoadAssemblies (494ms)
		RebuildTransferFunctionScriptingTraits (0ms)
		AnalyzeDomain (300ms)
			TypeCache.Refresh (12ms)
				TypeCache.ScanAssembly (1ms)
			BuildScriptInfoCaches (267ms)
			ResolveRequiredComponents (14ms)
	FinalizeReload (1361ms)
		ReleaseScriptCaches (0ms)
		RebuildScriptCaches (0ms)
		SetupLoadedEditorAssemblies (1069ms)
			LogAssemblyErrors (0ms)
			InitializePlatformSupportModulesInManaged (4ms)
			SetLoadedEditorAssemblies (8ms)
			BeforeProcessingInitializeOnLoad (261ms)
			ProcessInitializeOnLoadAttributes (679ms)
			ProcessInitializeOnLoadMethodAttributes (111ms)
			AfterProcessingInitializeOnLoad (5ms)
			EditorAssembliesLoaded (1ms)
		ExecutionOrderSort2 (0ms)
		AwakeInstancesAfterBackupRestoration (36ms)
Refreshing native plugins compatible for Editor in 3.57 ms, found 4 plugins.
Preloading 0 native plugins for Editor in 0.00 ms.
Unloading 30 Unused Serialized files (Serialized files now loaded: 0)
Unloading 6724 unused Assets / (6.7 MB). Loaded Objects now: 7542.
Memory consumption went from 164.1 MB to 157.4 MB.
Total: 15.813800 ms (FindLiveObjects: 1.089100 ms CreateObjectMapping: 1.113100 ms MarkObjects: 8.414100 ms  DeleteObjects: 5.195500 ms)

Prepare: number of updated asset objects reloaded= 0
========================================================================
Received Import Request.
  Time since last request: 9.761007 seconds.
  path: Assets/Scripts/AchievementsRelated/ClickStar.cs
  artifactKey: Guid(78edf53148414da4bb50f312d00d0935) Importer(815301076,1909f56bfc062723c751e8b465ee728b)
Start importing Assets/Scripts/AchievementsRelated/ClickStar.cs using Guid(78edf53148414da4bb50f312d00d0935) Importer(815301076,1909f56bfc062723c751e8b465ee728b) (PreviewImporter) -> (artifact id: '148304cb9a100d8784de0d9a4ac95580') in 0.0063237 seconds
Number of updated asset objects reloaded before import = 0Number of asset objects unloaded after import = 0

========================================================================
Received Prepare
Begin MonoManager ReloadAssembly
- Loaded All Assemblies, in  0.657 seconds
Refreshing native plugins compatible for Editor in 1.02 ms, found 4 plugins.
Native extension for WindowsStandalone target not found
[Package Manager] Failed to launch server process. Reason: Unity was launched with the -noUpm command-line argument
[Package Manager] Unable to send message (not connected to server process).
[Package Manager] Cannot connect to Unity Package Manager local server
Mono: successfully reloaded assembly
- Finished resetting the current domain, in  0.686 seconds
Domain Reload Profiling: 1348ms
	BeginReloadAssembly (193ms)
		ExecutionOrderSort (0ms)
		DisableScriptedObjects (13ms)
		BackupInstance (0ms)
		ReleaseScriptingObjects (0ms)
		CreateAndSetChildDomain (43ms)
	RebuildCommonClasses (34ms)
	RebuildNativeTypeToScriptingClass (13ms)
	initialDomainReloadingComplete (25ms)
	LoadAllAssembliesAndSetupDomain (396ms)
		LoadAssemblies (291ms)
		RebuildTransferFunctionScriptingTraits (0ms)
		AnalyzeDomain (191ms)
			TypeCache.Refresh (8ms)
				TypeCache.ScanAssembly (0ms)
			BuildScriptInfoCaches (166ms)
			ResolveRequiredComponents (10ms)
	FinalizeReload (686ms)
		ReleaseScriptCaches (0ms)
		RebuildScriptCaches (0ms)
		SetupLoadedEditorAssemblies (543ms)
			LogAssemblyErrors (0ms)
			InitializePlatformSupportModulesInManaged (2ms)
			SetLoadedEditorAssemblies (5ms)
			BeforeProcessingInitializeOnLoad (127ms)
			ProcessInitializeOnLoadAttributes (346ms)
			ProcessInitializeOnLoadMethodAttributes (60ms)
			AfterProcessingInitializeOnLoad (2ms)
			EditorAssembliesLoaded (0ms)
		ExecutionOrderSort2 (0ms)
		AwakeInstancesAfterBackupRestoration (13ms)
Refreshing native plugins compatible for Editor in 1.22 ms, found 4 plugins.
Preloading 0 native plugins for Editor in 0.00 ms.
Unloading 30 Unused Serialized files (Serialized files now loaded: 0)
Unloading 6724 unused Assets / (6.3 MB). Loaded Objects now: 7544.
Memory consumption went from 164.0 MB to 157.8 MB.
Total: 9.232200 ms (FindLiveObjects: 0.800100 ms CreateObjectMapping: 0.458500 ms MarkObjects: 4.723900 ms  DeleteObjects: 3.247900 ms)

Prepare: number of updated asset objects reloaded= 0
========================================================================
Received Import Request.
  Time since last request: 11.408751 seconds.
  path: Assets/Scripts/AchievementsRelated/ClickStar.cs
  artifactKey: Guid(78edf53148414da4bb50f312d00d0935) Importer(815301076,1909f56bfc062723c751e8b465ee728b)
Start importing Assets/Scripts/AchievementsRelated/ClickStar.cs using Guid(78edf53148414da4bb50f312d00d0935) Importer(815301076,1909f56bfc062723c751e8b465ee728b) (PreviewImporter) -> (artifact id: '243aded5cea9e4b4da702ede1d0af35e') in 0.0049819 seconds
Number of updated asset objects reloaded before import = 0Number of asset objects unloaded after import = 0

========================================================================
Received Prepare
Begin MonoManager ReloadAssembly
- Loaded All Assemblies, in  0.646 seconds
Refreshing native plugins compatible for Editor in 1.38 ms, found 4 plugins.
Native extension for WindowsStandalone target not found
[Package Manager] Failed to launch server process. Reason: Unity was launched with the -noUpm command-line argument
[Package Manager] Unable to send message (not connected to server process).
[Package Manager] Cannot connect to Unity Package Manager local server
Mono: successfully reloaded assembly
- Finished resetting the current domain, in  0.689 seconds
Domain Reload Profiling: 1339ms
	BeginReloadAssembly (192ms)
		ExecutionOrderSort (0ms)
		DisableScriptedObjects (13ms)
		BackupInstance (0ms)
		ReleaseScriptingObjects (0ms)
		CreateAndSetChildDomain (40ms)
	RebuildCommonClasses (34ms)
	RebuildNativeTypeToScriptingClass (12ms)
	initialDomainReloadingComplete (26ms)
	LoadAllAssembliesAndSetupDomain (385ms)
		LoadAssemblies (290ms)
		RebuildTransferFunctionScriptingTraits (0ms)
		AnalyzeDomain (183ms)
			TypeCache.Refresh (11ms)
				TypeCache.ScanAssembly (0ms)
			BuildScriptInfoCaches (157ms)
			ResolveRequiredComponents (10ms)
	FinalizeReload (690ms)
		ReleaseScriptCaches (0ms)
		RebuildScriptCaches (0ms)
		SetupLoadedEditorAssemblies (545ms)
			LogAssemblyErrors (0ms)
			InitializePlatformSupportModulesInManaged (2ms)
			SetLoadedEditorAssemblies (5ms)
			BeforeProcessingInitializeOnLoad (121ms)
			ProcessInitializeOnLoadAttributes (358ms)
			ProcessInitializeOnLoadMethodAttributes (56ms)
			AfterProcessingInitializeOnLoad (2ms)
			EditorAssembliesLoaded (0ms)
		ExecutionOrderSort2 (0ms)
		AwakeInstancesAfterBackupRestoration (12ms)
Refreshing native plugins compatible for Editor in 1.29 ms, found 4 plugins.
Preloading 0 native plugins for Editor in 0.00 ms.
Unloading 30 Unused Serialized files (Serialized files now loaded: 0)
Unloading 6724 unused Assets / (6.0 MB). Loaded Objects now: 7546.
Memory consumption went from 164.1 MB to 158.1 MB.
Total: 9.426700 ms (FindLiveObjects: 0.619800 ms CreateObjectMapping: 0.524600 ms MarkObjects: 5.062300 ms  DeleteObjects: 3.218400 ms)

Prepare: number of updated asset objects reloaded= 0
========================================================================
Received Prepare
Begin MonoManager ReloadAssembly
- Loaded All Assemblies, in  0.643 seconds
Refreshing native plugins compatible for Editor in 1.21 ms, found 4 plugins.
Native extension for WindowsStandalone target not found
[Package Manager] Failed to launch server process. Reason: Unity was launched with the -noUpm command-line argument
[Package Manager] Unable to send message (not connected to server process).
[Package Manager] Cannot connect to Unity Package Manager local server
Mono: successfully reloaded assembly
- Finished resetting the current domain, in  0.667 seconds
Domain Reload Profiling: 1314ms
	BeginReloadAssembly (188ms)
		ExecutionOrderSort (0ms)
		DisableScriptedObjects (13ms)
		BackupInstance (0ms)
		ReleaseScriptingObjects (0ms)
		CreateAndSetChildDomain (43ms)
	RebuildCommonClasses (32ms)
	RebuildNativeTypeToScriptingClass (11ms)
	initialDomainReloadingComplete (24ms)
	LoadAllAssembliesAndSetupDomain (391ms)
		LoadAssemblies (282ms)
		RebuildTransferFunctionScriptingTraits (0ms)
		AnalyzeDomain (193ms)
			TypeCache.Refresh (7ms)
				TypeCache.ScanAssembly (0ms)
			BuildScriptInfoCaches (169ms)
			ResolveRequiredComponents (11ms)
	FinalizeReload (668ms)
		ReleaseScriptCaches (0ms)
		RebuildScriptCaches (0ms)
		SetupLoadedEditorAssemblies (528ms)
			LogAssemblyErrors (0ms)
			InitializePlatformSupportModulesInManaged (2ms)
			SetLoadedEditorAssemblies (5ms)
			BeforeProcessingInitializeOnLoad (118ms)
			ProcessInitializeOnLoadAttributes (344ms)
			ProcessInitializeOnLoadMethodAttributes (55ms)
			AfterProcessingInitializeOnLoad (2ms)
			EditorAssembliesLoaded (0ms)
		ExecutionOrderSort2 (0ms)
		AwakeInstancesAfterBackupRestoration (13ms)
Refreshing native plugins compatible for Editor in 1.29 ms, found 4 plugins.
Preloading 0 native plugins for Editor in 0.00 ms.
Unloading 30 Unused Serialized files (Serialized files now loaded: 0)
Unloading 6724 unused Assets / (6.7 MB). Loaded Objects now: 7548.
Memory consumption went from 164.1 MB to 157.4 MB.
Total: 8.996300 ms (FindLiveObjects: 0.657000 ms CreateObjectMapping: 0.529300 ms MarkObjects: 4.490800 ms  DeleteObjects: 3.317900 ms)

Prepare: number of updated asset objects reloaded= 0
========================================================================
Received Prepare
Begin MonoManager ReloadAssembly
- Loaded All Assemblies, in  0.644 seconds
Refreshing native plugins compatible for Editor in 1.29 ms, found 4 plugins.
Native extension for WindowsStandalone target not found
[Package Manager] Failed to launch server process. Reason: Unity was launched with the -noUpm command-line argument
[Package Manager] Unable to send message (not connected to server process).
[Package Manager] Cannot connect to Unity Package Manager local server
Mono: successfully reloaded assembly
- Finished resetting the current domain, in  0.685 seconds
Domain Reload Profiling: 1332ms
	BeginReloadAssembly (179ms)
		ExecutionOrderSort (0ms)
		DisableScriptedObjects (12ms)
		BackupInstance (0ms)
		ReleaseScriptingObjects (0ms)
		CreateAndSetChildDomain (39ms)
	RebuildCommonClasses (33ms)
	RebuildNativeTypeToScriptingClass (13ms)
	initialDomainReloadingComplete (26ms)
	LoadAllAssembliesAndSetupDomain (396ms)
		LoadAssemblies (283ms)
		RebuildTransferFunctionScriptingTraits (0ms)
		AnalyzeDomain (190ms)
			TypeCache.Refresh (6ms)
				TypeCache.ScanAssembly (0ms)
			BuildScriptInfoCaches (167ms)
			ResolveRequiredComponents (11ms)
	FinalizeReload (685ms)
		ReleaseScriptCaches (0ms)
		RebuildScriptCaches (0ms)
		SetupLoadedEditorAssemblies (543ms)
			LogAssemblyErrors (0ms)
			InitializePlatformSupportModulesInManaged (2ms)
			SetLoadedEditorAssemblies (5ms)
			BeforeProcessingInitializeOnLoad (120ms)
			ProcessInitializeOnLoadAttributes (356ms)
			ProcessInitializeOnLoadMethodAttributes (55ms)
			AfterProcessingInitializeOnLoad (4ms)
			EditorAssembliesLoaded (0ms)
		ExecutionOrderSort2 (0ms)
		AwakeInstancesAfterBackupRestoration (13ms)
Refreshing native plugins compatible for Editor in 1.12 ms, found 4 plugins.
Preloading 0 native plugins for Editor in 0.00 ms.
Unloading 30 Unused Serialized files (Serialized files now loaded: 0)
Unloading 6724 unused Assets / (6.4 MB). Loaded Objects now: 7550.
Memory consumption went from 164.2 MB to 157.9 MB.
Total: 8.399700 ms (FindLiveObjects: 0.579500 ms CreateObjectMapping: 0.498700 ms MarkObjects: 4.203300 ms  DeleteObjects: 3.116800 ms)

Prepare: number of updated asset objects reloaded= 0
========================================================================
Received Prepare
Begin MonoManager ReloadAssembly
- Loaded All Assemblies, in  0.667 seconds
Refreshing native plugins compatible for Editor in 1.18 ms, found 4 plugins.
Native extension for WindowsStandalone target not found
[Package Manager] Failed to launch server process. Reason: Unity was launched with the -noUpm command-line argument
[Package Manager] Unable to send message (not connected to server process).
[Package Manager] Cannot connect to Unity Package Manager local server
Mono: successfully reloaded assembly
- Finished resetting the current domain, in  0.706 seconds
Domain Reload Profiling: 1377ms
	BeginReloadAssembly (195ms)
		ExecutionOrderSort (0ms)
		DisableScriptedObjects (14ms)
		BackupInstance (0ms)
		ReleaseScriptingObjects (0ms)
		CreateAndSetChildDomain (44ms)
	RebuildCommonClasses (34ms)
	RebuildNativeTypeToScriptingClass (12ms)
	initialDomainReloadingComplete (24ms)
	LoadAllAssembliesAndSetupDomain (405ms)
		LoadAssemblies (304ms)
		RebuildTransferFunctionScriptingTraits (0ms)
		AnalyzeDomain (189ms)
			TypeCache.Refresh (6ms)
				TypeCache.ScanAssembly (0ms)
			BuildScriptInfoCaches (166ms)
			ResolveRequiredComponents (12ms)
	FinalizeReload (707ms)
		ReleaseScriptCaches (0ms)
		RebuildScriptCaches (0ms)
		SetupLoadedEditorAssemblies (544ms)
			LogAssemblyErrors (0ms)
			InitializePlatformSupportModulesInManaged (2ms)
			SetLoadedEditorAssemblies (5ms)
			BeforeProcessingInitializeOnLoad (115ms)
			ProcessInitializeOnLoadAttributes (362ms)
			ProcessInitializeOnLoadMethodAttributes (58ms)
			AfterProcessingInitializeOnLoad (2ms)
			EditorAssembliesLoaded (0ms)
		ExecutionOrderSort2 (0ms)
		AwakeInstancesAfterBackupRestoration (13ms)
Refreshing native plugins compatible for Editor in 1.15 ms, found 4 plugins.
Preloading 0 native plugins for Editor in 0.00 ms.
Unloading 30 Unused Serialized files (Serialized files now loaded: 0)
Unloading 6724 unused Assets / (7.0 MB). Loaded Objects now: 7552.
Memory consumption went from 164.2 MB to 157.2 MB.
Total: 9.390800 ms (FindLiveObjects: 0.603600 ms CreateObjectMapping: 0.718500 ms MarkObjects: 4.465700 ms  DeleteObjects: 3.601500 ms)

Prepare: number of updated asset objects reloaded= 0
========================================================================
Received Prepare
Begin MonoManager ReloadAssembly
- Loaded All Assemblies, in  0.655 seconds
Refreshing native plugins compatible for Editor in 0.85 ms, found 4 plugins.
Native extension for WindowsStandalone target not found
[Package Manager] Failed to launch server process. Reason: Unity was launched with the -noUpm command-line argument
[Package Manager] Unable to send message (not connected to server process).
[Package Manager] Cannot connect to Unity Package Manager local server
Mono: successfully reloaded assembly
- Finished resetting the current domain, in  0.693 seconds
Domain Reload Profiling: 1352ms
	BeginReloadAssembly (197ms)
		ExecutionOrderSort (0ms)
		DisableScriptedObjects (14ms)
		BackupInstance (0ms)
		ReleaseScriptingObjects (0ms)
		CreateAndSetChildDomain (45ms)
	RebuildCommonClasses (36ms)
	RebuildNativeTypeToScriptingClass (13ms)
	initialDomainReloadingComplete (24ms)
	LoadAllAssembliesAndSetupDomain (389ms)
		LoadAssemblies (292ms)
		RebuildTransferFunctionScriptingTraits (0ms)
		AnalyzeDomain (186ms)
			TypeCache.Refresh (12ms)
				TypeCache.ScanAssembly (0ms)
			BuildScriptInfoCaches (160ms)
			ResolveRequiredComponents (10ms)
	FinalizeReload (693ms)
		ReleaseScriptCaches (0ms)
		RebuildScriptCaches (0ms)
		SetupLoadedEditorAssemblies (551ms)
			LogAssemblyErrors (0ms)
			InitializePlatformSupportModulesInManaged (2ms)
			SetLoadedEditorAssemblies (7ms)
			BeforeProcessingInitializeOnLoad (124ms)
			ProcessInitializeOnLoadAttributes (356ms)
			ProcessInitializeOnLoadMethodAttributes (58ms)
			AfterProcessingInitializeOnLoad (3ms)
			EditorAssembliesLoaded (0ms)
		ExecutionOrderSort2 (0ms)
		AwakeInstancesAfterBackupRestoration (13ms)
Refreshing native plugins compatible for Editor in 1.06 ms, found 4 plugins.
Preloading 0 native plugins for Editor in 0.00 ms.
Unloading 30 Unused Serialized files (Serialized files now loaded: 0)
Unloading 6724 unused Assets / (6.4 MB). Loaded Objects now: 7554.
Memory consumption went from 164.2 MB to 157.8 MB.
Total: 8.772600 ms (FindLiveObjects: 0.600900 ms CreateObjectMapping: 0.514000 ms MarkObjects: 4.457600 ms  DeleteObjects: 3.198600 ms)

Prepare: number of updated asset objects reloaded= 0
========================================================================
Received Prepare
Begin MonoManager ReloadAssembly
- Loaded All Assemblies, in  0.629 seconds
Refreshing native plugins compatible for Editor in 1.45 ms, found 4 plugins.
Native extension for WindowsStandalone target not found
[Package Manager] Failed to launch server process. Reason: Unity was launched with the -noUpm command-line argument
[Package Manager] Unable to send message (not connected to server process).
[Package Manager] Cannot connect to Unity Package Manager local server
Mono: successfully reloaded assembly
- Finished resetting the current domain, in  0.658 seconds
Domain Reload Profiling: 1291ms
	BeginReloadAssembly (177ms)
		ExecutionOrderSort (0ms)
		DisableScriptedObjects (14ms)
		BackupInstance (0ms)
		ReleaseScriptingObjects (0ms)
		CreateAndSetChildDomain (37ms)
	RebuildCommonClasses (34ms)
	RebuildNativeTypeToScriptingClass (13ms)
	initialDomainReloadingComplete (24ms)
	LoadAllAssembliesAndSetupDomain (383ms)
		LoadAssemblies (276ms)
		RebuildTransferFunctionScriptingTraits (0ms)
		AnalyzeDomain (186ms)
			TypeCache.Refresh (7ms)
				TypeCache.ScanAssembly (0ms)
			BuildScriptInfoCaches (162ms)
			ResolveRequiredComponents (11ms)
	FinalizeReload (659ms)
		ReleaseScriptCaches (0ms)
		RebuildScriptCaches (0ms)
		SetupLoadedEditorAssemblies (521ms)
			LogAssemblyErrors (0ms)
			InitializePlatformSupportModulesInManaged (2ms)
			SetLoadedEditorAssemblies (6ms)
			BeforeProcessingInitializeOnLoad (115ms)
			ProcessInitializeOnLoadAttributes (341ms)
			ProcessInitializeOnLoadMethodAttributes (55ms)
			AfterProcessingInitializeOnLoad (2ms)
			EditorAssembliesLoaded (0ms)
		ExecutionOrderSort2 (0ms)
		AwakeInstancesAfterBackupRestoration (12ms)
Refreshing native plugins compatible for Editor in 1.12 ms, found 4 plugins.
Preloading 0 native plugins for Editor in 0.00 ms.
Unloading 30 Unused Serialized files (Serialized files now loaded: 0)
Unloading 6724 unused Assets / (6.3 MB). Loaded Objects now: 7556.
Memory consumption went from 164.3 MB to 158.0 MB.
Total: 8.143100 ms (FindLiveObjects: 0.561700 ms CreateObjectMapping: 0.502800 ms MarkObjects: 4.259600 ms  DeleteObjects: 2.817900 ms)

Prepare: number of updated asset objects reloaded= 0
========================================================================
Received Prepare
Begin MonoManager ReloadAssembly
- Loaded All Assemblies, in  0.650 seconds
Refreshing native plugins compatible for Editor in 0.91 ms, found 4 plugins.
Native extension for WindowsStandalone target not found
[Package Manager] Failed to launch server process. Reason: Unity was launched with the -noUpm command-line argument
[Package Manager] Unable to send message (not connected to server process).
[Package Manager] Cannot connect to Unity Package Manager local server
Mono: successfully reloaded assembly
- Finished resetting the current domain, in  0.674 seconds
Domain Reload Profiling: 1326ms
	BeginReloadAssembly (189ms)
		ExecutionOrderSort (0ms)
		DisableScriptedObjects (13ms)
		BackupInstance (0ms)
		ReleaseScriptingObjects (0ms)
		CreateAndSetChildDomain (42ms)
	RebuildCommonClasses (34ms)
	RebuildNativeTypeToScriptingClass (12ms)
	initialDomainReloadingComplete (27ms)
	LoadAllAssembliesAndSetupDomain (390ms)
		LoadAssemblies (290ms)
		RebuildTransferFunctionScriptingTraits (0ms)
		AnalyzeDomain (186ms)
			TypeCache.Refresh (7ms)
				TypeCache.ScanAssembly (0ms)
			BuildScriptInfoCaches (163ms)
			ResolveRequiredComponents (11ms)
	FinalizeReload (674ms)
		ReleaseScriptCaches (0ms)
		RebuildScriptCaches (0ms)
		SetupLoadedEditorAssemblies (530ms)
			LogAssemblyErrors (0ms)
			InitializePlatformSupportModulesInManaged (2ms)
			SetLoadedEditorAssemblies (5ms)
			BeforeProcessingInitializeOnLoad (115ms)
			ProcessInitializeOnLoadAttributes (346ms)
			ProcessInitializeOnLoadMethodAttributes (59ms)
			AfterProcessingInitializeOnLoad (2ms)
			EditorAssembliesLoaded (0ms)
		ExecutionOrderSort2 (0ms)
		AwakeInstancesAfterBackupRestoration (13ms)
Refreshing native plugins compatible for Editor in 1.41 ms, found 4 plugins.
Preloading 0 native plugins for Editor in 0.00 ms.
Unloading 30 Unused Serialized files (Serialized files now loaded: 0)
Unloading 6724 unused Assets / (6.6 MB). Loaded Objects now: 7558.
Memory consumption went from 164.3 MB to 157.7 MB.
Total: 9.303900 ms (FindLiveObjects: 0.610200 ms CreateObjectMapping: 0.611600 ms MarkObjects: 4.696700 ms  DeleteObjects: 3.384200 ms)

Prepare: number of updated asset objects reloaded= 0
========================================================================
Received Prepare
Begin MonoManager ReloadAssembly
- Loaded All Assemblies, in  0.635 seconds
Refreshing native plugins compatible for Editor in 1.07 ms, found 4 plugins.
Native extension for WindowsStandalone target not found
[Package Manager] Failed to launch server process. Reason: Unity was launched with the -noUpm command-line argument
[Package Manager] Unable to send message (not connected to server process).
[Package Manager] Cannot connect to Unity Package Manager local server
Mono: successfully reloaded assembly
- Finished resetting the current domain, in  0.670 seconds
Domain Reload Profiling: 1309ms
	BeginReloadAssembly (182ms)
		ExecutionOrderSort (0ms)
		DisableScriptedObjects (13ms)
		BackupInstance (0ms)
		ReleaseScriptingObjects (0ms)
		CreateAndSetChildDomain (37ms)
	RebuildCommonClasses (35ms)
	RebuildNativeTypeToScriptingClass (11ms)
	initialDomainReloadingComplete (23ms)
	LoadAllAssembliesAndSetupDomain (387ms)
		LoadAssemblies (284ms)
		RebuildTransferFunctionScriptingTraits (0ms)
		AnalyzeDomain (186ms)
			TypeCache.Refresh (7ms)
				TypeCache.ScanAssembly (0ms)
			BuildScriptInfoCaches (162ms)
			ResolveRequiredComponents (11ms)
	FinalizeReload (670ms)
		ReleaseScriptCaches (0ms)
		RebuildScriptCaches (0ms)
		SetupLoadedEditorAssemblies (527ms)
			LogAssemblyErrors (0ms)
			InitializePlatformSupportModulesInManaged (3ms)
			SetLoadedEditorAssemblies (5ms)
			BeforeProcessingInitializeOnLoad (120ms)
			ProcessInitializeOnLoadAttributes (342ms)
			ProcessInitializeOnLoadMethodAttributes (55ms)
			AfterProcessingInitializeOnLoad (3ms)
			EditorAssembliesLoaded (0ms)
		ExecutionOrderSort2 (0ms)
		AwakeInstancesAfterBackupRestoration (14ms)
Refreshing native plugins compatible for Editor in 1.29 ms, found 4 plugins.
Preloading 0 native plugins for Editor in 0.00 ms.
Unloading 30 Unused Serialized files (Serialized files now loaded: 0)
Unloading 6724 unused Assets / (6.5 MB). Loaded Objects now: 7560.
Memory consumption went from 164.4 MB to 157.9 MB.
Total: 8.432400 ms (FindLiveObjects: 0.627100 ms CreateObjectMapping: 0.528400 ms MarkObjects: 4.254900 ms  DeleteObjects: 3.020800 ms)

Prepare: number of updated asset objects reloaded= 0
========================================================================
Received Prepare
Refreshing native plugins compatible for Editor in 1.35 ms, found 4 plugins.
Preloading 0 native plugins for Editor in 0.00 ms.
Unloading 30 Unused Serialized files (Serialized files now loaded: 0)
Unloading 6713 unused Assets / (6.3 MB). Loaded Objects now: 7560.
Memory consumption went from 164.5 MB to 158.2 MB.
Total: 10.519900 ms (FindLiveObjects: 0.633700 ms CreateObjectMapping: 0.522000 ms MarkObjects: 6.121500 ms  DeleteObjects: 3.240800 ms)

Prepare: number of updated asset objects reloaded= 0
========================================================================
Received Prepare
Begin MonoManager ReloadAssembly
- Loaded All Assemblies, in  0.645 seconds
Refreshing native plugins compatible for Editor in 0.79 ms, found 4 plugins.
Native extension for WindowsStandalone target not found
[Package Manager] Failed to launch server process. Reason: Unity was launched with the -noUpm command-line argument
[Package Manager] Unable to send message (not connected to server process).
[Package Manager] Cannot connect to Unity Package Manager local server
Mono: successfully reloaded assembly
- Finished resetting the current domain, in  0.691 seconds
Domain Reload Profiling: 1340ms
	BeginReloadAssembly (188ms)
		ExecutionOrderSort (0ms)
		DisableScriptedObjects (14ms)
		BackupInstance (0ms)
		ReleaseScriptingObjects (0ms)
		CreateAndSetChildDomain (38ms)
	RebuildCommonClasses (33ms)
	RebuildNativeTypeToScriptingClass (12ms)
	initialDomainReloadingComplete (23ms)
	LoadAllAssembliesAndSetupDomain (393ms)
		LoadAssemblies (289ms)
		RebuildTransferFunctionScriptingTraits (0ms)
		AnalyzeDomain (189ms)
			TypeCache.Refresh (9ms)
				TypeCache.ScanAssembly (0ms)
			BuildScriptInfoCaches (164ms)
			ResolveRequiredComponents (10ms)
	FinalizeReload (692ms)
		ReleaseScriptCaches (0ms)
		RebuildScriptCaches (0ms)
		SetupLoadedEditorAssemblies (544ms)
			LogAssemblyErrors (0ms)
			InitializePlatformSupportModulesInManaged (2ms)
			SetLoadedEditorAssemblies (5ms)
			BeforeProcessingInitializeOnLoad (120ms)
			ProcessInitializeOnLoadAttributes (352ms)
			ProcessInitializeOnLoadMethodAttributes (63ms)
			AfterProcessingInitializeOnLoad (3ms)
			EditorAssembliesLoaded (0ms)
		ExecutionOrderSort2 (0ms)
		AwakeInstancesAfterBackupRestoration (14ms)
Refreshing native plugins compatible for Editor in 1.13 ms, found 4 plugins.
Preloading 0 native plugins for Editor in 0.00 ms.
Unloading 30 Unused Serialized files (Serialized files now loaded: 0)
Unloading 6724 unused Assets / (6.6 MB). Loaded Objects now: 7562.
Memory consumption went from 164.4 MB to 157.8 MB.
Total: 9.226700 ms (FindLiveObjects: 0.661300 ms CreateObjectMapping: 0.578300 ms MarkObjects: 4.787000 ms  DeleteObjects: 3.198700 ms)

Prepare: number of updated asset objects reloaded= 0
========================================================================
Received Prepare
Begin MonoManager ReloadAssembly
- Loaded All Assemblies, in  0.635 seconds
Refreshing native plugins compatible for Editor in 1.01 ms, found 4 plugins.
Native extension for WindowsStandalone target not found
[Package Manager] Failed to launch server process. Reason: Unity was launched with the -noUpm command-line argument
[Package Manager] Unable to send message (not connected to server process).
[Package Manager] Cannot connect to Unity Package Manager local server
Mono: successfully reloaded assembly
- Finished resetting the current domain, in  0.696 seconds
Domain Reload Profiling: 1334ms
	BeginReloadAssembly (184ms)
		ExecutionOrderSort (0ms)
		DisableScriptedObjects (13ms)
		BackupInstance (0ms)
		ReleaseScriptingObjects (0ms)
		CreateAndSetChildDomain (42ms)
	RebuildCommonClasses (34ms)
	RebuildNativeTypeToScriptingClass (12ms)
	initialDomainReloadingComplete (24ms)
	LoadAllAssembliesAndSetupDomain (384ms)
		LoadAssemblies (277ms)
		RebuildTransferFunctionScriptingTraits (0ms)
		AnalyzeDomain (187ms)
			TypeCache.Refresh (7ms)
				TypeCache.ScanAssembly (0ms)
			BuildScriptInfoCaches (162ms)
			ResolveRequiredComponents (12ms)
	FinalizeReload (696ms)
		ReleaseScriptCaches (0ms)
		RebuildScriptCaches (0ms)
		SetupLoadedEditorAssemblies (552ms)
			LogAssemblyErrors (0ms)
			InitializePlatformSupportModulesInManaged (3ms)
			SetLoadedEditorAssemblies (5ms)
			BeforeProcessingInitializeOnLoad (121ms)
			ProcessInitializeOnLoadAttributes (361ms)
			ProcessInitializeOnLoadMethodAttributes (61ms)
			AfterProcessingInitializeOnLoad (2ms)
			EditorAssembliesLoaded (0ms)
		ExecutionOrderSort2 (0ms)
		AwakeInstancesAfterBackupRestoration (14ms)
Refreshing native plugins compatible for Editor in 1.35 ms, found 4 plugins.
Preloading 0 native plugins for Editor in 0.00 ms.
Unloading 30 Unused Serialized files (Serialized files now loaded: 0)
Unloading 6724 unused Assets / (6.6 MB). Loaded Objects now: 7564.
Memory consumption went from 164.4 MB to 157.8 MB.
Total: 9.145000 ms (FindLiveObjects: 0.590000 ms CreateObjectMapping: 0.526600 ms MarkObjects: 4.473700 ms  DeleteObjects: 3.553300 ms)

Prepare: number of updated asset objects reloaded= 0
========================================================================
Received Prepare
Begin MonoManager ReloadAssembly
- Loaded All Assemblies, in  0.634 seconds
Refreshing native plugins compatible for Editor in 1.00 ms, found 4 plugins.
Native extension for WindowsStandalone target not found
[Package Manager] Failed to launch server process. Reason: Unity was launched with the -noUpm command-line argument
[Package Manager] Unable to send message (not connected to server process).
[Package Manager] Cannot connect to Unity Package Manager local server
Mono: successfully reloaded assembly
- Finished resetting the current domain, in  0.667 seconds
Domain Reload Profiling: 1305ms
	BeginReloadAssembly (178ms)
		ExecutionOrderSort (0ms)
		DisableScriptedObjects (12ms)
		BackupInstance (0ms)
		ReleaseScriptingObjects (0ms)
		CreateAndSetChildDomain (37ms)
	RebuildCommonClasses (33ms)
	RebuildNativeTypeToScriptingClass (12ms)
	initialDomainReloadingComplete (26ms)
	LoadAllAssembliesAndSetupDomain (389ms)
		LoadAssemblies (283ms)
		RebuildTransferFunctionScriptingTraits (0ms)
		AnalyzeDomain (188ms)
			TypeCache.Refresh (7ms)
				TypeCache.ScanAssembly (0ms)
			BuildScriptInfoCaches (165ms)
			ResolveRequiredComponents (10ms)
	FinalizeReload (667ms)
		ReleaseScriptCaches (0ms)
		RebuildScriptCaches (0ms)
		SetupLoadedEditorAssemblies (524ms)
			LogAssemblyErrors (0ms)
			InitializePlatformSupportModulesInManaged (2ms)
			SetLoadedEditorAssemblies (5ms)
			BeforeProcessingInitializeOnLoad (112ms)
			ProcessInitializeOnLoadAttributes (345ms)
			ProcessInitializeOnLoadMethodAttributes (58ms)
			AfterProcessingInitializeOnLoad (2ms)
			EditorAssembliesLoaded (0ms)
		ExecutionOrderSort2 (0ms)
		AwakeInstancesAfterBackupRestoration (14ms)
Refreshing native plugins compatible for Editor in 1.11 ms, found 4 plugins.
Preloading 0 native plugins for Editor in 0.00 ms.
Unloading 30 Unused Serialized files (Serialized files now loaded: 0)
Unloading 6724 unused Assets / (6.3 MB). Loaded Objects now: 7566.
Memory consumption went from 164.5 MB to 158.2 MB.
Total: 8.347800 ms (FindLiveObjects: 0.577400 ms CreateObjectMapping: 0.510700 ms MarkObjects: 4.214100 ms  DeleteObjects: 3.044700 ms)

Prepare: number of updated asset objects reloaded= 0
========================================================================
Received Prepare
Begin MonoManager ReloadAssembly
- Loaded All Assemblies, in  0.650 seconds
Refreshing native plugins compatible for Editor in 1.40 ms, found 4 plugins.
Native extension for WindowsStandalone target not found
[Package Manager] Failed to launch server process. Reason: Unity was launched with the -noUpm command-line argument
[Package Manager] Unable to send message (not connected to server process).
[Package Manager] Cannot connect to Unity Package Manager local server
Mono: successfully reloaded assembly
- Finished resetting the current domain, in  0.675 seconds
Domain Reload Profiling: 1329ms
	BeginReloadAssembly (191ms)
		ExecutionOrderSort (0ms)
		DisableScriptedObjects (15ms)
		BackupInstance (0ms)
		ReleaseScriptingObjects (0ms)
		CreateAndSetChildDomain (37ms)
	RebuildCommonClasses (35ms)
	RebuildNativeTypeToScriptingClass (12ms)
	initialDomainReloadingComplete (25ms)
	LoadAllAssembliesAndSetupDomain (390ms)
		LoadAssemblies (289ms)
		RebuildTransferFunctionScriptingTraits (0ms)
		AnalyzeDomain (193ms)
			TypeCache.Refresh (10ms)
				TypeCache.ScanAssembly (0ms)
			BuildScriptInfoCaches (165ms)
			ResolveRequiredComponents (11ms)
	FinalizeReload (675ms)
		ReleaseScriptCaches (0ms)
		RebuildScriptCaches (0ms)
		SetupLoadedEditorAssemblies (533ms)
			LogAssemblyErrors (0ms)
			InitializePlatformSupportModulesInManaged (2ms)
			SetLoadedEditorAssemblies (5ms)
			BeforeProcessingInitializeOnLoad (113ms)
			ProcessInitializeOnLoadAttributes (354ms)
			ProcessInitializeOnLoadMethodAttributes (56ms)
			AfterProcessingInitializeOnLoad (2ms)
			EditorAssembliesLoaded (0ms)
		ExecutionOrderSort2 (0ms)
		AwakeInstancesAfterBackupRestoration (13ms)
Refreshing native plugins compatible for Editor in 1.15 ms, found 4 plugins.
Preloading 0 native plugins for Editor in 0.00 ms.
Unloading 30 Unused Serialized files (Serialized files now loaded: 0)
Unloading 6724 unused Assets / (6.1 MB). Loaded Objects now: 7568.
Memory consumption went from 164.5 MB to 158.4 MB.
Total: 8.104100 ms (FindLiveObjects: 0.603400 ms CreateObjectMapping: 0.503800 ms MarkObjects: 4.234000 ms  DeleteObjects: 2.761600 ms)

Prepare: number of updated asset objects reloaded= 0
========================================================================
Received Prepare
Begin MonoManager ReloadAssembly
- Loaded All Assemblies, in  0.628 seconds
Refreshing native plugins compatible for Editor in 0.95 ms, found 4 plugins.
Native extension for WindowsStandalone target not found
[Package Manager] Failed to launch server process. Reason: Unity was launched with the -noUpm command-line argument
[Package Manager] Unable to send message (not connected to server process).
[Package Manager] Cannot connect to Unity Package Manager local server
Mono: successfully reloaded assembly
- Finished resetting the current domain, in  0.681 seconds
Domain Reload Profiling: 1314ms
	BeginReloadAssembly (182ms)
		ExecutionOrderSort (0ms)
		DisableScriptedObjects (12ms)
		BackupInstance (0ms)
		ReleaseScriptingObjects (0ms)
		CreateAndSetChildDomain (37ms)
	RebuildCommonClasses (35ms)
	RebuildNativeTypeToScriptingClass (12ms)
	initialDomainReloadingComplete (25ms)
	LoadAllAssembliesAndSetupDomain (379ms)
		LoadAssemblies (284ms)
		RebuildTransferFunctionScriptingTraits (0ms)
		AnalyzeDomain (180ms)
			TypeCache.Refresh (6ms)
				TypeCache.ScanAssembly (0ms)
			BuildScriptInfoCaches (157ms)
			ResolveRequiredComponents (10ms)
	FinalizeReload (682ms)
		ReleaseScriptCaches (0ms)
		RebuildScriptCaches (0ms)
		SetupLoadedEditorAssemblies (537ms)
			LogAssemblyErrors (0ms)
			InitializePlatformSupportModulesInManaged (2ms)
			SetLoadedEditorAssemblies (5ms)
			BeforeProcessingInitializeOnLoad (124ms)
			ProcessInitializeOnLoadAttributes (342ms)
			ProcessInitializeOnLoadMethodAttributes (61ms)
			AfterProcessingInitializeOnLoad (2ms)
			EditorAssembliesLoaded (0ms)
		ExecutionOrderSort2 (0ms)
		AwakeInstancesAfterBackupRestoration (13ms)
Refreshing native plugins compatible for Editor in 1.12 ms, found 4 plugins.
Preloading 0 native plugins for Editor in 0.00 ms.
Unloading 30 Unused Serialized files (Serialized files now loaded: 0)
Unloading 6724 unused Assets / (6.4 MB). Loaded Objects now: 7570.
Memory consumption went from 164.5 MB to 158.1 MB.
Total: 8.932300 ms (FindLiveObjects: 0.616500 ms CreateObjectMapping: 0.603200 ms MarkObjects: 4.661700 ms  DeleteObjects: 3.049300 ms)

Prepare: number of updated asset objects reloaded= 0
========================================================================
Received Prepare
Begin MonoManager ReloadAssembly
- Loaded All Assemblies, in  0.655 seconds
Refreshing native plugins compatible for Editor in 0.99 ms, found 4 plugins.
Native extension for WindowsStandalone target not found
[Package Manager] Failed to launch server process. Reason: Unity was launched with the -noUpm command-line argument
[Package Manager] Unable to send message (not connected to server process).
[Package Manager] Cannot connect to Unity Package Manager local server
Mono: successfully reloaded assembly
- Finished resetting the current domain, in  0.686 seconds
Domain Reload Profiling: 1345ms
	BeginReloadAssembly (191ms)
		ExecutionOrderSort (0ms)
		DisableScriptedObjects (16ms)
		BackupInstance (0ms)
		ReleaseScriptingObjects (0ms)
		CreateAndSetChildDomain (39ms)
	RebuildCommonClasses (36ms)
	RebuildNativeTypeToScriptingClass (12ms)
	initialDomainReloadingComplete (25ms)
	LoadAllAssembliesAndSetupDomain (396ms)
		LoadAssemblies (294ms)
		RebuildTransferFunctionScriptingTraits (0ms)
		AnalyzeDomain (189ms)
			TypeCache.Refresh (8ms)
				TypeCache.ScanAssembly (0ms)
			BuildScriptInfoCaches (164ms)
			ResolveRequiredComponents (11ms)
	FinalizeReload (686ms)
		ReleaseScriptCaches (0ms)
		RebuildScriptCaches (0ms)
		SetupLoadedEditorAssemblies (539ms)
			LogAssemblyErrors (0ms)
			InitializePlatformSupportModulesInManaged (2ms)
			SetLoadedEditorAssemblies (5ms)
			BeforeProcessingInitializeOnLoad (117ms)
			ProcessInitializeOnLoadAttributes (354ms)
			ProcessInitializeOnLoadMethodAttributes (58ms)
			AfterProcessingInitializeOnLoad (2ms)
			EditorAssembliesLoaded (0ms)
		ExecutionOrderSort2 (0ms)
		AwakeInstancesAfterBackupRestoration (14ms)
Refreshing native plugins compatible for Editor in 1.18 ms, found 4 plugins.
Preloading 0 native plugins for Editor in 0.00 ms.
Unloading 30 Unused Serialized files (Serialized files now loaded: 0)
Unloading 6724 unused Assets / (6.3 MB). Loaded Objects now: 7572.
Memory consumption went from 164.6 MB to 158.3 MB.
Total: 8.685800 ms (FindLiveObjects: 0.590700 ms CreateObjectMapping: 0.522700 ms MarkObjects: 4.463100 ms  DeleteObjects: 3.108400 ms)

Prepare: number of updated asset objects reloaded= 0
========================================================================
Received Prepare
Refreshing native plugins compatible for Editor in 1.31 ms, found 4 plugins.
Preloading 0 native plugins for Editor in 0.00 ms.
Unloading 30 Unused Serialized files (Serialized files now loaded: 0)
Unloading 6713 unused Assets / (6.4 MB). Loaded Objects now: 7572.
Memory consumption went from 164.7 MB to 158.4 MB.
Total: 8.385000 ms (FindLiveObjects: 0.575600 ms CreateObjectMapping: 0.546700 ms MarkObjects: 4.310600 ms  DeleteObjects: 2.950700 ms)

Prepare: number of updated asset objects reloaded= 0
========================================================================
Received Prepare
Begin MonoManager ReloadAssembly
- Loaded All Assemblies, in  0.657 seconds
Refreshing native plugins compatible for Editor in 0.95 ms, found 4 plugins.
Native extension for WindowsStandalone target not found
[Package Manager] Failed to launch server process. Reason: Unity was launched with the -noUpm command-line argument
[Package Manager] Unable to send message (not connected to server process).
[Package Manager] Cannot connect to Unity Package Manager local server
Mono: successfully reloaded assembly
- Finished resetting the current domain, in  0.658 seconds
Domain Reload Profiling: 1319ms
	BeginReloadAssembly (176ms)
		ExecutionOrderSort (0ms)
		DisableScriptedObjects (12ms)
		BackupInstance (0ms)
		ReleaseScriptingObjects (0ms)
		CreateAndSetChildDomain (36ms)
	RebuildCommonClasses (33ms)
	RebuildNativeTypeToScriptingClass (11ms)
	initialDomainReloadingComplete (23ms)
	LoadAllAssembliesAndSetupDomain (416ms)
		LoadAssemblies (300ms)
		RebuildTransferFunctionScriptingTraits (0ms)
		AnalyzeDomain (196ms)
			TypeCache.Refresh (12ms)
				TypeCache.ScanAssembly (1ms)
			BuildScriptInfoCaches (171ms)
			ResolveRequiredComponents (9ms)
	FinalizeReload (659ms)
		ReleaseScriptCaches (0ms)
		RebuildScriptCaches (0ms)
		SetupLoadedEditorAssemblies (518ms)
			LogAssemblyErrors (0ms)
			InitializePlatformSupportModulesInManaged (2ms)
			SetLoadedEditorAssemblies (4ms)
			BeforeProcessingInitializeOnLoad (117ms)
			ProcessInitializeOnLoadAttributes (340ms)
			ProcessInitializeOnLoadMethodAttributes (53ms)
			AfterProcessingInitializeOnLoad (2ms)
			EditorAssembliesLoaded (0ms)
		ExecutionOrderSort2 (0ms)
		AwakeInstancesAfterBackupRestoration (14ms)
Refreshing native plugins compatible for Editor in 1.39 ms, found 4 plugins.
Preloading 0 native plugins for Editor in 0.00 ms.
Unloading 30 Unused Serialized files (Serialized files now loaded: 0)
Unloading 6724 unused Assets / (6.6 MB). Loaded Objects now: 7574.
Memory consumption went from 164.6 MB to 157.9 MB.
Total: 9.956500 ms (FindLiveObjects: 0.621000 ms CreateObjectMapping: 0.536700 ms MarkObjects: 5.146000 ms  DeleteObjects: 3.651000 ms)

Prepare: number of updated asset objects reloaded= 0
========================================================================
Received Prepare
Begin MonoManager ReloadAssembly
- Loaded All Assemblies, in  0.637 seconds
Refreshing native plugins compatible for Editor in 1.38 ms, found 4 plugins.
Native extension for WindowsStandalone target not found
[Package Manager] Failed to launch server process. Reason: Unity was launched with the -noUpm command-line argument
[Package Manager] Unable to send message (not connected to server process).
[Package Manager] Cannot connect to Unity Package Manager local server
Mono: successfully reloaded assembly
- Finished resetting the current domain, in  0.662 seconds
Domain Reload Profiling: 1303ms
	BeginReloadAssembly (188ms)
		ExecutionOrderSort (0ms)
		DisableScriptedObjects (13ms)
		BackupInstance (0ms)
		ReleaseScriptingObjects (0ms)
		CreateAndSetChildDomain (39ms)
	RebuildCommonClasses (32ms)
	RebuildNativeTypeToScriptingClass (11ms)
	initialDomainReloadingComplete (24ms)
	LoadAllAssembliesAndSetupDomain (387ms)
		LoadAssemblies (284ms)
		RebuildTransferFunctionScriptingTraits (0ms)
		AnalyzeDomain (187ms)
			TypeCache.Refresh (7ms)
				TypeCache.ScanAssembly (0ms)
			BuildScriptInfoCaches (164ms)
			ResolveRequiredComponents (10ms)
	FinalizeReload (663ms)
		ReleaseScriptCaches (0ms)
		RebuildScriptCaches (0ms)
		SetupLoadedEditorAssemblies (529ms)
			LogAssemblyErrors (0ms)
			InitializePlatformSupportModulesInManaged (2ms)
			SetLoadedEditorAssemblies (4ms)
			BeforeProcessingInitializeOnLoad (114ms)
			ProcessInitializeOnLoadAttributes (348ms)
			ProcessInitializeOnLoadMethodAttributes (58ms)
			AfterProcessingInitializeOnLoad (2ms)
			EditorAssembliesLoaded (0ms)
		ExecutionOrderSort2 (0ms)
		AwakeInstancesAfterBackupRestoration (12ms)
Refreshing native plugins compatible for Editor in 1.18 ms, found 4 plugins.
Preloading 0 native plugins for Editor in 0.00 ms.
Unloading 30 Unused Serialized files (Serialized files now loaded: 0)
Unloading 6724 unused Assets / (6.5 MB). Loaded Objects now: 7576.
Memory consumption went from 164.7 MB to 158.1 MB.
Total: 8.272300 ms (FindLiveObjects: 0.605200 ms CreateObjectMapping: 0.596600 ms MarkObjects: 4.312700 ms  DeleteObjects: 2.756800 ms)

Prepare: number of updated asset objects reloaded= 0
========================================================================
Received Prepare
Begin MonoManager ReloadAssembly
- Loaded All Assemblies, in  0.655 seconds
Refreshing native plugins compatible for Editor in 0.86 ms, found 4 plugins.
Native extension for WindowsStandalone target not found
[Package Manager] Failed to launch server process. Reason: Unity was launched with the -noUpm command-line argument
[Package Manager] Unable to send message (not connected to server process).
[Package Manager] Cannot connect to Unity Package Manager local server
Mono: successfully reloaded assembly
- Finished resetting the current domain, in  0.692 seconds
Domain Reload Profiling: 1351ms
	BeginReloadAssembly (190ms)
		ExecutionOrderSort (0ms)
		DisableScriptedObjects (12ms)
		BackupInstance (0ms)
		ReleaseScriptingObjects (0ms)
		CreateAndSetChildDomain (38ms)
	RebuildCommonClasses (35ms)
	RebuildNativeTypeToScriptingClass (14ms)
	initialDomainReloadingComplete (27ms)
	LoadAllAssembliesAndSetupDomain (393ms)
		LoadAssemblies (288ms)
		RebuildTransferFunctionScriptingTraits (0ms)
		AnalyzeDomain (194ms)
			TypeCache.Refresh (10ms)
				TypeCache.ScanAssembly (1ms)
			BuildScriptInfoCaches (168ms)
			ResolveRequiredComponents (10ms)
	FinalizeReload (693ms)
		ReleaseScriptCaches (0ms)
		RebuildScriptCaches (0ms)
		SetupLoadedEditorAssemblies (554ms)
			LogAssemblyErrors (0ms)
			InitializePlatformSupportModulesInManaged (2ms)
			SetLoadedEditorAssemblies (5ms)
			BeforeProcessingInitializeOnLoad (123ms)
			ProcessInitializeOnLoadAttributes (359ms)
			ProcessInitializeOnLoadMethodAttributes (61ms)
			AfterProcessingInitializeOnLoad (3ms)
			EditorAssembliesLoaded (0ms)
		ExecutionOrderSort2 (0ms)
		AwakeInstancesAfterBackupRestoration (13ms)
Refreshing native plugins compatible for Editor in 0.95 ms, found 4 plugins.
Preloading 0 native plugins for Editor in 0.00 ms.
Unloading 30 Unused Serialized files (Serialized files now loaded: 0)
Unloading 6724 unused Assets / (6.5 MB). Loaded Objects now: 7578.
Memory consumption went from 164.7 MB to 158.2 MB.
Total: 8.048400 ms (FindLiveObjects: 0.555200 ms CreateObjectMapping: 0.516400 ms MarkObjects: 4.066500 ms  DeleteObjects: 2.909200 ms)

Prepare: number of updated asset objects reloaded= 0
========================================================================
Received Prepare
Begin MonoManager ReloadAssembly
- Loaded All Assemblies, in  0.626 seconds
Refreshing native plugins compatible for Editor in 1.26 ms, found 4 plugins.
Native extension for WindowsStandalone target not found
[Package Manager] Failed to launch server process. Reason: Unity was launched with the -noUpm command-line argument
[Package Manager] Unable to send message (not connected to server process).
[Package Manager] Cannot connect to Unity Package Manager local server
Mono: successfully reloaded assembly
- Finished resetting the current domain, in  0.663 seconds
Domain Reload Profiling: 1292ms
	BeginReloadAssembly (175ms)
		ExecutionOrderSort (0ms)
		DisableScriptedObjects (12ms)
		BackupInstance (0ms)
		ReleaseScriptingObjects (0ms)
		CreateAndSetChildDomain (38ms)
	RebuildCommonClasses (34ms)
	RebuildNativeTypeToScriptingClass (11ms)
	initialDomainReloadingComplete (23ms)
	LoadAllAssembliesAndSetupDomain (386ms)
		LoadAssemblies (278ms)
		RebuildTransferFunctionScriptingTraits (0ms)
		AnalyzeDomain (185ms)
			TypeCache.Refresh (7ms)
				TypeCache.ScanAssembly (0ms)
			BuildScriptInfoCaches (162ms)
			ResolveRequiredComponents (10ms)
	FinalizeReload (663ms)
		ReleaseScriptCaches (0ms)
		RebuildScriptCaches (0ms)
		SetupLoadedEditorAssemblies (518ms)
			LogAssemblyErrors (0ms)
			InitializePlatformSupportModulesInManaged (2ms)
			SetLoadedEditorAssemblies (6ms)
			BeforeProcessingInitializeOnLoad (108ms)
			ProcessInitializeOnLoadAttributes (344ms)
			ProcessInitializeOnLoadMethodAttributes (56ms)
			AfterProcessingInitializeOnLoad (2ms)
			EditorAssembliesLoaded (0ms)
		ExecutionOrderSort2 (0ms)
		AwakeInstancesAfterBackupRestoration (14ms)
Refreshing native plugins compatible for Editor in 0.99 ms, found 4 plugins.
Preloading 0 native plugins for Editor in 0.00 ms.
Unloading 30 Unused Serialized files (Serialized files now loaded: 0)
Unloading 6724 unused Assets / (6.4 MB). Loaded Objects now: 7580.
Memory consumption went from 164.7 MB to 158.3 MB.
Total: 8.314200 ms (FindLiveObjects: 0.579300 ms CreateObjectMapping: 0.492800 ms MarkObjects: 4.291400 ms  DeleteObjects: 2.949900 ms)

Prepare: number of updated asset objects reloaded= 0
========================================================================
Received Prepare
Begin MonoManager ReloadAssembly
- Loaded All Assemblies, in  0.651 seconds
Refreshing native plugins compatible for Editor in 0.80 ms, found 4 plugins.
Native extension for WindowsStandalone target not found
[Package Manager] Failed to launch server process. Reason: Unity was launched with the -noUpm command-line argument
[Package Manager] Unable to send message (not connected to server process).
[Package Manager] Cannot connect to Unity Package Manager local server
Mono: successfully reloaded assembly
- Finished resetting the current domain, in  0.674 seconds
Domain Reload Profiling: 1329ms
	BeginReloadAssembly (193ms)
		ExecutionOrderSort (0ms)
		DisableScriptedObjects (15ms)
		BackupInstance (0ms)
		ReleaseScriptingObjects (0ms)
		CreateAndSetChildDomain (40ms)
	RebuildCommonClasses (34ms)
	RebuildNativeTypeToScriptingClass (12ms)
	initialDomainReloadingComplete (26ms)
	LoadAllAssembliesAndSetupDomain (390ms)
		LoadAssemblies (282ms)
		RebuildTransferFunctionScriptingTraits (0ms)
		AnalyzeDomain (195ms)
			TypeCache.Refresh (10ms)
				TypeCache.ScanAssembly (0ms)
			BuildScriptInfoCaches (169ms)
			ResolveRequiredComponents (11ms)
	FinalizeReload (675ms)
		ReleaseScriptCaches (0ms)
		RebuildScriptCaches (0ms)
		SetupLoadedEditorAssemblies (537ms)
			LogAssemblyErrors (0ms)
			InitializePlatformSupportModulesInManaged (2ms)
			SetLoadedEditorAssemblies (5ms)
			BeforeProcessingInitializeOnLoad (119ms)
			ProcessInitializeOnLoadAttributes (350ms)
			ProcessInitializeOnLoadMethodAttributes (58ms)
			AfterProcessingInitializeOnLoad (2ms)
			EditorAssembliesLoaded (0ms)
		ExecutionOrderSort2 (0ms)
		AwakeInstancesAfterBackupRestoration (13ms)
Refreshing native plugins compatible for Editor in 1.05 ms, found 4 plugins.
Preloading 0 native plugins for Editor in 0.00 ms.
Unloading 30 Unused Serialized files (Serialized files now loaded: 0)
Unloading 6724 unused Assets / (6.2 MB). Loaded Objects now: 7582.
Memory consumption went from 164.8 MB to 158.5 MB.
Total: 8.005800 ms (FindLiveObjects: 0.554100 ms CreateObjectMapping: 0.512500 ms MarkObjects: 3.923800 ms  DeleteObjects: 3.014400 ms)

Prepare: number of updated asset objects reloaded= 0
========================================================================
Received Prepare
Begin MonoManager ReloadAssembly
- Loaded All Assemblies, in  0.621 seconds
Refreshing native plugins compatible for Editor in 0.86 ms, found 4 plugins.
Native extension for WindowsStandalone target not found
[Package Manager] Failed to launch server process. Reason: Unity was launched with the -noUpm command-line argument
[Package Manager] Unable to send message (not connected to server process).
[Package Manager] Cannot connect to Unity Package Manager local server
Mono: successfully reloaded assembly
- Finished resetting the current domain, in  0.667 seconds
Domain Reload Profiling: 1292ms
	BeginReloadAssembly (178ms)
		ExecutionOrderSort (0ms)
		DisableScriptedObjects (13ms)
		BackupInstance (0ms)
		ReleaseScriptingObjects (0ms)
		CreateAndSetChildDomain (37ms)
	RebuildCommonClasses (34ms)
	RebuildNativeTypeToScriptingClass (13ms)
	initialDomainReloadingComplete (24ms)
	LoadAllAssembliesAndSetupDomain (376ms)
		LoadAssemblies (272ms)
		RebuildTransferFunctionScriptingTraits (0ms)
		AnalyzeDomain (184ms)
			TypeCache.Refresh (6ms)
				TypeCache.ScanAssembly (0ms)
			BuildScriptInfoCaches (161ms)
			ResolveRequiredComponents (11ms)
	FinalizeReload (668ms)
		ReleaseScriptCaches (0ms)
		RebuildScriptCaches (0ms)
		SetupLoadedEditorAssemblies (525ms)
			LogAssemblyErrors (0ms)
			InitializePlatformSupportModulesInManaged (2ms)
			SetLoadedEditorAssemblies (5ms)
			BeforeProcessingInitializeOnLoad (109ms)
			ProcessInitializeOnLoadAttributes (345ms)
			ProcessInitializeOnLoadMethodAttributes (61ms)
			AfterProcessingInitializeOnLoad (3ms)
			EditorAssembliesLoaded (0ms)
		ExecutionOrderSort2 (0ms)
		AwakeInstancesAfterBackupRestoration (13ms)
Refreshing native plugins compatible for Editor in 1.01 ms, found 4 plugins.
Preloading 0 native plugins for Editor in 0.00 ms.
Unloading 30 Unused Serialized files (Serialized files now loaded: 0)
Unloading 6724 unused Assets / (6.1 MB). Loaded Objects now: 7584.
Memory consumption went from 164.7 MB to 158.6 MB.
Total: 8.050000 ms (FindLiveObjects: 0.599300 ms CreateObjectMapping: 0.553000 ms MarkObjects: 4.093400 ms  DeleteObjects: 2.803200 ms)

Prepare: number of updated asset objects reloaded= 0
========================================================================
Received Prepare
Begin MonoManager ReloadAssembly
- Loaded All Assemblies, in  0.631 seconds
Refreshing native plugins compatible for Editor in 0.96 ms, found 4 plugins.
Native extension for WindowsStandalone target not found
[Package Manager] Failed to launch server process. Reason: Unity was launched with the -noUpm command-line argument
[Package Manager] Unable to send message (not connected to server process).
[Package Manager] Cannot connect to Unity Package Manager local server
Mono: successfully reloaded assembly
- Finished resetting the current domain, in  0.668 seconds
Domain Reload Profiling: 1303ms
	BeginReloadAssembly (180ms)
		ExecutionOrderSort (0ms)
		DisableScriptedObjects (13ms)
		BackupInstance (0ms)
		ReleaseScriptingObjects (0ms)
		CreateAndSetChildDomain (37ms)
	RebuildCommonClasses (30ms)
	RebuildNativeTypeToScriptingClass (11ms)
	initialDomainReloadingComplete (24ms)
	LoadAllAssembliesAndSetupDomain (390ms)
		LoadAssemblies (289ms)
		RebuildTransferFunctionScriptingTraits (0ms)
		AnalyzeDomain (182ms)
			TypeCache.Refresh (7ms)
				TypeCache.ScanAssembly (0ms)
			BuildScriptInfoCaches (160ms)
			ResolveRequiredComponents (10ms)
	FinalizeReload (668ms)
		ReleaseScriptCaches (0ms)
		RebuildScriptCaches (0ms)
		SetupLoadedEditorAssemblies (525ms)
			LogAssemblyErrors (0ms)
			InitializePlatformSupportModulesInManaged (2ms)
			SetLoadedEditorAssemblies (6ms)
			BeforeProcessingInitializeOnLoad (117ms)
			ProcessInitializeOnLoadAttributes (339ms)
			ProcessInitializeOnLoadMethodAttributes (59ms)
			AfterProcessingInitializeOnLoad (2ms)
			EditorAssembliesLoaded (0ms)
		ExecutionOrderSort2 (0ms)
		AwakeInstancesAfterBackupRestoration (12ms)
Refreshing native plugins compatible for Editor in 1.06 ms, found 4 plugins.
Preloading 0 native plugins for Editor in 0.00 ms.
Unloading 30 Unused Serialized files (Serialized files now loaded: 0)
Unloading 6724 unused Assets / (6.6 MB). Loaded Objects now: 7586.
Memory consumption went from 164.8 MB to 158.3 MB.
Total: 8.353400 ms (FindLiveObjects: 0.614600 ms CreateObjectMapping: 0.537400 ms MarkObjects: 4.111500 ms  DeleteObjects: 3.088900 ms)

Prepare: number of updated asset objects reloaded= 0
========================================================================
Received Prepare
Begin MonoManager ReloadAssembly
- Loaded All Assemblies, in  0.652 seconds
Refreshing native plugins compatible for Editor in 1.14 ms, found 4 plugins.
Native extension for WindowsStandalone target not found
[Package Manager] Failed to launch server process. Reason: Unity was launched with the -noUpm command-line argument
[Package Manager] Unable to send message (not connected to server process).
[Package Manager] Cannot connect to Unity Package Manager local server
Mono: successfully reloaded assembly
- Finished resetting the current domain, in  0.687 seconds
Domain Reload Profiling: 1342ms
	BeginReloadAssembly (186ms)
		ExecutionOrderSort (0ms)
		DisableScriptedObjects (14ms)
		BackupInstance (0ms)
		ReleaseScriptingObjects (0ms)
		CreateAndSetChildDomain (38ms)
	RebuildCommonClasses (34ms)
	RebuildNativeTypeToScriptingClass (12ms)
	initialDomainReloadingComplete (26ms)
	LoadAllAssembliesAndSetupDomain (397ms)
		LoadAssemblies (292ms)
		RebuildTransferFunctionScriptingTraits (0ms)
		AnalyzeDomain (190ms)
			TypeCache.Refresh (7ms)
				TypeCache.ScanAssembly (0ms)
			BuildScriptInfoCaches (168ms)
			ResolveRequiredComponents (10ms)
	FinalizeReload (687ms)
		ReleaseScriptCaches (0ms)
		RebuildScriptCaches (0ms)
		SetupLoadedEditorAssemblies (545ms)
			LogAssemblyErrors (0ms)
			InitializePlatformSupportModulesInManaged (2ms)
			SetLoadedEditorAssemblies (5ms)
			BeforeProcessingInitializeOnLoad (119ms)
			ProcessInitializeOnLoadAttributes (360ms)
			ProcessInitializeOnLoadMethodAttributes (56ms)
			AfterProcessingInitializeOnLoad (2ms)
			EditorAssembliesLoaded (0ms)
		ExecutionOrderSort2 (0ms)
		AwakeInstancesAfterBackupRestoration (12ms)
Refreshing native plugins compatible for Editor in 1.18 ms, found 4 plugins.
Preloading 0 native plugins for Editor in 0.00 ms.
Unloading 30 Unused Serialized files (Serialized files now loaded: 0)
Unloading 6724 unused Assets / (6.4 MB). Loaded Objects now: 7588.
Memory consumption went from 164.9 MB to 158.4 MB.
Total: 8.829000 ms (FindLiveObjects: 0.617100 ms CreateObjectMapping: 0.524800 ms MarkObjects: 4.572800 ms  DeleteObjects: 3.112500 ms)

Prepare: number of updated asset objects reloaded= 0
========================================================================
Received Prepare
Begin MonoManager ReloadAssembly
- Loaded All Assemblies, in  0.661 seconds
Refreshing native plugins compatible for Editor in 1.95 ms, found 4 plugins.
Native extension for WindowsStandalone target not found
[Package Manager] Failed to launch server process. Reason: Unity was launched with the -noUpm command-line argument
[Package Manager] Unable to send message (not connected to server process).
[Package Manager] Cannot connect to Unity Package Manager local server
Mono: successfully reloaded assembly
- Finished resetting the current domain, in  0.686 seconds
Domain Reload Profiling: 1350ms
	BeginReloadAssembly (192ms)
		ExecutionOrderSort (0ms)
		DisableScriptedObjects (13ms)
		BackupInstance (0ms)
		ReleaseScriptingObjects (0ms)
		CreateAndSetChildDomain (41ms)
	RebuildCommonClasses (32ms)
	RebuildNativeTypeToScriptingClass (14ms)
	initialDomainReloadingComplete (27ms)
	LoadAllAssembliesAndSetupDomain (399ms)
		LoadAssemblies (292ms)
		RebuildTransferFunctionScriptingTraits (0ms)
		AnalyzeDomain (193ms)
			TypeCache.Refresh (7ms)
				TypeCache.ScanAssembly (0ms)
			BuildScriptInfoCaches (170ms)
			ResolveRequiredComponents (10ms)
	FinalizeReload (687ms)
		ReleaseScriptCaches (0ms)
		RebuildScriptCaches (0ms)
		SetupLoadedEditorAssemblies (545ms)
			LogAssemblyErrors (0ms)
			InitializePlatformSupportModulesInManaged (3ms)
			SetLoadedEditorAssemblies (5ms)
			BeforeProcessingInitializeOnLoad (122ms)
			ProcessInitializeOnLoadAttributes (355ms)
			ProcessInitializeOnLoadMethodAttributes (58ms)
			AfterProcessingInitializeOnLoad (2ms)
			EditorAssembliesLoaded (0ms)
		ExecutionOrderSort2 (0ms)
		AwakeInstancesAfterBackupRestoration (12ms)
Refreshing native plugins compatible for Editor in 1.30 ms, found 4 plugins.
Preloading 0 native plugins for Editor in 0.00 ms.
Unloading 30 Unused Serialized files (Serialized files now loaded: 0)
Unloading 6724 unused Assets / (6.4 MB). Loaded Objects now: 7590.
Memory consumption went from 164.9 MB to 158.5 MB.
Total: 9.476900 ms (FindLiveObjects: 0.634700 ms CreateObjectMapping: 0.621500 ms MarkObjects: 4.839800 ms  DeleteObjects: 3.379600 ms)

Prepare: number of updated asset objects reloaded= 0
========================================================================
Received Prepare
Begin MonoManager ReloadAssembly
- Loaded All Assemblies, in  0.650 seconds
Refreshing native plugins compatible for Editor in 1.16 ms, found 4 plugins.
Native extension for WindowsStandalone target not found
[Package Manager] Failed to launch server process. Reason: Unity was launched with the -noUpm command-line argument
[Package Manager] Unable to send message (not connected to server process).
[Package Manager] Cannot connect to Unity Package Manager local server
Mono: successfully reloaded assembly
- Finished resetting the current domain, in  0.703 seconds
Domain Reload Profiling: 1356ms
	BeginReloadAssembly (190ms)
		ExecutionOrderSort (0ms)
		DisableScriptedObjects (14ms)
		BackupInstance (0ms)
		ReleaseScriptingObjects (0ms)
		CreateAndSetChildDomain (41ms)
	RebuildCommonClasses (35ms)
	RebuildNativeTypeToScriptingClass (12ms)
	initialDomainReloadingComplete (26ms)
	LoadAllAssembliesAndSetupDomain (390ms)
		LoadAssemblies (291ms)
		RebuildTransferFunctionScriptingTraits (0ms)
		AnalyzeDomain (184ms)
			TypeCache.Refresh (9ms)
				TypeCache.ScanAssembly (0ms)
			BuildScriptInfoCaches (160ms)
			ResolveRequiredComponents (10ms)
	FinalizeReload (703ms)
		ReleaseScriptCaches (0ms)
		RebuildScriptCaches (0ms)
		SetupLoadedEditorAssemblies (556ms)
			LogAssemblyErrors (0ms)
			InitializePlatformSupportModulesInManaged (2ms)
			SetLoadedEditorAssemblies (5ms)
			BeforeProcessingInitializeOnLoad (121ms)
			ProcessInitializeOnLoadAttributes (369ms)
			ProcessInitializeOnLoadMethodAttributes (56ms)
			AfterProcessingInitializeOnLoad (2ms)
			EditorAssembliesLoaded (0ms)
		ExecutionOrderSort2 (0ms)
		AwakeInstancesAfterBackupRestoration (12ms)
Refreshing native plugins compatible for Editor in 1.23 ms, found 4 plugins.
Preloading 0 native plugins for Editor in 0.00 ms.
Unloading 30 Unused Serialized files (Serialized files now loaded: 0)
Unloading 6724 unused Assets / (6.5 MB). Loaded Objects now: 7592.
Memory consumption went from 164.9 MB to 158.4 MB.
Total: 9.047000 ms (FindLiveObjects: 0.604000 ms CreateObjectMapping: 0.574900 ms MarkObjects: 4.672700 ms  DeleteObjects: 3.193900 ms)

Prepare: number of updated asset objects reloaded= 0
========================================================================
Received Prepare
Begin MonoManager ReloadAssembly
- Loaded All Assemblies, in  0.631 seconds
Refreshing native plugins compatible for Editor in 0.84 ms, found 4 plugins.
Native extension for WindowsStandalone target not found
[Package Manager] Failed to launch server process. Reason: Unity was launched with the -noUpm command-line argument
[Package Manager] Unable to send message (not connected to server process).
[Package Manager] Cannot connect to Unity Package Manager local server
Mono: successfully reloaded assembly
- Finished resetting the current domain, in  0.663 seconds
Domain Reload Profiling: 1298ms
	BeginReloadAssembly (189ms)
		ExecutionOrderSort (0ms)
		DisableScriptedObjects (13ms)
		BackupInstance (0ms)
		ReleaseScriptingObjects (0ms)
		CreateAndSetChildDomain (39ms)
	RebuildCommonClasses (29ms)
	RebuildNativeTypeToScriptingClass (11ms)
	initialDomainReloadingComplete (24ms)
	LoadAllAssembliesAndSetupDomain (383ms)
		LoadAssemblies (286ms)
		RebuildTransferFunctionScriptingTraits (0ms)
		AnalyzeDomain (184ms)
			TypeCache.Refresh (8ms)
				TypeCache.ScanAssembly (0ms)
			BuildScriptInfoCaches (160ms)
			ResolveRequiredComponents (10ms)
	FinalizeReload (664ms)
		ReleaseScriptCaches (0ms)
		RebuildScriptCaches (0ms)
		SetupLoadedEditorAssemblies (523ms)
			LogAssemblyErrors (0ms)
			InitializePlatformSupportModulesInManaged (2ms)
			SetLoadedEditorAssemblies (5ms)
			BeforeProcessingInitializeOnLoad (118ms)
			ProcessInitializeOnLoadAttributes (336ms)
			ProcessInitializeOnLoadMethodAttributes (59ms)
			AfterProcessingInitializeOnLoad (3ms)
			EditorAssembliesLoaded (0ms)
		ExecutionOrderSort2 (0ms)
		AwakeInstancesAfterBackupRestoration (13ms)
Refreshing native plugins compatible for Editor in 1.10 ms, found 4 plugins.
Preloading 0 native plugins for Editor in 0.00 ms.
Unloading 30 Unused Serialized files (Serialized files now loaded: 0)
Unloading 6724 unused Assets / (6.3 MB). Loaded Objects now: 7594.
Memory consumption went from 164.9 MB to 158.6 MB.
Total: 8.651200 ms (FindLiveObjects: 0.565900 ms CreateObjectMapping: 0.560800 ms MarkObjects: 4.192100 ms  DeleteObjects: 3.331300 ms)

Prepare: number of updated asset objects reloaded= 0
